Serie_Match_AssId;Datum;Klockslag;SerieId;SerieNamn;SerieKönId;ÅldersKatId;MatchId;MatchStatus;MatchUrl;HemmalagNamn;HemmalagLogoUrl;HemmalagAssId;BortalagNamn;BortalagLogoUrl;BortalagAssId;MatchResultat;ArenaNamn;ArenaKluster;ArenaKlusterAdress;SäkerMapping;LS_Lat;LS_Long;LS_admin;LS_sport
1;2026-10-01;14:00;135385;Ligacupen Elit Västra;2;4;6581917;4;/go-to/?fmid=6581917;GAIS;https://staticcdn.svenskfotboll.se/img/teamssm/9614.png;7;Örgryte IS Fotboll;https://staticcdn.svenskfotboll.se/img/teamssm/12910.png;7;4-0;Gaisgården 1 Gräs;Gaisgården;Gamla Boråsvägen 75, 412 76 Göteborg;Y;57.680427;12.029061;1;football
8;2026-10-01;17:15;136546;F12år Blå;3;2;6711708;5;/go-to/?fmid=6711708;Träslövsläge IF;https://staticcdn.svenskfotboll.se/img/teamssm/10045.png;8;Varbergs BoIS FC Grön;https://staticcdn.svenskfotboll.se/img/teamssm/7701.png;8;-1--1;Ankarvallen D;Ankarvallen;Ankarvägen 10, 432 74 Träslövsläge;Y;57.057553;12.290310;Halland;football
21;2026-10-01;17:15;137602;Flickor Div 6 Lidköping;3;2;6782601;5;/go-to/?fmid=6782601;Ardala GoIF;https://staticcdn.svenskfotboll.se/img/teamssm/11623.png;21;Falköpings KIK Vit;https://staticcdn.svenskfotboll.se/img/teamssm/8721.png;21;-1--1;Ardala IP;Ardala IP;Ardala, Skara kommun, Västra Götalands län, 532 74, Sverige;Y;58.362007;13.338056;Västergötland;football
8;2026-10-01;17:30;139134;F13år Röd B Höst;3;3;6896240;4;/go-to/?fmid=6896240;Alets IK;https://staticcdn.svenskfotboll.se/img/teamssm/9531.png;8;Vinbergs IF;https://staticcdn.svenskfotboll.se/img/teamssm/9913.png;8;2-2;Alevallen A;Alevallen;Alevallen, Järnvägsleden, Rotorp, Halmstad, Halmstads kommun, Hallands län, 302 39, Sverige;Y;56.667937;12.840292;Halland;football
7;2026-10-01;17:30;133833;Flickor 2017(9 år) Lerum+Partille+Öster Grupp A Höst;3;2;6830260;5;/go-to/?fmid=6830260;Lerums IS F2017 1;https://staticcdn.svenskfotboll.se/img/teamssm/10756.png;7;Bergums IF F16/17;https://staticcdn.svenskfotboll.se/img/teamssm/11584.png;7;-1--1;Aspevallen C-plan;Aspevallen;Strandvägen 7, 443 31 Lerum;Y;57.768427;12.253218;Göteborg;football
7;2026-10-01;17:30;133707;Pojkar 2017(9 år) Centrum+Härryda+Mölndal+Väster Grupp A Höst;2;2;6846888;5;/go-to/?fmid=6846888;Hovås Billdal IF Lag 2 Blå;https://staticcdn.svenskfotboll.se/img/teamssm/11109.png;7;Askims IK P2017 U9 Gul;https://staticcdn.svenskfotboll.se/img/teamssm/11617.png;7;-1--1;Billdalsvallen 3B;Billdalsvallen;Påls väg, 427 36 Göteborg;Y;57.588232;11.949791;Göteborg;football
21;2026-10-01;17:30;137553;Pojkar Div 11 Borås;2;2;6775546;5;/go-to/?fmid=6775546;Hemsjö IF Gul;https://staticcdn.svenskfotboll.se/img/teamssm/11154.png;21;Gerdskens BK Gul;https://staticcdn.svenskfotboll.se/img/teamssm/8712.png;21;-1--1;Byvallen B-plan;Byvallen;Byvallen, Hemsjö Prästväg, Skattegården, Hemsjö distrikt, Hemsjö, Alingsås kommun, Västra Götalands län, 441 96, Sverige;Y;57.850311;12.485953;Västergötland;football
7;2026-10-01;17:30;133833;Flickor 2017(9 år) Lerum+Partille+Öster Grupp A Höst;3;2;6830265;5;/go-to/?fmid=6830265;Floda BoIF Vit;https://staticcdn.svenskfotboll.se/img/teamssm/11366.png;7;Sävedalens IF F2017 Panter;https://staticcdn.svenskfotboll.se/img/teamssm/9545.png;7;-1--1;Flodala IP 4 FRAMTIDEN;Flodala IP;Skallsjö Prästväg 14, 448 31 Floda;Y;57.795503;12.346356;Göteborg;football
7;2026-10-01;17:30;133833;Flickor 2017(9 år) Lerum+Partille+Öster Grupp A Höst;3;2;6830266;5;/go-to/?fmid=6830266;Floda BoIF Svart;https://staticcdn.svenskfotboll.se/img/teamssm/11366.png;7;Sävedalens IF F2017 Tiger;https://staticcdn.svenskfotboll.se/img/teamssm/9545.png;7;-1--1;Flodala IP 4 FRAMTIDEN;Flodala IP;Skallsjö Prästväg 14, 448 31 Floda;Y;57.795503;12.346356;Göteborg;football
7;2026-10-01;17:30;133657;Pojkar 2015(11 år) Grupp C Höst;2;2;6845102;5;/go-to/?fmid=6845102;Björndammens BK 2015 lag blå;https://staticcdn.svenskfotboll.se/img/teamssm/9638.png;7;Lerums IS P15 lila 3;https://staticcdn.svenskfotboll.se/img/teamssm/10756.png;7;-1--1;Furulundsplan 12 Konstgräs;Furulundsplan;Furulundsplan, Timmervägen, 433 47 Partille;Y;57.727253;12.129716;Göteborg;football
7;2026-10-01;17:30;133833;Flickor 2017(9 år) Lerum+Partille+Öster Grupp A Höst;3;2;6830263;5;/go-to/?fmid=6830263;Lekstorps IF Grön;https://staticcdn.svenskfotboll.se/img/teamssm/10760.png;7;Lerums IS F2017 3;https://staticcdn.svenskfotboll.se/img/teamssm/10756.png;7;-1--1;LP Idrottsplats A - plan/ Halva A;LP - Idrottspark;LP Idrottspark, Sportvägen 7, 443 40 Gråbo;Y;57.841028;12.289142;Göteborg;football
28;2026-10-01;17:30;135704;BDFF F13-14 Grön Östra;3;3;6678358;4;/go-to/?fmid=6678358;Bengtsfors IF Flickor 11-13 år;https://staticcdn.svenskfotboll.se/img/teamssm/8494.png;28;Laxarby IF F 12-13;https://staticcdn.svenskfotboll.se/img/teamssm/8493.png;28;7-1;Långevi Konstgräsplan;Långevi;Långevi, Kinadalsvägen, Bäckenområdet, Bengtsfors, Bengtsfors kommun, Västra Götalands län, 666 32, Sverige;Y;59.020891;12.215672;Bohuslän-Dalsland;football
21;2026-10-01;17:30;137578;Pojkar Div 13 Borås;2;2;6777980;5;/go-to/?fmid=6777980;Kinna IF Röd;https://staticcdn.svenskfotboll.se/img/teamssm/10844.png;21;Rydboholms SK;https://staticcdn.svenskfotboll.se/img/teamssm/10408.png;21;-1--1;Viskavallen Pruhultsplanen B;Viskavallen;Viskavallen, Boråsvägen, Näs, Kinna, Marks kommun, Västra Götalands län, 511 56, Sverige;Y;57.504421;12.680504;Västergötland;football
8;2026-10-01;17:45;139133;F13år Röd A Höst;3;3;6896279;4;/go-to/?fmid=6896279;Torup/Rydö FF;https://staticcdn.svenskfotboll.se/img/teamssm/7097.png;8;HGH FC;https://staticcdn.svenskfotboll.se/img/teamssm/9516.png;8;4-0;Vallen A;Vallen;Vallas, Valvikavägen, Varberg, Varbergs kommun, Hallands län, 432 93, Sverige;Y;57.117468;12.212295;Halland;football
8;2026-10-01;18:00;136301;F15år;3;3;6614550;4;/go-to/?fmid=6614550;Skrea IF;https://staticcdn.svenskfotboll.se/img/teamssm/9493.png;8;HTR;https://staticcdn.svenskfotboll.se/img/teamssm/7097.png;8;2-0;Örnvallen konstgräs;Örnvallen;Gamla Nissastigen 77, 314 32 Hyltebruk;Y;57.004760;13.250475;Halland;football
7;2026-10-01;18:30;133707;Pojkar 2017(9 år) Centrum+Härryda+Mölndal+Väster Grupp A Höst;2;2;6846897;5;/go-to/?fmid=6846897;Näsets SK P2017 Lag 3;https://staticcdn.svenskfotboll.se/img/teamssm/10510.png;7;Guldhedens IK Röd;https://staticcdn.svenskfotboll.se/img/teamssm/11249.png;7;-1--1;ICA Åkeredshallen Arena;;;N;;;Göteborg;football
7;2026-10-01;18:30;133833;Flickor 2017(9 år) Lerum+Partille+Öster Grupp A Höst;3;2;6830259;5;/go-to/?fmid=6830259;Lerums IS F2017 2;https://staticcdn.svenskfotboll.se/img/teamssm/10756.png;7;Sävedalens IF F2017 Lejon;https://staticcdn.svenskfotboll.se/img/teamssm/9545.png;7;-1--1;Aspevallen C-plan;Aspevallen;Strandvägen 7, 443 31 Lerum;Y;57.768427;12.253218;Göteborg;football
7;2026-10-01;18:30;133707;Pojkar 2017(9 år) Centrum+Härryda+Mölndal+Väster Grupp A Höst;2;2;6846887;5;/go-to/?fmid=6846887;Hovås Billdal IF Lag 1 Blå;https://staticcdn.svenskfotboll.se/img/teamssm/11109.png;7;Askims IK P2017 U9 Röd;https://staticcdn.svenskfotboll.se/img/teamssm/11617.png;7;-1--1;Billdalsvallen 3B;Billdalsvallen;Påls väg, 427 36 Göteborg;Y;57.588232;11.949791;Göteborg;football
7;2026-10-01;18:30;133833;Flickor 2017(9 år) Lerum+Partille+Öster Grupp A Höst;3;2;6830264;5;/go-to/?fmid=6830264;Floda BoIF Blå;https://staticcdn.svenskfotboll.se/img/teamssm/11366.png;7;GoldCoast FC gul;https://staticcdn.svenskfotboll.se/img/teamssm/13374.png;7;-1--1;Flodala IP 4 FRAMTIDEN;Flodala IP;Skallsjö Prästväg 14, 448 31 Floda;Y;57.795503;12.346356;Göteborg;football
28;2026-10-01;18:30;133346;Träningsmatch Pojk utan AD 2026;2;3;6911972;3;/go-to/?fmid=6911972;Bengtsfors IF;https://staticcdn.svenskfotboll.se/img/teamssm/8494.png;28;Kroppefjälls IF-Åsebro IF P13;https://staticcdn.svenskfotboll.se/img/teamssm/10811.png;28;0-0;Långevi Konstgräsplan;Långevi;Långevi, Kinadalsvägen, Bäckenområdet, Bengtsfors, Bengtsfors kommun, Västra Götalands län, 666 32, Sverige;Y;59.020891;12.215672;Bohuslän-Dalsland;football
21;2026-10-01;18:30;136745;Flickor Div 4 Skövde;3;3;6724988;4;/go-to/?fmid=6724988;Töreboda IK;https://staticcdn.svenskfotboll.se/img/teamssm/10013.png;21;Skövde KIK Svart;https://staticcdn.svenskfotboll.se/img/teamssm/6738.png;21;4-2;Töreshov B-plan Konstgräs;Töreshov;Idrottsvägen 29, 545 34 Töreboda;Y;58.707707;14.150274;Västergötland;football
28;2026-10-01;18:45;136233;BDFF P10-12 Svart;2;2;6734579;5;/go-to/?fmid=6734579;Groheds IF /LSK P14 Svart;https://staticcdn.svenskfotboll.se/img/teamssm/11268.png;28;IK Oddevold P2014 Svart;https://staticcdn.svenskfotboll.se/img/teamssm/10500.png;28;-1--1;Skarsjövallen;Skarsjövallen;Skarsjövallen, Skarsjövägen, Ljungskile, Ljungs distrikt, Uddevalla kommun, Västra Götalands län, 459 30, Sverige;Y;58.216505;11.945076;Bohuslän-Dalsland;football
8;2026-10-01;19:00;136200;P15-16år röd;2;3;6598076;4;/go-to/?fmid=6598076;Träslövsläge IF;https://staticcdn.svenskfotboll.se/img/teamssm/10045.png;8;Torup/Rydö FF;https://staticcdn.svenskfotboll.se/img/teamssm/7097.png;8;11-3;Ankarvallen A;Ankarvallen;Ankarvägen 10, 432 74 Träslövsläge;Y;57.057553;12.290310;Halland;football
8;2026-10-01;19:00;139131;F13år Blå A Höst;3;3;6861947;4;/go-to/?fmid=6861947;Lilla Träslövs FF;https://staticcdn.svenskfotboll.se/img/teamssm/9502.png;8;Frillesås FF;https://staticcdn.svenskfotboll.se/img/teamssm/9524.png;8;3-7;Håstens IP konstgräs;Håstens IP;Hästens idrottsplats, Ölandsgatan, Nedregården, Varberg, Varbergs kommun, Hallands län, 432 36, Sverige;Y;57.117456;12.285361;Halland;football
1;2026-10-01;19:00;129333;P19 Div.1 2026 Västra Götaland;2;3;6585934;4;/go-to/?fmid=6585934;Kinna IF;https://staticcdn.svenskfotboll.se/img/teamssm/10844.png;21;Onsala BK;https://staticcdn.svenskfotboll.se/img/teamssm/10495.png;8;4-1;Kunskapens Hus, konstgräs;Kunskapens Hus;Kunskapens hus, Varbergsvägen, Skene, Kinna, Marks kommun, Västra Götalands län, 511 56, Sverige;Y;57.497192;12.667653;1;football
21;2026-10-01;19:00;137314;Herrar, Utveckling B Ulricehamn;2;4;6744906;4;/go-to/?fmid=6744906;Dannike/Rångedala U;https://staticcdn.svenskfotboll.se/img/teamssm/11465.png;21;Södra Vings IF U;https://staticcdn.svenskfotboll.se/img/teamssm/10118.png;21;5-2;Lassalyckan B-plan;Lassalyckan;Lassalyckan, Ulricehamns distrikt, Ulricehamn, Ulricehamns kommun, Västra Götalands län, 523 33, Sverige;Y;57.785778;13.436509;Västergötland;football
21;2026-10-01;19:00;135593;Damer, Div 5 Östra;3;4;6583148;4;/go-to/?fmid=6583148;Skövde KIK U;https://staticcdn.svenskfotboll.se/img/teamssm/6738.png;21;Vinninga AIF U (9:9);https://staticcdn.svenskfotboll.se/img/teamssm/8630.png;21;7-1;Lillegårdens IP, A-plan;Lillegårdens IP;Billingehovsvägen 9, 549 49 Skövde;Y;58.413432;13.849265;Västergötland;football
21;2026-10-01;19:00;136513;Pojkar Div 4 Skövde;2;3;6708903;4;/go-to/?fmid=6708903;Skövde AIK;https://staticcdn.svenskfotboll.se/img/teamssm/10281.png;21;Ulvåkers IF;https://staticcdn.svenskfotboll.se/img/teamssm/10002.png;21;3-0;Lillegårdens IP, B-plan;Lillegårdens IP;Billingehovsvägen 9, 549 49 Skövde;Y;58.413432;13.849265;Västergötland;football
21;2026-10-01;19:00;137311;Herrar, Utveckling B Borås;2;4;6748036;4;/go-to/?fmid=6748036;Sandhult/Hedared U;https://staticcdn.svenskfotboll.se/img/teamssm/8660.png;21;Kronängs IF U;https://staticcdn.svenskfotboll.se/img/teamssm/8688.png;21;4-6;Ryda fotbollshall;Ryda fotbollshall;Almenäsvägen 12, 506 32 Borås;Y;57.746351;12.931030;Västergötland;football
28;2026-10-01;19:00;135691;BDFF P15-19 Blå Norra;2;3;6683797;4;/go-to/?fmid=6683797;Melleruds IF 2;https://staticcdn.svenskfotboll.se/img/teamssm/10635.png;28;Eds FF P 15-19 år;https://staticcdn.svenskfotboll.se/img/teamssm/11441.png;28;2-2;Dalslands Sparbanks Arena;Rådavallen;ÄNGGATAN 2, 464 30 Mellerud;Y;58.704288;12.457587;Bohuslän-Dalsland;football
7;2026-10-01;19:00;133763;Flickor 2012-2013 Liten 9M9 Lätt Gr. A Höst;3;3;6828291;4;/go-to/?fmid=6828291;Ahlafors/Nol;https://staticcdn.svenskfotboll.se/img/teamssm/11662.png;7;Galacticos FC F2013;https://staticcdn.svenskfotboll.se/img/teamssm/13691.png;7;3-0;Svenska Stenhus Arena 4;Sjövallen IP;Sjövallavägen 111, 449 50 Alafors;Y;57.915942;12.107763;Göteborg;football
8;2026-10-01;19:00;136201;P15-16år blå;2;3;6598194;4;/go-to/?fmid=6598194;Snöstorp Nyhem FF Röd;https://staticcdn.svenskfotboll.se/img/teamssm/7704.png;8;Åsa IF;https://staticcdn.svenskfotboll.se/img/teamssm/9807.png;8;3-0;Skedalaheds IP 3;Skedalaheds IP;Skedalahed 114, 305 93 Halmstad;Y;56.686715;12.945246;Halland;football
21;2026-10-01;19:15;136509;Pojkar Div 2 Södra;2;3;6715852;4;/go-to/?fmid=6715852;Fristad/Sparsör/Borgstena;https://staticcdn.svenskfotboll.se/img/teamssm/11342.png;21;Tranemo IF;https://staticcdn.svenskfotboll.se/img/teamssm/10061.png;21;6-3;Hedens IP Konstgräs;Hedens IP;Industrivägen 5, 513 32 Fristad;Y;57.828316;13.005985;Västergötland;football
7;2026-10-01;19:15;133607;Pojkar 2013(13 år) Höst Svår Grupp B;2;3;6829018;5;/go-to/?fmid=6829018;Lindome GIF Svart;https://staticcdn.svenskfotboll.se/img/teamssm/10741.png;7;Näsets SK Röd;https://staticcdn.svenskfotboll.se/img/teamssm/10510.png;7;0-0;Lindevi 31 Konstgräs;Lindevi IP;Hällesåkersvägen 5, 437 91 Lindome;Y;57.585286;12.108877;Göteborg;football
21;2026-10-01;19:30;136509;Pojkar Div 2 Södra;2;3;6715853;4;/go-to/?fmid=6715853;Gånghester/Målsryd;https://staticcdn.svenskfotboll.se/img/teamssm/8709.png;21;Vårgårda IK;https://staticcdn.svenskfotboll.se/img/teamssm/9882.png;21;1-7;Dalsjöhov konstgräs;Dalsjöhov;Dalsjöhov, Hjortronvägen, Kråkhult, Dalsjöfors, Borås kommun, Västra Götalands län, 516 34, Sverige;Y;57.715585;13.096234;Västergötland;football
7;2026-10-01;19:30;133154;Division 6C Herr;2;4;6533487;4;/go-to/?fmid=6533487;Sjövalla FK;https://staticcdn.svenskfotboll.se/img/teamssm/10323.png;7;Öjersjö IF;https://staticcdn.svenskfotboll.se/img/teamssm/7552.png;7;5-4;Djupedalsplan A Konstgräs;Djupedals IP;Djupedals Ip, Rullstensvägen 1, 435 41 Mölnlycke;Y;57.652820;12.126316;Göteborg;football
21;2026-10-01;19:30;136509;Pojkar Div 2 Södra;2;3;6715814;4;/go-to/?fmid=6715814;Ulricehamns IFK;https://staticcdn.svenskfotboll.se/img/teamssm/7738.png;21;Mariedals IK;https://staticcdn.svenskfotboll.se/img/teamssm/10652.png;21;5-2;Lassalyckan B-plan;Lassalyckan;Lassalyckan, Ulricehamns distrikt, Ulricehamn, Ulricehamns kommun, Västra Götalands län, 523 33, Sverige;Y;57.785778;13.436509;Västergötland;football
21;2026-10-01;19:30;135589;Damer, Div 4 Västra;3;4;6580298;4;/go-to/?fmid=6580298;Trollhättans BoIS;https://staticcdn.svenskfotboll.se/img/teamssm/8643.png;21;Mellby IK;https://staticcdn.svenskfotboll.se/img/teamssm/8678.png;21;1-7;Torsbovallen Konstgräs;Torsbovallen;Torsbovallen, Albertsvägen, Strömslund, Trollhättan, Trollhättans kommun, Västra Götalands län, 461 57, Sverige;Y;58.290529;12.270870;Västergötland;football
8;2026-10-01;19:30;136282;Division 4 Dam Halland;3;4;6612772;4;/go-to/?fmid=6612772;FC Lagan;https://staticcdn.svenskfotboll.se/img/teamssm/9475.png;8;Tölö IF;https://staticcdn.svenskfotboll.se/img/teamssm/10015.png;8;5-1;Veinge Konstgräs;Veinge IP;Veinge, Laholms kommun, Hallands län, 312 35, Sverige;N;56.554026;13.076165;Halland;football
21;2026-10-01;19:30;139808;Pojkar Div 5 U15 Västergötland B-slutspel;2;3;6911219;4;/go-to/?fmid=6911219;Mariestads BK Blå;https://staticcdn.svenskfotboll.se/img/teamssm/8679.png;21;Alingsås IF FF Vit;https://staticcdn.svenskfotboll.se/img/teamssm/12595.png;21;5-2;Högelid;Vänershofs IP;Östra Järnvägsgatan 59, 542 33 Mariestad;N;58.704735;13.837044;Västergötland;football
7;2026-10-01;19:30;133580;Pojkar 2011(15 år) Lätt Grupp B;2;3;6607647;4;/go-to/?fmid=6607647;Lerkils IF;https://staticcdn.svenskfotboll.se/img/teamssm/10757.png;8;Mossens BK Svart;https://staticcdn.svenskfotboll.se/img/teamssm/9571.png;7;3-0;Ängås IP D;Ängås IP;Ängåsvägen 39, 434 93 Vallda;Y;57.454340;11.941076;Göteborg;football
8;2026-10-01;19:45;136304;F16-17år;3;3;6614814;4;/go-to/?fmid=6614814;IFK Fjärås;https://staticcdn.svenskfotboll.se/img/teamssm/9511.png;8;IF Böljan Falkenberg;https://staticcdn.svenskfotboll.se/img/teamssm/9528.png;8;6-1;Ögärdets IP B;Ögärdets IP;Klövervägen 2A, 439 71 Fjärås;Y;57.459731;12.184603;Halland;football
21;2026-10-01;20:00;135589;Damer, Div 4 Västra;3;4;6580300;4;/go-to/?fmid=6580300;Skepplanda BTK U;https://staticcdn.svenskfotboll.se/img/teamssm/10314.png;21;Vänersborgs IF U;https://staticcdn.svenskfotboll.se/img/teamssm/8627.png;21;1-0;Forsvallen Konstgräs;Forsvallen IP;Vadbacka 125, 446 94 Skepplanda;Y;57.977314;12.195539;Västergötland;football
7;2026-10-01;20:00;133579;Pojkar 2011(15 år) Lätt Grupp A;2;3;6607245;4;/go-to/?fmid=6607245;IK Zenith Vit;https://staticcdn.svenskfotboll.se/img/teamssm/9829.png;7;Hovås Billdal IF Vit;https://staticcdn.svenskfotboll.se/img/teamssm/11109.png;7;1-2;Hovgårdsvallen 2 Konstgräs (Bjurforsplanen);Hovgårdsvallen;Gamla Lillebyvägen 1, 432 00 Torslanda;Y;57.751235;11.827376;Göteborg;football
7;2026-10-01;20:00;133576;Pojkar 2011(15 år) Medel Grupp B;2;3;6607905;4;/go-to/?fmid=6607905;Hjuviks AIK;https://staticcdn.svenskfotboll.se/img/teamssm/8330.png;7;Fässbergs IF Vit;https://staticcdn.svenskfotboll.se/img/teamssm/9620.png;7;1-2;21:47 Arena 1;Hästevik;Torslanda Hästeviks väg, 423 41 Torslanda;Y;57.718779;11.721591;Göteborg;football
7;2026-10-01;20:00;137232;Träningsmatcher Seniorer Göteborg Herr;2;4;6907520;3;/go-to/?fmid=6907520;Hjuviks AIK (Reserv 1);https://staticcdn.svenskfotboll.se/img/teamssm/8330.png;7;Öckerö IF (reservlag);https://staticcdn.svenskfotboll.se/img/teamssm/9774.png;7;0-0;21:47 Arena 1;Hästevik;Torslanda Hästeviks väg, 423 41 Torslanda;Y;57.718779;11.721591;Göteborg;football
7;2026-10-01;20:00;133761;Flickor 2012-2013 Stor 9M9 Svår Höst;3;3;6827815;4;/go-to/?fmid=6827815;BK Häcken Vit;https://staticcdn.svenskfotboll.se/img/teamssm/11080.png;7;Älvsborg FF F2012 Svart;https://staticcdn.svenskfotboll.se/img/teamssm/9622.png;7;2-3;Påvelund 1 Konstgräs;Påvelund;Redegatan 18, 426 77 Västra Frölunda;Y;57.668781;11.881476;Göteborg;football
7;2026-10-01;20:00;136238;Pojkar 2009-2010(16-17 år) Svår Grupp B;2;3;6602103;4;/go-to/?fmid=6602103;Surte IS FK;https://staticcdn.svenskfotboll.se/img/teamssm/12036.png;7;Fässbergs IF U16;https://staticcdn.svenskfotboll.se/img/teamssm/9620.png;7;3-4;Surte 2 Konstgräs;Surte IP;Idrottsvägen 4, 445 55 Surte;Y;57.836279;12.017412;Göteborg;football
7;2026-10-01;20:15;133155;Division 7A Herr;2;4;6533621;4;/go-to/?fmid=6533621;Järnbrotts IF;https://staticcdn.svenskfotboll.se/img/teamssm/9594.png;7;Mölnlycke IS Ungdom;https://staticcdn.svenskfotboll.se/img/teamssm/13695.png;7;0-8;Apelsinplan 2 Konstgräs;Apelsinplan;Apelsingatan 6, 426 54 Västra Frölunda;Y;57.655054;11.882940;Göteborg;football
1;2026-10-01;20:15;138418;P16 Div.1 2026 B-slutspel Norra Götaland;2;3;6911933;4;/go-to/?fmid=6911933;Backatorp IF;https://staticcdn.svenskfotboll.se/img/teamssm/11915.png;7;IFK Uddevalla;https://staticcdn.svenskfotboll.se/img/teamssm/8505.png;28;2-3;Backavallen 1 Konstgräs;Backavallen;Wadköpingsgatan 153, 422 51 Hisings Backa;Y;57.745322;11.967003;1;football
7;2026-10-01;20:15;133156;Division 7B Herr;2;4;6534414;4;/go-to/?fmid=6534414;Marockanska Göteborg FF;https://staticcdn.svenskfotboll.se/img/teamssm/13675.png;7;Göteborgs City FF;https://staticcdn.svenskfotboll.se/img/teamssm/11911.png;7;2-4;Bergsjövallen 2 Konstgräs;Bergsjövallen;Sjustjärnan 20, 415 51 Göteborg;Y;57.750377;12.057010;Göteborg;football
7;2026-10-01;20:15;138542;P17 Kval Grupp D;2;3;6907988;4;/go-to/?fmid=6907988;KF Velebit;https://staticcdn.svenskfotboll.se/img/teamssm/9949.png;7;IK Kongahälla;https://staticcdn.svenskfotboll.se/img/teamssm/9590.png;7;3-4;Generatorsplan;Generatorsplan;Minelundsvägen 14, 417 05 Göteborg;Y;57.730133;11.950968;Göteborg;football
7;2026-10-01;20:15;133154;Division 6C Herr;2;4;6533491;4;/go-to/?fmid=6533491;Landala IF;https://staticcdn.svenskfotboll.se/img/teamssm/7353.png;7;Askims IK;https://staticcdn.svenskfotboll.se/img/teamssm/11617.png;7;0-4;Guldheden Södra 1 Konstgräs;Guldheden Södra;Gibraltargatan 41, 412 58 Göteborg;Y;57.681136;11.982964;Göteborg;football
7;2026-10-01;20:15;133153;Division 6B Herr;2;4;6534284;4;/go-to/?fmid=6534284;FC Härlanda;https://staticcdn.svenskfotboll.se/img/teamssm/12452.png;7;Knippla IK;https://staticcdn.svenskfotboll.se/img/teamssm/9592.png;7;3-3;Heden 3 Konstgräs;Heden;Heden, 411 38 Göteborg;Y;57.702854;11.978368;Göteborg;football
7;2026-10-01;20:15;133152;Division 6A Herr;2;4;6532694;4;/go-to/?fmid=6532694;FC Kålltorp;https://staticcdn.svenskfotboll.se/img/teamssm/13416.png;7;Syrianska Göteborg FC;https://staticcdn.svenskfotboll.se/img/teamssm/12263.png;7;2-3;Härlanda Park 1 Konstgräs;Härlanda Park;Härlanda Park 6B, 416 52 Göteborg;Y;57.716492;12.017055;Göteborg;football
7;2026-10-01;20:15;136238;Pojkar 2009-2010(16-17 år) Svår Grupp B;2;3;6602194;4;/go-to/?fmid=6602194;BK Häcken Svart;https://staticcdn.svenskfotboll.se/img/teamssm/11080.png;7;Finlandia Pallo AIF;https://staticcdn.svenskfotboll.se/img/teamssm/7939.png;7;3-1;Slättadamm 2 konstgräs;Slättadamm;Slättadammsgatan 6, 417 25 Göteborg;Y;57.730565;11.927705;Göteborg;football
7;2026-10-01;20:15;133441;Junior Pojkar Div 1;2;3;6538259;4;/go-to/?fmid=6538259;Lerums IS;https://staticcdn.svenskfotboll.se/img/teamssm/10756.png;7;Torslanda IK;https://staticcdn.svenskfotboll.se/img/teamssm/10068.png;7;4-3;Stenkullens IP 2 KG;Stenkullens IP;Granitvägen 3, 443 61 Stenkullen;Y;57.795326;12.310226;Göteborg;football
7;2026-10-01;20:15;133575;Pojkar 2011(15 år) Medel Grupp A;2;3;6607768;4;/go-to/?fmid=6607768;Nödinge SK Fotboll Blå;https://staticcdn.svenskfotboll.se/img/teamssm/10503.png;7;Onsala BK;https://staticcdn.svenskfotboll.se/img/teamssm/10495.png;8;0-7;Vimmervi 2 Konstgräs;Vimmervi;Gamla Kilandavägen 62, 449 36 Nödinge;Y;57.886226;12.080329;Göteborg;football
7;2026-10-01;20:15;133574;Pojkar 2009-2010(16-17 år) Medel Grupp C;2;3;6601869;4;/go-to/?fmid=6601869;IF Väster P2010 Svart;https://staticcdn.svenskfotboll.se/img/teamssm/9861.png;7;IK Zenith P17 Vit;https://staticcdn.svenskfotboll.se/img/teamssm/9829.png;7;2-0;Önneredsplan 1 Konstgräs;Önneredsplan;Ersåsgatan 2, 421 59 Västra Frölunda;Y;57.637219;11.884878;Göteborg;football
7;2026-10-01;20:15;133152;Division 6A Herr;2;4;6532689;4;/go-to/?fmid=6532689;FC Heden;https://staticcdn.svenskfotboll.se/img/teamssm/12336.png;7;Bellevue City FK;https://staticcdn.svenskfotboll.se/img/teamssm/13632.png;7;3-2;Överåsvallen 1 Konstgräs;Överåsvallen;Skogshyddegatan 16, 412 74 Göteborg;Y;57.707876;12.002439;Göteborg;football
1;2026-10-02;12:00;131350;Träningsmatcher Elit, herr 2026;2;4;6904666;4;/go-to/?fmid=6904666;IF Elfsborg;https://staticcdn.svenskfotboll.se/img/teamssm/11429.png;21;BK Häcken;https://staticcdn.svenskfotboll.se/img/teamssm/11080.png;7;0-1;Borås Arena;Borås Arena;Borås Arena, Ålgårdsvägen 16, 506 30 Borås;Y;57.734400;12.934766;1;football
8;2026-10-02;17:00;137649;P14år Vit;2;3;6781235;4;/go-to/?fmid=6781235;IF Centern Blå;https://staticcdn.svenskfotboll.se/img/teamssm/9527.png;8;Halmstads BK Gul;https://staticcdn.svenskfotboll.se/img/teamssm/9517.png;8;5-6;Kärlekens IP;Kärlekens IP;Kärlekens IP, Stenstorpsvägen, 302 30 Halmstad;Y;56.704171;12.857281;Halland;football
7;2026-10-02;17:00;133681;Pojkar 2016(10 år) Grupp E Höst;2;2;6843403;5;/go-to/?fmid=6843403;Mölnlycke IS Ungdom 1;https://staticcdn.svenskfotboll.se/img/teamssm/13695.png;7;Landvetter IS P2016 Svart;https://staticcdn.svenskfotboll.se/img/teamssm/10768.png;7;-1--1;Mölnlycke IP vänster;Mölnlycke IP;Idrottsgatan 1, 435 35 Mölnlycke;Y;57.660896;12.119026;Göteborg;football
21;2026-10-02;17:30;137567;Pojkar Div 11 Ulricehamn;2;2;6895241;5;/go-to/?fmid=6895241;Gånghester/Målsryd Röd;https://staticcdn.svenskfotboll.se/img/teamssm/8709.png;21;Ulricehamns FF Svart;https://staticcdn.svenskfotboll.se/img/teamssm/14809.png;21;-1--1;Eton Arena, Gånghester;Engvallen;Engvallen, Idrottsvägen, Gånghester, Borås, Borås kommun, Västra Götalands län, 507 70, Sverige;Y;57.690630;13.024083;Västergötland;football
8;2026-10-02;17:30;137492;F14år vit;3;3;6778744;4;/go-to/?fmid=6778744;HGH FC Vit;https://staticcdn.svenskfotboll.se/img/teamssm/9516.png;8;Varbergs BoIS FC;https://staticcdn.svenskfotboll.se/img/teamssm/7701.png;8;3-1;Tranevall;Tranevall;Tranevall, Tranevallsvägen, Harplinge, Halmstads kommun, Hallands län, 305 60, Sverige;Y;56.743210;12.734066;Halland;football
1;2026-10-02;18:00;135385;Ligacupen Elit Västra;2;4;6581936;4;/go-to/?fmid=6581936;Norrby IF;https://staticcdn.svenskfotboll.se/img/teamssm/10554.png;21;IK Oddevold;https://staticcdn.svenskfotboll.se/img/teamssm/10500.png;28;3-2;Borås Arena;Borås Arena;Borås Arena, Ålgårdsvägen 16, 506 30 Borås;Y;57.734400;12.934766;1;football
21;2026-10-02;18:00;136749;Flickor Div 5 Borås;3;3;6725207;4;/go-to/?fmid=6725207;Toarpsalliansen Orange;https://staticcdn.svenskfotboll.se/img/teamssm/8709.png;21;Bergdalens IK;https://staticcdn.svenskfotboll.se/img/teamssm/11592.png;21;2-3;Dalsjöhov;Dalsjöhov;Dalsjöhov, Hjortronvägen, Kråkhult, Dalsjöfors, Borås kommun, Västra Götalands län, 516 34, Sverige;Y;57.715585;13.096234;Västergötland;football
7;2026-10-02;18:00;135972;Flickor 2010-2011 9M9;3;3;6598716;4;/go-to/?fmid=6598716;Sandarna BK Svart;https://staticcdn.svenskfotboll.se/img/teamssm/10367.png;7;Gårdsten FC 1;https://staticcdn.svenskfotboll.se/img/teamssm/13638.png;7;0-8;Heden 4 Konstgräs;Heden;Heden, 411 38 Göteborg;Y;57.702854;11.978368;Göteborg;football
21;2026-10-02;18:00;136742;Flickor Div 4 Borås;3;3;6724707;5;/go-to/?fmid=6724707;Fristad/Sparsör/Borgstena Vit;https://staticcdn.svenskfotboll.se/img/teamssm/10260.png;21;Dalstorp/Limmared/Hestra;https://staticcdn.svenskfotboll.se/img/teamssm/11468.png;21;0-0;Hedens IP Konstgräs;Hedens IP;Industrivägen 5, 513 32 Fristad;Y;57.828316;13.005985;Västergötland;football
8;2026-10-02;18:00;139134;F13år Röd B Höst;3;3;6896232;4;/go-to/?fmid=6896232;Vinbergs IF;https://staticcdn.svenskfotboll.se/img/teamssm/9913.png;8;IS Halmia;https://staticcdn.svenskfotboll.se/img/teamssm/9519.png;8;0-3;Vinåvallen B;Vinåvallen;Vinåvallen, Apelsinvägen, Vinberg, Falkenbergs kommun, Hallands län, 311 94, Sverige;Y;56.946817;12.546193;Halland;football
7;2026-10-02;18:15;133742;Flickor 2011 Regional;3;3;6597828;4;/go-to/?fmid=6597828;BK Häcken FF F15;https://staticcdn.svenskfotboll.se/img/teamssm/9584.png;7;Näsets SK F2011;https://staticcdn.svenskfotboll.se/img/teamssm/10510.png;7;5-1;Rosenhill;Rosenhill;Köpenhamnsgatan 25, 418 77 Göteborg;Y;57.702379;11.897021;Göteborg;football
7;2026-10-02;18:30;133581;Pojkar 2011(15 år) Medel Grupp C;2;3;6608196;4;/go-to/?fmid=6608196;Kungsladugårds BK P11 2;https://staticcdn.svenskfotboll.se/img/teamssm/10799.png;7;Jonsereds IF;https://staticcdn.svenskfotboll.se/img/teamssm/9595.png;7;3-3;Apelsinplan 2 Konstgräs;Apelsinplan;Apelsingatan 6, 426 54 Västra Frölunda;Y;57.655054;11.882940;Göteborg;football
7;2026-10-02;18:30;136376;Pojkar 2012(14 år) Grund;2;3;6621647;4;/go-to/?fmid=6621647;Floda BoIF Blå;https://staticcdn.svenskfotboll.se/img/teamssm/11366.png;7;Öjersjö IF Vit;https://staticcdn.svenskfotboll.se/img/teamssm/7552.png;7;0-1;Flodala IP 3 KG;Flodala IP;Skallsjö Prästväg 14, 448 31 Floda;Y;57.795503;12.346356;Göteborg;football
21;2026-10-02;18:30;136514;Pojkar Div 4 Trollhättan;2;3;6709048;4;/go-to/?fmid=6709048;Skepplanda BTK;https://staticcdn.svenskfotboll.se/img/teamssm/10314.png;21;Vänersborgs IF;https://staticcdn.svenskfotboll.se/img/teamssm/8627.png;21;1-8;Forsvallen Konstgräs;Forsvallen IP;Vadbacka 125, 446 94 Skepplanda;Y;57.977314;12.195539;Västergötland;football
28;2026-10-02;18:30;139707;BDFF P13-14 Blå Höst 1;2;3;6906075;4;/go-to/?fmid=6906075;Färgelanda IF P14;https://staticcdn.svenskfotboll.se/img/teamssm/11322.png;28;Kroppefjälls IF-ÅIF P14;https://staticcdn.svenskfotboll.se/img/teamssm/10811.png;28;3-1;Färgelanda konstgräsplan;Färgelanda;Färgelanda kommun, Västra Götalands län, Sverige;Y;58.583333;12.000000;Bohuslän-Dalsland;football
8;2026-10-02;18:30;137649;P14år Vit;2;3;6781237;4;/go-to/?fmid=6781237;Halmstads BK Gul;https://staticcdn.svenskfotboll.se/img/teamssm/9517.png;8;HÅ FF Vit;https://staticcdn.svenskfotboll.se/img/teamssm/7883.png;8;10-1;Halmstad Arena P7;Halmstad Arena;Kristinehedsvägen 4B, 302 44 Halmstad;Y;56.675943;12.888513;Halland;football
7;2026-10-02;18:30;136376;Pojkar 2012(14 år) Grund;2;3;6621646;4;/go-to/?fmid=6621646;Hjuviks AIK P2012 blå;https://staticcdn.svenskfotboll.se/img/teamssm/8330.png;7;Mölnlycke IF P12 Svart;https://staticcdn.svenskfotboll.se/img/teamssm/10594.png;7;2-2;21:47 Arena 1;Hästevik;Torslanda Hästeviks väg, 423 41 Torslanda;Y;57.718779;11.721591;Göteborg;football
7;2026-10-02;18:30;133575;Pojkar 2011(15 år) Medel Grupp A;2;3;6607780;4;/go-to/?fmid=6607780;Askims IK;https://staticcdn.svenskfotboll.se/img/teamssm/11617.png;7;Öjersjö IF Blå;https://staticcdn.svenskfotboll.se/img/teamssm/7552.png;7;0-3;Kobbegården Övre;Kobbegården;Stora Åvägen 1, 436 34 Askim;Y;57.639723;11.944383;Göteborg;football
7;2026-10-02;18:30;133708;Pojkar 2017(9 år) Centrum+Härryda+Mölndal+Väster Grupp B Höst;2;2;6847261;5;/go-to/?fmid=6847261;Askims IK P2017 U9 Svart;https://staticcdn.svenskfotboll.se/img/teamssm/11617.png;7;Mölnlycke IF P17 Gul;https://staticcdn.svenskfotboll.se/img/teamssm/10594.png;7;-1--1;Kobbegården 3 Konstgräs 7M7;Kobbegården;Stora Åvägen 1, 436 34 Askim;Y;57.639723;11.944383;Göteborg;football
7;2026-10-02;18:30;133525;Junior Pojkar Div 2B;2;3;6542982;4;/go-to/?fmid=6542982;Dalen/Krokslätts FF;https://staticcdn.svenskfotboll.se/img/teamssm/9632.png;7;Lindome GIF;https://staticcdn.svenskfotboll.se/img/teamssm/10741.png;7;2-5;Krokslättsvallen konstgräs;Krokslättsvallen;Krokslätts Storgata 44, 431 38 Mölndal;Y;57.671326;11.997967;Göteborg;football
21;2026-10-02;18:30;136510;Pojkar Div 4 Borås;2;3;6710950;4;/go-to/?fmid=6710950;Kronängs IF;https://staticcdn.svenskfotboll.se/img/teamssm/8688.png;21;Bergdalens IK;https://staticcdn.svenskfotboll.se/img/teamssm/11592.png;21;2-8;Kronäng Arena konstgräs 1;Kronäng Arena;Schaktgatan 1, 504 41 Borås;Y;57.696516;12.931606;Västergötland;football
7;2026-10-02;18:30;136238;Pojkar 2009-2010(16-17 år) Svår Grupp B;2;3;6602082;4;/go-to/?fmid=6602082;SG Ruddalen IF U17;https://staticcdn.svenskfotboll.se/img/teamssm/11284.png;7;Hovås Billdal IF U17-P Blå;https://staticcdn.svenskfotboll.se/img/teamssm/11109.png;7;1-3;Ruddalen Konstgräs 2;Ruddalen;Anna Östvägen 8, 426 68 Västra Frölunda;Y;57.664609;11.909282;Göteborg;football
21;2026-10-02;18:30;136512;Pojkar Div 4 Lidköping;2;3;6708579;4;/go-to/?fmid=6708579;Vara SK;https://staticcdn.svenskfotboll.se/img/teamssm/9966.png;21;Axvall/Varnhem;https://staticcdn.svenskfotboll.se/img/teamssm/8732.png;21;8-0;Torsvallen A-plan;Torsvallen;Torsvallen, Vallgatan, Lassagården, Vara distrikt, Vara, Vara kommun, Västra Götalands län, 534 32, Sverige;Y;58.264705;12.961627;Västergötland;football
8;2026-10-02;18:30;133922;Division 6 Herr Södra Halland;2;4;6563739;4;/go-to/?fmid=6563739;Våxtorp/Hasslöv;https://staticcdn.svenskfotboll.se/img/teamssm/9880.png;8;Ysby BK;https://staticcdn.svenskfotboll.se/img/teamssm/9475.png;8;1-4;Våxtorps IP A;Våxtorps IP;Våxtorpsvägen, Torp, Hasslöv, Laholms kommun, Hallands län, 312 77, Sverige;Y;56.418697;13.013140;Halland;football
1;2026-10-02;18:30;133297;F17 Div.1 2026 - Götaland Norra;3;3;6590948;4;/go-to/?fmid=6590948;Ytterby IS;https://staticcdn.svenskfotboll.se/img/teamssm/9832.png;7;Alingsås Kvinnliga IK /Alingsås IF FF;https://staticcdn.svenskfotboll.se/img/teamssm/8345.png;21;0-1;Ytterns IP 1 Konstgräs;Ytterns IP;Ytterby, 442 40 Kungälv;Y;57.869280;11.935196;1;football
7;2026-10-02;18:30;133757;Flickor 2012-2013 Stor 9M9 Medel Gr. A Höst;3;3;6827978;4;/go-to/?fmid=6827978;Näsets SK Gul;https://staticcdn.svenskfotboll.se/img/teamssm/10510.png;7;Jonsereds IF Lag 2;https://staticcdn.svenskfotboll.se/img/teamssm/9595.png;7;2-2;Näset Yuncture Arena;Åkeredsvallen;Bergsätersgatan 1, 421 66 Västra Frölunda;Y;57.631456;11.900982;Göteborg;football
28;2026-10-02;18:45;139708;BDFF P13-14 Blå Höst 2;2;3;6906091;4;/go-to/?fmid=6906091;IFK Valla P2012;https://staticcdn.svenskfotboll.se/img/teamssm/8504.png;28;Stenungsunds IF P13 Röd;https://staticcdn.svenskfotboll.se/img/teamssm/10236.png;28;7-2;Sparbanksvallen, Hjälteby;Sparbanksvallen;Sparbanksvallen, Hjältebyvägen, Hjälteby, Tjörns kommun, Västra Götalands län, 471 72, Sverige;Y;58.056992;11.702265;Bohuslän-Dalsland;football
21;2026-10-02;19:00;136507;Pojkar Div 1 19+ Västergötland;2;3;6707965;4;/go-to/?fmid=6707965;Alingsås IF FF;https://staticcdn.svenskfotboll.se/img/teamssm/12595.png;21;Gerdskens BK;https://staticcdn.svenskfotboll.se/img/teamssm/8712.png;21;0-3;Alströmervallen konstgräs;Alströmervallen;Alströmervallen, Kungälvsvägen, Noltorp, Alingsås distrikt, Alingsås, Alingsås kommun, Västra Götalands län, 441 57, Sverige;Y;57.939131;12.526820;Västergötland;football
8;2026-10-02;19:00;133919;Division 5 Herr Norra Halland;2;4;6534777;4;/go-to/?fmid=6534777;Träslövsläge IF;https://staticcdn.svenskfotboll.se/img/teamssm/10045.png;8;Tofta GIF;https://staticcdn.svenskfotboll.se/img/teamssm/10084.png;8;10-0;Ankarvallen A;Ankarvallen;Ankarvägen 10, 432 74 Träslövsläge;Y;57.057553;12.290310;Halland;football
21;2026-10-02;19:00;135589;Damer, Div 4 Västra;3;4;6580301;4;/go-to/?fmid=6580301;Östadkulle/Södra Härene;https://staticcdn.svenskfotboll.se/img/teamssm/9743.png;21;Hemsjö IF;https://staticcdn.svenskfotboll.se/img/teamssm/11154.png;21;5-0;Björkvallen konstgräs, Vårgårda;Björkvallen;Parkgatan 26, 447 31 Vårgårda;Y;58.035259;12.822093;Västergötland;football
21;2026-10-02;19:00;135588;Damer, Div 4 Södra;3;4;6574740;4;/go-to/?fmid=6574740;Bergdalens IK;https://staticcdn.svenskfotboll.se/img/teamssm/11592.png;21;Hyssna IF;https://staticcdn.svenskfotboll.se/img/teamssm/11089.png;21;1-2;Björkängsvallen, Borås, Konstgräs;Björkängsvallen;Backersgatan 10, 504 57 Borås;Y;57.727601;12.958736;Västergötland;football
21;2026-10-02;19:00;135580;Herrar, Div 6 Mark;2;4;6581684;4;/go-to/?fmid=6581684;Ubbhult/Hällingsjö;https://staticcdn.svenskfotboll.se/img/teamssm/8636.png;21;Öxabäcks IF;https://staticcdn.svenskfotboll.se/img/teamssm/9717.png;21;5-0;Björkängsvallen 1 Gräs;Björkängsvallen;Backersgatan 10, 504 57 Borås;Y;57.727601;12.958736;Västergötland;football
21;2026-10-02;19:00;135571;Herrar, Div 4 Södra;2;4;6567396;4;/go-to/?fmid=6567396;Hässleholmen BK;https://staticcdn.svenskfotboll.se/img/teamssm/13472.png;21;Skene IF;https://staticcdn.svenskfotboll.se/img/teamssm/8655.png;21;2-5;Bodavallen A konstgräs;Bodavallen;Sjumilagatan 10, 507 42 Borås;Y;57.729911;12.992380;Västergötland;football
1;2026-10-02;19:00;131959;Div 2 Västra Götaland, herr 2026;2;4;6547593;4;/go-to/?fmid=6547593;Hestrafors IF;https://staticcdn.svenskfotboll.se/img/teamssm/11145.png;21;Onsala BK;https://staticcdn.svenskfotboll.se/img/teamssm/10495.png;8;0-1;Bollevi Konstgräs;Bollevi;BRANDSHED 44, 517 92 Bollebygd;Y;57.710389;12.582741;1;football
21;2026-10-02;19:00;135571;Herrar, Div 4 Södra;2;4;6567365;4;/go-to/?fmid=6567365;Brämhults IK;https://staticcdn.svenskfotboll.se/img/teamssm/8727.png;21;Dalsjöfors GoIF;https://staticcdn.svenskfotboll.se/img/teamssm/12553.png;21;1-6;Brämhults IP A;Brämhults IP;Gamla Brämhultsvägen, Hässleholmen, Borås, Borås kommun, Västra Götalands län, 507 44, Sverige;Y;57.726346;12.970209;Västergötland;football
21;2026-10-02;19:00;135580;Herrar, Div 6 Mark;2;4;6581687;4;/go-to/?fmid=6581687;Byttorps IF;https://staticcdn.svenskfotboll.se/img/teamssm/11498.png;21;Hedareds BK;https://staticcdn.svenskfotboll.se/img/teamssm/11167.png;21;6-0;Byttorps IP A Konstgräs;Byttorps IP;Byttorps idrottsplats, Klingarevägen, Byttorp, Borås, Borås kommun, Västra Götalands län, 504 65, Sverige;Y;57.724228;12.900785;Västergötland;football
7;2026-10-02;19:00;133160;Division 4A Dam;3;4;6533760;4;/go-to/?fmid=6533760;Mölnlycke IF;https://staticcdn.svenskfotboll.se/img/teamssm/10594.png;7;Kållered SK;https://staticcdn.svenskfotboll.se/img/teamssm/10787.png;7;5-0;Djupedalsplan B Konstgräs;Djupedals IP;Djupedals Ip, Rullstensvägen 1, 435 41 Mölnlycke;Y;57.652820;12.126316;Göteborg;football
7;2026-10-02;19:00;133525;Junior Pojkar Div 2B;2;3;6548704;4;/go-to/?fmid=6548704;Mölnlycke IS Ungdom;https://staticcdn.svenskfotboll.se/img/teamssm/13695.png;7;Eriksbergs IF 1;https://staticcdn.svenskfotboll.se/img/teamssm/9629.png;7;1-4;Djupedalsplan A Konstgräs;Djupedals IP;Djupedals Ip, Rullstensvägen 1, 435 41 Mölnlycke;Y;57.652820;12.126316;Göteborg;football
21;2026-10-02;19:00;135571;Herrar, Div 4 Södra;2;4;6567378;4;/go-to/?fmid=6567378;Hyssna/Kinnahult;https://staticcdn.svenskfotboll.se/img/teamssm/11089.png;21;FC Kabel Åttio;https://staticcdn.svenskfotboll.se/img/teamssm/8720.png;21;7-2;Ekäng D;Ekäng;Hålsjövägen 41-37, 510 22 Hyssna;Y;57.560793;12.559217;Västergötland;football
21;2026-10-02;19:00;136744;Flickor Div 4 Kinna;3;3;6724911;4;/go-to/?fmid=6724911;Toarpsalliansen Svart;https://staticcdn.svenskfotboll.se/img/teamssm/8709.png;21;Skene IF;https://staticcdn.svenskfotboll.se/img/teamssm/8655.png;21;4-0;Eton Arena;Engvallen;Engvallen, Idrottsvägen, Gånghester, Borås, Borås kommun, Västra Götalands län, 507 70, Sverige;Y;57.690630;13.024083;Västergötland;football
21;2026-10-02;19:00;135589;Damer, Div 4 Västra;3;4;6580299;4;/go-to/?fmid=6580299;Wargöns IK;https://staticcdn.svenskfotboll.se/img/teamssm/9843.png;21;Åsaka SK;https://staticcdn.svenskfotboll.se/img/teamssm/9806.png;21;4-0;Hallevi IP, Wargön C-plan;Hallevi IP;Nordkroksvägen 85, 468 33 Vargön;Y;58.366825;12.400851;Västergötland;football
21;2026-10-02;19:00;135571;Herrar, Div 4 Södra;2;4;6567273;4;/go-to/?fmid=6567273;Länghems IF;https://staticcdn.svenskfotboll.se/img/teamssm/10688.png;21;Fristads GoIF;https://staticcdn.svenskfotboll.se/img/teamssm/11342.png;21;3-2;Ingsvallen Konstgräs;Ingsvallen;Ingestorpsvägen 10, 514 44 Länghem;Y;57.602900;13.238528;Västergötland;football
7;2026-10-02;19:00;133742;Flickor 2011 Regional;3;3;6597830;4;/go-to/?fmid=6597830;Junior Lions FootballClub F15-A;https://staticcdn.svenskfotboll.se/img/teamssm/13588.png;21;Örgryte IS Fotboll F2011;https://staticcdn.svenskfotboll.se/img/teamssm/12910.png;7;3-2;Kransmossens IP A;Kransmossens IP;Kransmossens idrottsplats, Kransvägen, Brotorp, Borås, Borås kommun, Västra Götalands län, 507 65, Sverige;Y;57.707261;12.979446;Göteborg;football
7;2026-10-02;19:00;138257;Junior Flickor Div 3 Höst;3;3;6827584;4;/go-to/?fmid=6827584;Lekstorps IF Damjunior;https://staticcdn.svenskfotboll.se/img/teamssm/10760.png;7;Älvsborg FF U17F;https://staticcdn.svenskfotboll.se/img/teamssm/9622.png;7;0-1;LP - Idrottspark A - plan;LP - Idrottspark;LP Idrottspark, Sportvägen 7, 443 40 Gråbo;Y;57.841028;12.289142;Göteborg;football
21;2026-10-02;19:00;135588;Damer, Div 4 Södra;3;4;6574712;4;/go-to/?fmid=6574712;Ulricehamns IFK U;https://staticcdn.svenskfotboll.se/img/teamssm/7738.png;21;Limmareds IF;https://staticcdn.svenskfotboll.se/img/teamssm/10743.png;21;1-0;Lassalyckan A-plan konstgräs;Lassalyckan;Lassalyckan, Ulricehamns distrikt, Ulricehamn, Ulricehamns kommun, Västra Götalands län, 523 33, Sverige;Y;57.785778;13.436509;Västergötland;football
21;2026-10-02;19:00;135587;Damer, Div 3 Norra;3;4;6570224;4;/go-to/?fmid=6570224;Mariestads BoIS FF;https://staticcdn.svenskfotboll.se/img/teamssm/7380.png;21;Ulvåkers IF;https://staticcdn.svenskfotboll.se/img/teamssm/10002.png;21;0-1;Lekevi IP Konstgräsplan;Lekevi IP;Lugnåsvägen 20, 542 41 Mariestad;Y;58.689904;13.806826;Västergötland;football
1;2026-10-02;19:00;131959;Div 2 Västra Götaland, herr 2026;2;4;6547595;4;/go-to/?fmid=6547595;Lindome GIF;https://staticcdn.svenskfotboll.se/img/teamssm/10741.png;7;Galtabäcks BK;https://staticcdn.svenskfotboll.se/img/teamssm/9523.png;8;4-3;Lindevi IP 1 Konstgräs;Lindevi IP;Hällesåkersvägen 5, 437 91 Lindome;Y;57.585286;12.108877;1;football
21;2026-10-02;19:00;135588;Damer, Div 4 Södra;3;4;6574667;4;/go-to/?fmid=6574667;Annelunds IF;https://staticcdn.svenskfotboll.se/img/teamssm/11630.png;21;Borås AIK;https://staticcdn.svenskfotboll.se/img/teamssm/11535.png;21;4-1;Mörlanda B konstgräs;Mörlanda;Mörlanda, Magra distrikt, Alingsås kommun, Västra Götalands län, 466 31, Sverige;Y;58.106467;12.572001;Västergötland;football
21;2026-10-02;19:00;136508;Pojkar Div 2 Norra;2;3;6711292;4;/go-to/?fmid=6711292;Falköpings FK;https://staticcdn.svenskfotboll.se/img/teamssm/7983.png;21;Skara FC;https://staticcdn.svenskfotboll.se/img/teamssm/7451.png;21;3-0;Odenvi Konstgräs;Odenvi;Hjelmarsrörsgatan 2, 521 45 Falköping;Y;58.165443;13.571023;Västergötland;football
7;2026-10-02;19:00;133198;Division 5A Dam;3;4;6534014;4;/go-to/?fmid=6534014;Hälsö BK;https://staticcdn.svenskfotboll.se/img/teamssm/11065.png;7;Romelanda UF/KIS/KIF;https://staticcdn.svenskfotboll.se/img/teamssm/10427.png;7;2-7;Prästängen 1 Konstgräs;Prästängen;PRÄSTÄNGEN 1, 475 31 Öckerö;Y;57.717030;11.641158;Göteborg;football
1;2026-10-02;19:00;129327;P19 Superettan Södra 2026;2;3;6561655;4;/go-to/?fmid=6561655;Norrby IF;https://staticcdn.svenskfotboll.se/img/teamssm/10554.png;21;Varbergs BoIS FC;https://staticcdn.svenskfotboll.se/img/teamssm/7701.png;8;0-1;Ramnavallen konstgräs;Ramnavallen;Ramnavallen, Enandersgatan, Byttorp, Borås, Borås kommun, Västra Götalands län, 504 66, Sverige;Y;57.722541;12.919158;1;football
21;2026-10-02;19:00;135587;Damer, Div 3 Norra;3;4;6570228;4;/go-to/?fmid=6570228;Råda BK U;https://staticcdn.svenskfotboll.se/img/teamssm/10400.png;21;Skultorps IF U;https://staticcdn.svenskfotboll.se/img/teamssm/10298.png;21;1-2;Rådavallen Dinaplanen konstgräs;Rådavallen;Rådavallen, Vattenledningsvägen, Råda, Råda distrikt, Lidköpings kommun, Västra Götalands län, 531 59, Sverige;Y;58.499337;13.102725;Västergötland;football
21;2026-10-02;19:00;135571;Herrar, Div 4 Södra;2;4;6567355;4;/go-to/?fmid=6567355;Sandareds IF;https://staticcdn.svenskfotboll.se/img/teamssm/10368.png;21;Bollebygds SK;https://staticcdn.svenskfotboll.se/img/teamssm/11547.png;21;2-0;Sandevi B konstgräs;Sandevi;Sandevi, Alingsåsvägen, Torp, Sandared, Borås kommun, Västra Götalands län, 518 33, Sverige;Y;57.719494;12.788878;Västergötland;football
21;2026-10-02;19:00;135580;Herrar, Div 6 Mark;2;4;6581683;4;/go-to/?fmid=6581683;Borås GIF;https://staticcdn.svenskfotboll.se/img/teamssm/11533.png;21;Björketorps IF;https://staticcdn.svenskfotboll.se/img/teamssm/8731.png;21;9-2;Sjöbo Arena B konstgräs;Sjöbo Arena;Barnhemsgatan 71, 506 48 Borås;Y;57.755358;12.938517;Västergötland;football
7;2026-10-02;19:00;133744;Flickor 2010-2011 Lätt Grupp A;3;3;6585017;4;/go-to/?fmid=6585017;Ahlafors/Surte;https://staticcdn.svenskfotboll.se/img/teamssm/11662.png;7;HBH F10/11;https://staticcdn.svenskfotboll.se/img/teamssm/11038.png;7;1-1;Svenska Stenhus Arena 3 Konstgräs;Sjövallen IP;Sjövallavägen 111, 449 50 Alafors;Y;57.915942;12.107763;Göteborg;football
21;2026-10-02;19:00;135587;Damer, Div 3 Norra;3;4;6570214;4;/go-to/?fmid=6570214;Trollhättans IF;https://staticcdn.svenskfotboll.se/img/teamssm/10051.png;21;Arentorp Helås FK A;https://staticcdn.svenskfotboll.se/img/teamssm/8703.png;21;0-1;Skogshöjden Konstgräs;Skogshöjden;Skogshöjden, Trollhättan, Trollhättans kommun, Västra Götalands län, 461 73, Sverige;Y;58.320719;12.275242;Västergötland;football
28;2026-10-02;19:00;139708;BDFF P13-14 Blå Höst 2;2;3;6906092;4;/go-to/?fmid=6906092;Vallens IF P2012;https://staticcdn.svenskfotboll.se/img/teamssm/8496.png;28;Rosseröds IK U-15 2012/13;https://staticcdn.svenskfotboll.se/img/teamssm/8499.png;28;6-1;Stora Höga IP Konstgräs;Stora Höga IP;Stora Höga, Stenungsunds kommun, Västra Götalands län, 444 60, Sverige;Y;58.014336;11.828450;Bohuslän-Dalsland;football
7;2026-10-02;19:00;133150;Division 5A Herr;2;4;6532417;4;/go-to/?fmid=6532417;Surte IS FK;https://staticcdn.svenskfotboll.se/img/teamssm/12036.png;7;Hermansby IF;https://staticcdn.svenskfotboll.se/img/teamssm/11150.png;7;4-3;Surte 2 Konstgräs;Surte IP;Idrottsvägen 4, 445 55 Surte;Y;57.836279;12.017412;Göteborg;football
1;2026-10-02;19:00;129332;P19 Div.1 2026 Norra Götaland;2;3;6583463;4;/go-to/?fmid=6583463;Tidaholms GoIF;https://staticcdn.svenskfotboll.se/img/teamssm/10095.png;21;Lidköpings FK;https://staticcdn.svenskfotboll.se/img/teamssm/8704.png;21;0-4;Tidavallen B-plan Konstgräs;Tidavallen;Tidavallen, Malmhultsvägen, Siggestorp, Tidaholm, Tidaholms kommun, Västra Götalands län, 522 37, Sverige;Y;58.171031;13.957982;1;football
1;2026-10-02;19:00;131959;Div 2 Västra Götaland, herr 2026;2;4;6547597;4;/go-to/?fmid=6547597;Torslanda IK;https://staticcdn.svenskfotboll.se/img/teamssm/10068.png;7;IK Kongahälla;https://staticcdn.svenskfotboll.se/img/teamssm/9590.png;7;2-0;Torslandavallen 2 Konstgräs;Torslandavallen;Torslanda Idrottsväg 17, 423 32 Torslanda;Y;57.718280;11.757490;1;football
21;2026-10-02;19:00;135571;Herrar, Div 4 Södra;2;4;6567385;4;/go-to/?fmid=6567385;Tranemo IF;https://staticcdn.svenskfotboll.se/img/teamssm/10061.png;21;Torestorp-Älekulla FF;https://staticcdn.svenskfotboll.se/img/teamssm/11958.png;21;2-4;Tranehov B konstgräs;Tranehov;Tranehov, Diskusgatan, Tranemo, Tranemo kommun, Västra Götalands län, 514 34, Sverige;Y;57.482305;13.331199;Västergötland;football
21;2026-10-02;19:00;135589;Damer, Div 4 Västra;3;4;6580297;4;/go-to/?fmid=6580297;Vårgårda IK;https://staticcdn.svenskfotboll.se/img/teamssm/9882.png;21;Främmestad/Elmer-Fåglum/Nossebro;https://staticcdn.svenskfotboll.se/img/teamssm/11338.png;21;2-2;Tånga Hed C-plan Konstgräs;Tånga Hed;Tånga Hed Idrottsplatsen, 447 91 Vårgårda;Y;58.028705;12.818220;Västergötland;football
8;2026-10-02;19:00;133919;Division 5 Herr Norra Halland;2;4;6534776;4;/go-to/?fmid=6534776;Veddige BK;https://staticcdn.svenskfotboll.se/img/teamssm/9481.png;8;Långås/Morup;https://staticcdn.svenskfotboll.se/img/teamssm/9501.png;8;2-2;Veddige IP A;Veddige IP;Veddige idrottsplats, 41, Veddige, Varbergs kommun, Hallands län, 432 66, Sverige;Y;57.264497;12.334629;Halland;football
21;2026-10-02;19:00;135587;Damer, Div 3 Norra;3;4;6570200;4;/go-to/?fmid=6570200;Vänersborgs IF;https://staticcdn.svenskfotboll.se/img/teamssm/8627.png;21;Vinninga AIF;https://staticcdn.svenskfotboll.se/img/teamssm/8630.png;21;4-1;Vänersvallen Nord;Vänersvallen;Gropbrovägen 4, 462 56 Vänersborg;Y;58.367442;12.323966;Västergötland;football
7;2026-10-02;19:00;133745;Flickor 2010-2011 Lätt Grupp B;3;3;6585137;4;/go-to/?fmid=6585137;Älvängens IK F11;https://staticcdn.svenskfotboll.se/img/teamssm/9783.png;7;Lindome GIF Svart;https://staticcdn.svenskfotboll.se/img/teamssm/10741.png;7;2-2;Älvevi 2 Konstgräs;Älvevi;Hövägen 23, 446 32 Älvängen;Y;57.954092;12.123567;Göteborg;football
1;2026-10-02;19:00;133439;Elitettan 2026;3;4;6536475;4;/go-to/?fmid=6536475;Jitex BK;https://staticcdn.svenskfotboll.se/img/teamssm/7516.png;7;Linköping FC;https://staticcdn.svenskfotboll.se/img/teamssm/7025.png;24;2-1;Åbyvallen 1 Konstgräs;Åbyvallen;Idrottsvägen 5, 431 62 Mölndal;Y;57.645363;12.002082;1;football
7;2026-10-02;19:00;133527;Junior Pojkar Div 2A;2;3;6538451;4;/go-to/?fmid=6538451;Åsa IF;https://staticcdn.svenskfotboll.se/img/teamssm/9807.png;8;Qviding FIF;https://staticcdn.svenskfotboll.se/img/teamssm/8089.png;7;2-3;Åsa C;Åsa Centrum;Bollvägen 107-113, 439 54 Åsa;Y;57.353889;12.115352;Göteborg;football
7;2026-10-02;19:00;133611;Pojkar 2013(13 år) Höst Medel Grupp E;2;3;6828898;4;/go-to/?fmid=6828898;Öjersjö IF 2;https://staticcdn.svenskfotboll.se/img/teamssm/7552.png;7;Mölnlycke IF Gul;https://staticcdn.svenskfotboll.se/img/teamssm/10594.png;7;5-5;Öjersjö IP 12 Konstgräs;Öjersjö IP;Tallmossevägen 9, 433 50 Öjersjö;Y;57.702889;12.149245;Göteborg;football
21;2026-10-02;19:00;135580;Herrar, Div 6 Mark;2;4;6581686;4;/go-to/?fmid=6581686;IFK Örby;https://staticcdn.svenskfotboll.se/img/teamssm/10940.png;21;Hajoms IF;https://staticcdn.svenskfotboll.se/img/teamssm/8706.png;21;10-0;Örby IP B;Örby IP;Öresjövägen 17, 511 31 Örby;Y;57.475963;12.707193;Västergötland;football
7;2026-10-02;19:00;133573;Pojkar 2009-2010(16-17 år) Lätt Grupp A;2;3;6600199;4;/go-to/?fmid=6600199;Lunden Överås BK Svart;https://staticcdn.svenskfotboll.se/img/teamssm/10705.png;7;Sävedalens IF Röd;https://staticcdn.svenskfotboll.se/img/teamssm/9545.png;7;4-4;Överåsvallen 1 Konstgräs;Överåsvallen;Skogshyddegatan 16, 412 74 Göteborg;Y;57.707876;12.002439;Göteborg;football
8;2026-10-02;19:00;136282;Division 4 Dam Halland;3;4;6612751;4;/go-to/?fmid=6612751;Tvååkers IF;https://staticcdn.svenskfotboll.se/img/teamssm/9483.png;8;IS Örnia;https://staticcdn.svenskfotboll.se/img/teamssm/9753.png;8;1-12;Övrevi C;Övrevi;Övrevi idrottsplats, N 760, Stenen, Övreby, Tvååker, Varbergs kommun, Hallands län, 432 78, Sverige;Y;57.046115;12.379083;Halland;football
7;2026-10-02;19:15;133153;Division 6B Herr;2;4;6534283;4;/go-to/?fmid=6534283;Backatorp IF;https://staticcdn.svenskfotboll.se/img/teamssm/11915.png;7;Kode IF;https://staticcdn.svenskfotboll.se/img/teamssm/10828.png;7;1-1;Backavallen 1 Konstgräs;Backavallen;Wadköpingsgatan 153, 422 51 Hisings Backa;Y;57.745322;11.967003;Göteborg;football
7;2026-10-02;19:15;133151;Division 5B Herr;2;4;6532551;4;/go-to/?fmid=6532551;Bergums IF;https://staticcdn.svenskfotboll.se/img/teamssm/11584.png;7;SK Argo;https://staticcdn.svenskfotboll.se/img/teamssm/9645.png;7;7-1;Bergumsvallen Konstgräs;Bergumsvallen;Grönkullavägen 21, 424 70 Olofstorp;Y;57.801061;12.166928;Göteborg;football
7;2026-10-02;19:15;133576;Pojkar 2011(15 år) Medel Grupp B;2;3;6607886;4;/go-to/?fmid=6607886;Lundby IF p11 Grön;https://staticcdn.svenskfotboll.se/img/teamssm/11776.png;7;Kärra KIF Gul;https://staticcdn.svenskfotboll.se/img/teamssm/10780.png;7;2-4;Fjärdingsplan KG;Fjärdingsplan;Lantmätaregatan 21, 417 06 Göteborg;Y;57.724197;11.939560;Göteborg;football
7;2026-10-02;19:15;133523;Junior Pojkar Div 3;2;3;6543044;4;/go-to/?fmid=6543044;Azalea BK;https://staticcdn.svenskfotboll.se/img/teamssm/7817.png;7;Utbynäs SK;https://staticcdn.svenskfotboll.se/img/teamssm/9983.png;7;2-4;Gröna Vallen 1;Gröna Vallen;Gröna Vallen, Svanebäcksgatan 16, 414 71 Göteborg;Y;57.687961;11.917564;Göteborg;football
7;2026-10-02;19:15;133641;Pojkar 2014(12 år) Grupp K Höst;2;2;6837973;5;/go-to/?fmid=6837973;Kärra KIF Vit;https://staticcdn.svenskfotboll.se/img/teamssm/10780.png;7;Mölnlycke IF Svart;https://staticcdn.svenskfotboll.se/img/teamssm/10594.png;7;-1--1;Klarebergsvallen 3 Konstgräs 7M7;Klarebergsvallen;Burmans Gata 3, 425 33 Hisings Kärra;Y;57.798761;11.987168;Göteborg;football
21;2026-10-02;19:15;135587;Damer, Div 3 Norra;3;4;6570155;4;/go-to/?fmid=6570155;IK Gauthiod;https://staticcdn.svenskfotboll.se/img/teamssm/11304.png;21;Våmbs IF;https://staticcdn.svenskfotboll.se/img/teamssm/8628.png;21;3-1;Lunnevi IP Konstgräs;Lunnevi IP;Tengenevägen 47635, 467 35 Grästrop;Y;58.330104;12.682735;Västergötland;football
7;2026-10-02;19:15;133152;Division 6A Herr;2;4;6532690;4;/go-to/?fmid=6532690;Nödinge SK Fotboll;https://staticcdn.svenskfotboll.se/img/teamssm/10503.png;7;Bergsjö IF;https://staticcdn.svenskfotboll.se/img/teamssm/11586.png;7;0-1;Vimmervi 2 Konstgräs;Vimmervi;Gamla Kilandavägen 62, 449 36 Nödinge;Y;57.886226;12.080329;Göteborg;football
7;2026-10-02;19:30;133527;Junior Pojkar Div 2A;2;3;6538454;4;/go-to/?fmid=6538454;Hisingsbacka FC;https://staticcdn.svenskfotboll.se/img/teamssm/11138.png;7;Näsets SK U19;https://staticcdn.svenskfotboll.se/img/teamssm/10510.png;7;3-5;Backavallen 2 (GRATTS Arena);Backavallen;Wadköpingsgatan 153, 422 51 Hisings Backa;Y;57.745322;11.967003;Göteborg;football
1;2026-10-02;19:30;139916;P16 Allsvenskan A-slutspel Södra 2026;2;3;6912047;4;/go-to/?fmid=6912047;GAIS;https://staticcdn.svenskfotboll.se/img/teamssm/9614.png;7;IF Elfsborg;https://staticcdn.svenskfotboll.se/img/teamssm/11429.png;21;1-1;Gaisgården 2 Konstgräs;Gaisgården;Gamla Boråsvägen 75, 412 76 Göteborg;Y;57.680427;12.029061;1;football
1;2026-10-02;19:30;138418;P16 Div.1 2026 B-slutspel Norra Götaland;2;3;6911934;4;/go-to/?fmid=6911934;Gerdskens BK;https://staticcdn.svenskfotboll.se/img/teamssm/8712.png;21;IK Oddevold;https://staticcdn.svenskfotboll.se/img/teamssm/10500.png;28;3-2;Gerdskenvallen A-plan;Gerdskenvallen;Gerdskenvallen, Örnvägen 9, 441 40 Alingsås;Y;57.921454;12.538694;1;football
7;2026-10-02;19:30;133161;Division 4B Dam;3;4;6533891;4;/go-to/?fmid=6533891;HBH Hönö/Björkö;https://staticcdn.svenskfotboll.se/img/teamssm/11038.png;7;Utbynäs SK (B);https://staticcdn.svenskfotboll.se/img/teamssm/9983.png;7;0-1;Hönö Arena 1;Hönö Arena;Lindblomsvägen 30, 475 42 Hönö;Y;57.687870;11.652948;Göteborg;football
8;2026-10-02;19:30;133920;Division 5 Herr Södra Halland;2;4;6526934;4;/go-to/?fmid=6526934;HGH FC;https://staticcdn.svenskfotboll.se/img/teamssm/9516.png;8;Sennans IF;https://staticcdn.svenskfotboll.se/img/teamssm/9495.png;8;6-1;Tranevall;Tranevall;Tranevall, Tranevallsvägen, Harplinge, Halmstads kommun, Hallands län, 305 60, Sverige;Y;56.743210;12.734066;Halland;football
1;2026-10-02;19:30;131959;Div 2 Västra Götaland, herr 2026;2;4;6547596;4;/go-to/?fmid=6547596;Qviding FIF;https://staticcdn.svenskfotboll.se/img/teamssm/8089.png;7;Landvetter IS;https://staticcdn.svenskfotboll.se/img/teamssm/10768.png;7;0-1;Valhalla 1 Konstgräs;Valhalla;Valhallagatan 6, 412 51 Göteborg;Y;57.701605;11.991324;1;football
7;2026-10-02;19:45;133574;Pojkar 2009-2010(16-17 år) Medel Grupp C;2;3;6601866;4;/go-to/?fmid=6601866;Örgryte IS Vit;https://staticcdn.svenskfotboll.se/img/teamssm/12910.png;7;Öckerö IF 1;https://staticcdn.svenskfotboll.se/img/teamssm/9774.png;7;1-3;Hammarviken Arena;ÖIS-gården;Korndalsvägen 3, 412 76 Göteborg;Y;57.675233;12.028495;Göteborg;football
7;2026-10-02;20:00;133581;Pojkar 2011(15 år) Medel Grupp C;2;3;6608195;4;/go-to/?fmid=6608195;Qviding FIF 2;https://staticcdn.svenskfotboll.se/img/teamssm/8089.png;7;IF Mölndal Fotboll Vit;https://staticcdn.svenskfotboll.se/img/teamssm/9569.png;7;9-2;Härlanda Park 2 Konstgräs;Härlanda Park;Härlanda Park 6B, 416 52 Göteborg;Y;57.716492;12.017055;Göteborg;football
7;2026-10-02;20:00;133572;Pojkar 2009-2010(16-17 år) Medel Grupp B;2;3;6601743;4;/go-to/?fmid=6601743;Jonsereds IF P2010 Gul;https://staticcdn.svenskfotboll.se/img/teamssm/9595.png;7;Särö Kullavik IF;https://staticcdn.svenskfotboll.se/img/teamssm/9496.png;8;3-4;Jonsereds IP 1 Konstgräs;Jonsereds IP;Jons väg 23, 433 75 Jonsered;Y;57.746215;12.169063;Göteborg;football
7;2026-10-02;20:00;133616;Pojkar 2013(13 år) Höst Lätt Grupp C;2;3;6828559;4;/go-to/?fmid=6828559;Landvetter IS Röd P2013;https://staticcdn.svenskfotboll.se/img/teamssm/10768.png;7;Azalea BK P2013 Orange;https://staticcdn.svenskfotboll.se/img/teamssm/7817.png;7;1-7;Landvetter IP B-plan 21;Landvetter IP;Tahultsvägen 60, 438 35 Landvetter;Y;57.702382;12.203031;Göteborg;football
1;2026-10-02;20:00;138412;P17 Div.1 2026 B-slutspel Nordöstra Götaland;2;3;6911963;4;/go-to/?fmid=6911963;Skövde AIK;https://staticcdn.svenskfotboll.se/img/teamssm/10281.png;21;IFK Skövde FK;https://staticcdn.svenskfotboll.se/img/teamssm/7848.png;21;2-2;Södermalms IP A;Södermalms IP;Södermalms idrottsplats, Skaraborgsgatan, Södermalm, Skövde, Skövde kommun, Västra Götalands län, 541 52, Sverige;Y;58.378431;13.840427;1;football
7;2026-10-02;20:15;133151;Division 5B Herr;2;4;6532553;5;/go-to/?fmid=6532553;Guldhedens IK;https://staticcdn.svenskfotboll.se/img/teamssm/11249.png;7;Valhalla FC;https://staticcdn.svenskfotboll.se/img/teamssm/13532.png;7;0-0;Guldheden Södra 1 Konstgräs;Guldheden Södra;Gibraltargatan 41, 412 58 Göteborg;Y;57.681136;11.982964;Göteborg;football
7;2026-10-02;20:15;133156;Division 7B Herr;2;4;6534422;4;/go-to/?fmid=6534422;Högaborg Käringön FC;https://staticcdn.svenskfotboll.se/img/teamssm/7515.png;7;Kairaba IF;https://staticcdn.svenskfotboll.se/img/teamssm/14795.png;7;2-4;Heden 2 Konstgräs;Heden;Heden, 411 38 Göteborg;Y;57.702854;11.978368;Göteborg;football
7;2026-10-02;20:15;136239;Pojkar 2009-2010(16-17 år) Lätt Grupp B;2;3;6600315;4;/go-to/?fmid=6600315;IK Zenith P17 Grön;https://staticcdn.svenskfotboll.se/img/teamssm/9829.png;7;Torslanda IK Svart P17;https://staticcdn.svenskfotboll.se/img/teamssm/10068.png;7;4-1;Hovgårdsvallen 2 Konstgräs (Bjurforsplanen);Hovgårdsvallen;Gamla Lillebyvägen 1, 432 00 Torslanda;Y;57.751235;11.827376;Göteborg;football
7;2026-10-02;20:15;133151;Division 5B Herr;2;4;6532554;4;/go-to/?fmid=6532554;Utbynäs SK;https://staticcdn.svenskfotboll.se/img/teamssm/9983.png;7;Azalea BK;https://staticcdn.svenskfotboll.se/img/teamssm/7817.png;7;8-0;Lemmingvallen 2 Konstgräs;Lemmingvallen;Lemmingsgatan 5, 415 07 Göteborg;Y;57.734850;12.052148;Göteborg;football
7;2026-10-02;20:15;133152;Division 6A Herr;2;4;6532692;4;/go-to/?fmid=6532692;Gårdsten FC;https://staticcdn.svenskfotboll.se/img/teamssm/13638.png;7;Lekstorps IF;https://staticcdn.svenskfotboll.se/img/teamssm/10760.png;7;3-1;Bläsebovallen 1 Konstgräs;Lövgärdesplan;Svarte Filips Gata 10, 424 44 Angered;N;57.814492;12.031817;Göteborg;football
7;2026-10-02;20:15;135973;Flickor 2010-2011 Lätt Grupp C;3;3;6585209;4;/go-to/?fmid=6585209;BK Häcken F2011 lag 2;https://staticcdn.svenskfotboll.se/img/teamssm/11080.png;7;Särö Kullavik IF;https://staticcdn.svenskfotboll.se/img/teamssm/9496.png;8;4-1;Slättadamm 2 konstgräs;Slättadamm;Slättadammsgatan 6, 417 25 Göteborg;Y;57.730565;11.927705;Göteborg;football
7;2026-10-03;09:00;133784;Flickor 2014(12 år) Grupp C Höst;3;2;6834903;5;/go-to/?fmid=6834903;Lerums IS F14 3;https://staticcdn.svenskfotboll.se/img/teamssm/10756.png;7;Angered SK;https://staticcdn.svenskfotboll.se/img/teamssm/12975.png;7;-1--1;Hulan;Hulan;Lilla Bråtavägen, 443 51 Lerum;Y;57.750361;12.243393;Göteborg;football
7;2026-10-03;09:30;133658;Pojkar 2015(11 år) Grupp D Höst;2;2;6845667;5;/go-to/?fmid=6845667;Lindome GIF Vit;https://staticcdn.svenskfotboll.se/img/teamssm/10741.png;7;Dalen/Krokslätts FF Gul;https://staticcdn.svenskfotboll.se/img/teamssm/9632.png;7;-1--1;Lindevi 21 gräs;Lindevi IP;Hällesåkersvägen 5, 437 91 Lindome;Y;57.585286;12.108877;Göteborg;football
7;2026-10-03;10:00;133617;Pojkar 2013(13 år) Höst Lätt Grupp D;2;3;6828605;4;/go-to/?fmid=6828605;Bergums IF;https://staticcdn.svenskfotboll.se/img/teamssm/11584.png;7;Mossens BK Vit;https://staticcdn.svenskfotboll.se/img/teamssm/9571.png;7;1-3;Bergumsvallen 22;Bergumsvallen;Grönkullavägen 21, 424 70 Olofstorp;Y;57.801061;12.166928;Göteborg;football
8;2026-10-03;10:00;137161;P12år Blå;2;2;6737957;5;/go-to/?fmid=6737957;HGH FC Röd;https://staticcdn.svenskfotboll.se/img/teamssm/9516.png;8;IS Halmia röd;https://staticcdn.svenskfotboll.se/img/teamssm/9519.png;8;-1--1;Gullevi IP;Gullevi IP;Gullevi idrottsplats, Furugatan, Nyelund, Gullbrandstorp, Halmstads kommun, Hallands län, 305 64, Sverige;Y;56.699776;12.735356;Halland;football
7;2026-10-03;10:00;133708;Pojkar 2017(9 år) Centrum+Härryda+Mölndal+Väster Grupp B Höst;2;2;6847260;5;/go-to/?fmid=6847260;Älvsborg FF Blå 2;https://staticcdn.svenskfotboll.se/img/teamssm/9622.png;7;Mölnlycke IF P17 Blå;https://staticcdn.svenskfotboll.se/img/teamssm/10594.png;7;-1--1;Hagenplan 11;Hagenplan;Hagens Prästväg 4, 426 74 Västra Frölunda;Y;57.674967;11.882285;Göteborg;football
7;2026-10-03;10:00;133708;Pojkar 2017(9 år) Centrum+Härryda+Mölndal+Väster Grupp B Höst;2;2;6847258;5;/go-to/?fmid=6847258;Qviding FIF Vit 4;https://staticcdn.svenskfotboll.se/img/teamssm/8089.png;7;Balltorps FF P2017 2;https://staticcdn.svenskfotboll.se/img/teamssm/8047.png;7;-1--1;Härlanda Park 4;Härlanda Park;Härlanda Park 6B, 416 52 Göteborg;Y;57.716492;12.017055;Göteborg;football
7;2026-10-03;10:00;133683;Pojkar 2016(10 år) Grupp G Höst;2;2;6844282;5;/go-to/?fmid=6844282;Kareby IS Röd;https://staticcdn.svenskfotboll.se/img/teamssm/10872.png;7;Lundby IF P2016 Blå;https://staticcdn.svenskfotboll.se/img/teamssm/11776.png;7;-1--1;Kareby Hed 11;Kareby Hed;442 46 Kareby;Y;57.903192;11.928436;Göteborg;football
7;2026-10-03;10:00;133661;Pojkar 2015(11 år) Grupp G Höst;2;2;6850534;5;/go-to/?fmid=6850534;Kareby IS Blå;https://staticcdn.svenskfotboll.se/img/teamssm/10872.png;7;Romelanda UF P15;https://staticcdn.svenskfotboll.se/img/teamssm/10427.png;7;-1--1;Kareby Hed 12;Kareby Hed;442 46 Kareby;Y;57.903192;11.928436;Göteborg;football
8;2026-10-03;10:00;137181;P11år Blå söder;2;2;6740489;5;/go-to/?fmid=6740489;Falkenbergs FF Röd;https://staticcdn.svenskfotboll.se/img/teamssm/9525.png;8;Getinge IF;https://staticcdn.svenskfotboll.se/img/teamssm/11297.png;8;-1--1;Kristineslätt IP 7;Kristineslätt IP;Kristineslätt, Skrea Strand, Falkenberg, Falkenbergs kommun, Hallands län, 311 41, Sverige;Y;56.891601;12.514593;Halland;football
8;2026-10-03;10:00;137181;P11år Blå söder;2;2;6740506;5;/go-to/?fmid=6740506;Falkenbergs FF Röd;https://staticcdn.svenskfotboll.se/img/teamssm/9525.png;8;Skrea IF;https://staticcdn.svenskfotboll.se/img/teamssm/9493.png;8;-1--1;Kristineslätt IP 6;Kristineslätt IP;Kristineslätt, Skrea Strand, Falkenberg, Falkenbergs kommun, Hallands län, 311 41, Sverige;Y;56.891601;12.514593;Halland;football
7;2026-10-03;10:00;133656;Pojkar 2015(11 år) Grupp B Höst;2;2;6850427;5;/go-to/?fmid=6850427;Eriksbergs IF;https://staticcdn.svenskfotboll.se/img/teamssm/9629.png;7;IK Zenith Blå;https://staticcdn.svenskfotboll.se/img/teamssm/9829.png;7;-1--1;Krokängsplan 11 Konstgräs;Krokängsplan;Säterigatan 15, 417 69 Göteborg;Y;57.702920;11.910432;Göteborg;football
7;2026-10-03;10:00;133710;Pojkar 2017(9 år) Centrum+Härryda+Mölndal+Väster Grupp D Höst;2;2;6848164;5;/go-to/?fmid=6848164;Fässbergs IF lila 3;https://staticcdn.svenskfotboll.se/img/teamssm/9620.png;7;Donsö IS SSIK/Styrsö BK Styrsö BK/SSIK P 2017;https://staticcdn.svenskfotboll.se/img/teamssm/9631.png;7;-1--1;Rävekärrsplan 11;Rävekärrsplan;Fågelbergsgatan 6, 431 33 Mölndal;Y;57.643218;12.034367;Göteborg;football
28;2026-10-03;10:00;136233;BDFF P10-12 Svart;2;2;6734504;5;/go-to/?fmid=6734504;Vallens IF P2014 vit;https://staticcdn.svenskfotboll.se/img/teamssm/8496.png;28;IFK Uddevalla P2014;https://staticcdn.svenskfotboll.se/img/teamssm/8505.png;28;-1--1;Stora Höga IP Konstgräs;Stora Höga IP;Stora Höga, Stenungsunds kommun, Västra Götalands län, 444 60, Sverige;Y;58.014336;11.828450;Bohuslän-Dalsland;football
8;2026-10-03;10:00;136544;F11år Blå;3;2;6727597;5;/go-to/?fmid=6727597;BK Astrio gul;https://staticcdn.svenskfotboll.se/img/teamssm/9529.png;8;IF Böljan Falkenberg;https://staticcdn.svenskfotboll.se/img/teamssm/9528.png;8;-1--1;Söndrums IP E;Söndrums IP;Söndrums Idrottsplats, Bäckagårdsvägen, Pålsbo, Bäckagård, Halmstad, Halmstads kommun, Hallands län, 302 91, Sverige;Y;56.670271;12.797138;Halland;football
7;2026-10-03;10:00;133781;Flickor 2014(12 år) Grupp D Höst;3;2;6835508;5;/go-to/?fmid=6835508;Nödinge SK Fotboll Vit;https://staticcdn.svenskfotboll.se/img/teamssm/10503.png;7;Älvängens IK F14 blå;https://staticcdn.svenskfotboll.se/img/teamssm/9783.png;7;-1--1;Vimmervi 22 Konstgräs;Vimmervi;Gamla Kilandavägen 62, 449 36 Nödinge;Y;57.886226;12.080329;Göteborg;football
7;2026-10-03;10:00;133764;Flickor 2012-2013 Liten 9M9 Lätt Gr. B Höst;3;3;6828264;4;/go-to/?fmid=6828264;Ytterby IS Röd 2013;https://staticcdn.svenskfotboll.se/img/teamssm/9832.png;7;Azalea BK;https://staticcdn.svenskfotboll.se/img/teamssm/7817.png;7;11-2;Ytterns IP 11;Ytterns IP;Ytterby, 442 40 Kungälv;Y;57.869280;11.935196;Göteborg;football
8;2026-10-03;10:00;139571;P13år Röd A Höst;2;3;6898502;4;/go-to/?fmid=6898502;IFK Fjärås Röd;https://staticcdn.svenskfotboll.se/img/teamssm/9511.png;8;Lerkils IF 2;https://staticcdn.svenskfotboll.se/img/teamssm/10757.png;8;2-7;Ögärdets IP B1;Ögärdets IP;Klövervägen 2A, 439 71 Fjärås;Y;57.459731;12.184603;Halland;football
7;2026-10-03;10:00;133744;Flickor 2010-2011 Lätt Grupp A;3;3;6585018;4;/go-to/?fmid=6585018;Öjersjö IF;https://staticcdn.svenskfotboll.se/img/teamssm/7552.png;7;Angereds IS F10/11;https://staticcdn.svenskfotboll.se/img/teamssm/12744.png;7;4-1;Öjersjö IP 1 Konstgräs;Öjersjö IP;Tallmossevägen 9, 433 50 Öjersjö;Y;57.702889;12.149245;Göteborg;football
21;2026-10-03;10:30;136731;Pojkar Div 8 Borås norr;2;3;6723544;4;/go-to/?fmid=6723544;Brämhults IK Vit;https://staticcdn.svenskfotboll.se/img/teamssm/8727.png;21;Fristad/Borgstena/Sparsör;https://staticcdn.svenskfotboll.se/img/teamssm/11342.png;21;2-4;Brämhults IP B;Brämhults IP;Gamla Brämhultsvägen, Hässleholmen, Borås, Borås kommun, Västra Götalands län, 507 44, Sverige;Y;57.726346;12.970209;Västergötland;football
7;2026-10-03;10:30;133800;Flickor 2015(11 år) Grupp E Höst;3;2;6839817;5;/go-to/?fmid=6839817;Floda BoIF Vit;https://staticcdn.svenskfotboll.se/img/teamssm/11366.png;7;Lunden Överås BK Vit;https://staticcdn.svenskfotboll.se/img/teamssm/10705.png;7;-1--1;Flodala IP 4 FRAMTIDEN;Flodala IP;Skallsjö Prästväg 14, 448 31 Floda;Y;57.795503;12.346356;Göteborg;football
7;2026-10-03;10:30;133585;Pojkar 2012(14 år) Lätt Grupp A;2;3;6621890;4;/go-to/?fmid=6621890;Jonsereds IF P2012 BLÅ;https://staticcdn.svenskfotboll.se/img/teamssm/9595.png;7;Qviding FIF 2;https://staticcdn.svenskfotboll.se/img/teamssm/8089.png;7;6-2;Jonsereds IP II;Jonsereds IP;Jons väg 23, 433 75 Jonsered;Y;57.746215;12.169063;Göteborg;football
7;2026-10-03;10:30;133781;Flickor 2014(12 år) Grupp D Höst;3;2;6835497;5;/go-to/?fmid=6835497;Öckerö IF;https://staticcdn.svenskfotboll.se/img/teamssm/9774.png;7;Älvsborg FF Blackstenius;https://staticcdn.svenskfotboll.se/img/teamssm/9622.png;7;-1--1;Prästängen 3 9M9 Konstgräs;Prästängen;PRÄSTÄNGEN 1, 475 31 Öckerö;Y;57.717030;11.641158;Göteborg;football
8;2026-10-03;10:30;139377;P14år Röd C Höst;2;3;6888008;4;/go-to/?fmid=6888008;SRG Himledalen;https://staticcdn.svenskfotboll.se/img/teamssm/10288.png;8;Trönninge IF;https://staticcdn.svenskfotboll.se/img/teamssm/9484.png;8;3-5;Skällinge IP B;Skällinge IP;Skällinge idrottsplats, Idrottsvägen, Madlid, Skällinge, Varbergs kommun, Hallands län, 432 97, Sverige;Y;57.178796;12.464149;Halland;football
7;2026-10-03;10:30;133797;Flickor 2015(11 år) Grupp F Höst;3;2;6840495;5;/go-to/?fmid=6840495;Sävedalens IF Blå;https://staticcdn.svenskfotboll.se/img/teamssm/9545.png;7;IF Väster F2015 Svart;https://staticcdn.svenskfotboll.se/img/teamssm/9861.png;7;-1--1;Vallhamra 21 Konstgräs;Vallhamra IP;Ugglumsleden 48, 433 64 Sävedalen;Y;57.724452;12.079253;Göteborg;football
7;2026-10-03;10:30;133795;Flickor 2015(11 år) Grupp B Höst;3;2;6838852;5;/go-to/?fmid=6838852;Örgryte IS Fotboll Röd;https://staticcdn.svenskfotboll.se/img/teamssm/12910.png;7;Jitex BK Lila;https://staticcdn.svenskfotboll.se/img/teamssm/7516.png;7;-1--1;ÖIS-gården 7M7 Konstgräs;ÖIS-gården;Korndalsvägen 3, 412 76 Göteborg;Y;57.675233;12.028495;Göteborg;football
7;2026-10-03;10:45;133664;Pojkar 2015(11 år) Grupp J Höst;2;2;6851709;5;/go-to/?fmid=6851709;Gunnilse IS Vit;https://staticcdn.svenskfotboll.se/img/teamssm/11237.png;7;Qviding FIF Svart 2;https://staticcdn.svenskfotboll.se/img/teamssm/8089.png;7;-1--1;Hjällbovallen 21 konstgräs;Hjällbovallen;Knattens väg 12, 424 32 Angered;Y;57.777950;12.017062;Göteborg;football
7;2026-10-03;10:45;133781;Flickor 2014(12 år) Grupp D Höst;3;2;6835501;5;/go-to/?fmid=6835501;Lindome GIF Svart;https://staticcdn.svenskfotboll.se/img/teamssm/10741.png;7;Kareby IS F2014;https://staticcdn.svenskfotboll.se/img/teamssm/10872.png;7;-1--1;Lindevi 22 gräs;Lindevi IP;Hällesåkersvägen 5, 437 91 Lindome;Y;57.585286;12.108877;Göteborg;football
7;2026-10-03;10:45;133632;Pojkar 2014(12 år) Grupp D Höst;2;2;6837627;5;/go-to/?fmid=6837627;Lindome GIF Vit;https://staticcdn.svenskfotboll.se/img/teamssm/10741.png;7;Hovås Billdal IF 3;https://staticcdn.svenskfotboll.se/img/teamssm/11109.png;7;-1--1;Lindevi 32 Konstgräs;Lindevi IP;Hällesåkersvägen 5, 437 91 Lindome;Y;57.585286;12.108877;Göteborg;football
7;2026-10-03;10:45;133658;Pojkar 2015(11 år) Grupp D Höst;2;2;6845666;5;/go-to/?fmid=6845666;Lindome GIF Svart;https://staticcdn.svenskfotboll.se/img/teamssm/10741.png;7;Dalen/Krokslätts FF Blå;https://staticcdn.svenskfotboll.se/img/teamssm/9632.png;7;-1--1;Lindevi 21 gräs;Lindevi IP;Hällesåkersvägen 5, 437 91 Lindome;Y;57.585286;12.108877;Göteborg;football
7;2026-10-03;10:45;133635;Pojkar 2014(12 år) Grupp G Höst;2;2;6840966;5;/go-to/?fmid=6840966;Surte IS FK 1;https://staticcdn.svenskfotboll.se/img/teamssm/12036.png;7;Solväders FC Röd;https://staticcdn.svenskfotboll.se/img/teamssm/12147.png;7;-1--1;Surte IP 22;Surte IP;Idrottsvägen 4, 445 55 Surte;Y;57.836279;12.017412;Göteborg;football
21;2026-10-03;11:00;137615;Flickor Div 7 Trollhättan;3;2;6783780;5;/go-to/?fmid=6783780;Skoftebyns IF Vit;https://staticcdn.svenskfotboll.se/img/teamssm/8653.png;21;Edet FK;https://staticcdn.svenskfotboll.se/img/teamssm/8683.png;21;-1--1;Almagärdet;Almagärdet;Almagärdet, Stubberedsvägen, Ryr, Stubbered, Trollhättan, Trollhättans kommun, Västra Götalands län, 461 91, Sverige;Y;58.258814;12.246736;Västergötland;football
21;2026-10-03;11:00;136511;Pojkar Div 4 Falköping;2;3;6708488;4;/go-to/?fmid=6708488;Floby-Grolanda/Tomten;https://staticcdn.svenskfotboll.se/img/teamssm/13639.png;21;Ulricehamns IFK Svart;https://staticcdn.svenskfotboll.se/img/teamssm/7738.png;21;2-4;Björkåsen A;Björkåsen;Björkåsen Grolanda IF,521 55 Grolanda;Y;58.075979;13.384854;Västergötland;football
1;2026-10-03;11:00;138409;P17 Div.1 2026 A-slutspel Norra Götaland;2;3;6911836;4;/go-to/?fmid=6911836;Norra Härene BK;https://staticcdn.svenskfotboll.se/img/teamssm/8673.png;21;Ljungskile SK Herrfotboll;https://staticcdn.svenskfotboll.se/img/teamssm/13211.png;28;6-1;Bronäsvallen A;Bronäsvallen;Norra Härene 3, 531 92 Lidköping;Y;58.429713;13.136506;1;football
21;2026-10-03;11:00;136511;Pojkar Div 4 Falköping;2;3;6708487;4;/go-to/?fmid=6708487;IFK Falköping FF;https://staticcdn.svenskfotboll.se/img/teamssm/7190.png;21;Åsarp-Trädet/Vartofta;https://staticcdn.svenskfotboll.se/img/teamssm/6993.png;21;3-5;Dotorpsplan A;Dotorpsplan;Dotorpsgatan 70, 521 33 Falköping;Y;58.174328;13.562701;Västergötland;football
7;2026-10-03;11:00;133632;Pojkar 2014(12 år) Grupp D Höst;2;2;6837630;5;/go-to/?fmid=6837630;IFK Hindås Vit;https://staticcdn.svenskfotboll.se/img/teamssm/11008.png;7;Fässbergs IF Lila 2;https://staticcdn.svenskfotboll.se/img/teamssm/9620.png;7;-1--1;Fagervallen 21 Konstgräs;Fagervallen;Sportvägen 9, 438 98 Hindås;Y;57.695964;12.435282;Göteborg;football
21;2026-10-03;11:00;136525;Flickor Div 2 Trollhättan;3;3;6715509;5;/go-to/?fmid=6715509;Skepplanda BTK Sjövik;https://staticcdn.svenskfotboll.se/img/teamssm/10314.png;21;Trollhättans BoIS;https://staticcdn.svenskfotboll.se/img/teamssm/8643.png;21;0-0;Forsvallen A-plan;Forsvallen IP;Vadbacka 125, 446 94 Skepplanda;Y;57.977314;12.195539;Västergötland;football
8;2026-10-03;11:00;137160;P12år Vit;2;2;6729456;5;/go-to/?fmid=6729456;Frillesås FF;https://staticcdn.svenskfotboll.se/img/teamssm/9524.png;8;Träslövsläge IF Blå;https://staticcdn.svenskfotboll.se/img/teamssm/10045.png;8;-1--1;Frillesås IP D;Frillesås IP;Rya industriväg 39, 439 62 Frillesås;Y;57.322466;12.184797;Halland;football
7;2026-10-03;11:00;133832;Flickor 2017(9 år) Centrum+Härryda+Mölndal+Väster Grupp B Höst;3;2;6833557;5;/go-to/?fmid=6833557;Balltorps FF F2017;https://staticcdn.svenskfotboll.se/img/teamssm/8047.png;7;BK Bifrost F2017;https://staticcdn.svenskfotboll.se/img/teamssm/9641.png;7;-1--1;Förbovallen 11;Förbovallen;Ålegårdsgatan 297, 431 50 Mölndal;Y;57.625892;12.021226;Göteborg;football
7;2026-10-03;11:00;133782;Flickor 2014(12 år) Grupp E Höst;3;2;6836084;5;/go-to/?fmid=6836084;Balltorps FF 1;https://staticcdn.svenskfotboll.se/img/teamssm/8047.png;7;Qviding FIF 2;https://staticcdn.svenskfotboll.se/img/teamssm/8089.png;7;-1--1;Förbovallen 12;Förbovallen;Ålegårdsgatan 297, 431 50 Mölndal;Y;57.625892;12.021226;Göteborg;football
8;2026-10-03;11:00;136545;F12år Röd;3;2;6719667;5;/go-to/?fmid=6719667;Tvååker/Galtabäck;https://staticcdn.svenskfotboll.se/img/teamssm/9483.png;8;DFK Hasko;https://staticcdn.svenskfotboll.se/img/teamssm/7028.png;8;-1--1;Galtabäcks IP;Galtabäcks IP;Galtabäcks idrottsplats, Lerjans Väg, Jeppagården, Varbergs kommun, Hallands län, 432 76, Sverige;Y;57.040230;12.320336;Halland;football
21;2026-10-03;11:00;136519;Pojkar Div 5 Trollhättan;2;3;6888952;4;/go-to/?fmid=6888952;Gerdskens BK Vit;https://staticcdn.svenskfotboll.se/img/teamssm/8712.png;21;IFK Trollhättan;https://staticcdn.svenskfotboll.se/img/teamssm/8696.png;21;3-0;Gerdskenvallen A-plan;Gerdskenvallen;Gerdskenvallen, Örnvägen 9, 441 40 Alingsås;Y;57.921454;12.538694;Västergötland;football
28;2026-10-03;11:00;136364;BDFF P13-14 Grön Södra;2;3;6653187;4;/go-to/?fmid=6653187;Morlanda GoIF P13/14;https://staticcdn.svenskfotboll.se/img/teamssm/10617.png;28;Torp GOIF P2013;https://staticcdn.svenskfotboll.se/img/teamssm/10073.png;28;5-1;Glimmaråsen Ellös;Glimmaråsen;Glimsåsvägen 17, 474 32 Ellös;Y;58.176125;11.483238;Bohuslän-Dalsland;football
21;2026-10-03;11:00;137622;Flickor Div 8 Hjo;3;2;6783941;3;/go-to/?fmid=6783941;Guldkroken FK;https://staticcdn.svenskfotboll.se/img/teamssm/13425.png;21;Falköpings KIK Röd;https://staticcdn.svenskfotboll.se/img/teamssm/8721.png;21;-1--1;Guldkroksvallen Konstgräs;Guldkroksvallen;Idrottsgatan 5B, 544 34 Hjo;Y;58.296137;14.278686;Västergötland;football
7;2026-10-03;11:00;133708;Pojkar 2017(9 år) Centrum+Härryda+Mölndal+Väster Grupp B Höst;2;2;6847232;5;/go-to/?fmid=6847232;Älvsborg FF Blå 2;https://staticcdn.svenskfotboll.se/img/teamssm/9622.png;7;Qviding FIF Vit 4;https://staticcdn.svenskfotboll.se/img/teamssm/8089.png;7;-1--1;Hagenplan 11;Hagenplan;Hagens Prästväg 4, 426 74 Västra Frölunda;Y;57.674967;11.882285;Göteborg;football
7;2026-10-03;11:00;133713;Pojkar 2017(9 år) Ale+Kungälv Grupp A Höst;2;2;6846636;5;/go-to/?fmid=6846636;Kode IF P17:1;https://staticcdn.svenskfotboll.se/img/teamssm/10828.png;7;Surte IS FK Gul;https://staticcdn.svenskfotboll.se/img/teamssm/12036.png;7;-1--1;Kode IP 31 Konstgräs;Kode IP;SLÄBO 120, 442 96 Kode;Y;57.946073;11.863428;Göteborg;football
21;2026-10-03;11:00;136729;Pojkar Div 8 Alingsås;2;3;6723277;4;/go-to/?fmid=6723277;Kronängs IF Svart/Vit;https://staticcdn.svenskfotboll.se/img/teamssm/8688.png;21;Töllsjö IF;https://staticcdn.svenskfotboll.se/img/teamssm/10016.png;21;10-2;Kronäng Arena;Kronäng Arena;Schaktgatan 1, 504 41 Borås;Y;57.696516;12.931606;Västergötland;football
8;2026-10-03;11:00;139379;P14år Röd A Höst;2;3;6880795;4;/go-to/?fmid=6880795;Kungsbacka IF Blå;https://staticcdn.svenskfotboll.se/img/teamssm/9505.png;8;Tvååker/Galtabäck;https://staticcdn.svenskfotboll.se/img/teamssm/9483.png;8;3-5;Kungsbacka sportcenter 1;Kungsbacka sportcenter;Kungsbacka Sportcenter, Södra Infarten 11, 434 50 Kungsbacka;Y;57.479212;12.076907;Halland;football
8;2026-10-03;11:00;136222;P15år;2;3;6598703;4;/go-to/?fmid=6598703;IF Centern;https://staticcdn.svenskfotboll.se/img/teamssm/9527.png;8;Veddige BK;https://staticcdn.svenskfotboll.se/img/teamssm/9481.png;8;3-1;Kärlekens IP;Kärlekens IP;Kärlekens IP, Stenstorpsvägen, 302 30 Halmstad;Y;56.704171;12.857281;Halland;football
21;2026-10-03;11:00;137592;Pojkar Div 13 Ulricehamn;2;2;6780151;5;/go-to/?fmid=6780151;Ulricehamns IFK Vit;https://staticcdn.svenskfotboll.se/img/teamssm/7738.png;21;Ulricehamns FF Svart;https://staticcdn.svenskfotboll.se/img/teamssm/14809.png;21;-1--1;Lassalyckan C-plan;Lassalyckan;Lassalyckan, Ulricehamns distrikt, Ulricehamn, Ulricehamns kommun, Västra Götalands län, 523 33, Sverige;Y;57.785778;13.436509;Västergötland;football
21;2026-10-03;11:00;138104;Herrar P35 Motion Skara;2;5;6818088;2;/go-to/?fmid=6818088;Skövde AIK;https://staticcdn.svenskfotboll.se/img/teamssm/10281.png;21;Vinninga AIF;https://staticcdn.svenskfotboll.se/img/teamssm/8630.png;21;0-0;Lillegårdens IP, B-plan;Lillegårdens IP;Billingehovsvägen 9, 549 49 Skövde;Y;58.413432;13.849265;Västergötland;football
21;2026-10-03;11:00;139927;Kval till SvFF:s P16 Div.1 - Grupp B;2;3;6913638;4;/go-to/?fmid=6913638;IFK Skövde FK;https://staticcdn.svenskfotboll.se/img/teamssm/7848.png;21;Skoftebyns IF;https://staticcdn.svenskfotboll.se/img/teamssm/8653.png;21;6-4;Lillegårdens IP, A-plan;Lillegårdens IP;Billingehovsvägen 9, 549 49 Skövde;Y;58.413432;13.849265;Västergötland;football
28;2026-10-03;11:00;135694;BDFF P13-14 Röd;2;3;6648400;4;/go-to/?fmid=6648400;Stala IF svart;https://staticcdn.svenskfotboll.se/img/teamssm/10252.png;28;Grebbestads IF P12;https://staticcdn.svenskfotboll.se/img/teamssm/11276.png;28;3-3;Lövängen;Lövängen;Rönnbärsvägen 2, 472 95 Varekil;Y;58.120973;11.708544;Bohuslän-Dalsland;football
21;2026-10-03;11:00;136524;Flickor Div 2 Skövde;3;3;6715451;4;/go-to/?fmid=6715451;Råda BK Grön;https://staticcdn.svenskfotboll.se/img/teamssm/10400.png;21;Skultorps IF Svart;https://staticcdn.svenskfotboll.se/img/teamssm/10298.png;21;4-1;Rådavallen;Rådavallen;Rådavallen, Vattenledningsvägen, Råda, Råda distrikt, Lidköpings kommun, Västra Götalands län, 531 59, Sverige;Y;58.499337;13.102725;Västergötland;football
21;2026-10-03;11:00;136739;Pojkar Div 8 Ulricehamn;2;3;6724443;4;/go-to/?fmid=6724443;Södra Vings IF;https://staticcdn.svenskfotboll.se/img/teamssm/10118.png;21;Ulricehamns IFK Vit;https://staticcdn.svenskfotboll.se/img/teamssm/7738.png;21;5-3;Slottsvallen 9-manna;Slottsvallen;Öndarpsvägen 1A, 523 74 Hökerum;Y;57.847580;13.291819;Västergötland;football
21;2026-10-03;11:00;137539;Pojkar Div 9 Vänersborg;2;2;6784967;5;/go-to/?fmid=6784967;Edet FK Blå;https://staticcdn.svenskfotboll.se/img/teamssm/8683.png;21;Stenungsunds IF;https://staticcdn.svenskfotboll.se/img/teamssm/10236.png;28;-1--1;Strömsvallen A2;Strömsvallen;Roddvägen 18, 463 32 Lilla Edet;Y;58.140210;12.120092;Västergötland;football
8;2026-10-03;11:00;139133;F13år Röd A Höst;3;3;6896277;4;/go-to/?fmid=6896277;BK Astrio Svart;https://staticcdn.svenskfotboll.se/img/teamssm/9529.png;8;Särö Kullavik IF Röd;https://staticcdn.svenskfotboll.se/img/teamssm/9496.png;8;0-3;Söndrums IP C;Söndrums IP;Söndrums Idrottsplats, Bäckagårdsvägen, Pålsbo, Bäckagård, Halmstad, Halmstads kommun, Hallands län, 302 91, Sverige;Y;56.670271;12.797138;Halland;football
8;2026-10-03;11:00;136543;F11år Röd;3;2;6727184;5;/go-to/?fmid=6727184;Trönninge IF;https://staticcdn.svenskfotboll.se/img/teamssm/9484.png;8;SRG Himledalen;https://staticcdn.svenskfotboll.se/img/teamssm/10288.png;8;-1--1;Tuvasvallen 7:match;Tuvasvallen;Tuvasvägen 3, 302 65 Halmstad;Y;56.615975;12.931638;Halland;football
21;2026-10-03;11:00;136740;Pojkar Div 8 Vara;2;3;6724505;4;/go-to/?fmid=6724505;Vårgårda IK Rödvit;https://staticcdn.svenskfotboll.se/img/teamssm/9882.png;21;Essungaalliansen Svart;https://staticcdn.svenskfotboll.se/img/teamssm/11338.png;21;3-4;Tånga Hed C-plan;Tånga Hed;Tånga Hed Idrottsplatsen, 447 91 Vårgårda;Y;58.028705;12.818220;Västergötland;football
8;2026-10-03;11:00;139133;F13år Röd A Höst;3;3;6896278;4;/go-to/?fmid=6896278;Veddige BK Derome;https://staticcdn.svenskfotboll.se/img/teamssm/9481.png;8;Tölö IF;https://staticcdn.svenskfotboll.se/img/teamssm/10015.png;8;1-9;Veddige IP A;Veddige IP;Veddige idrottsplats, 41, Veddige, Varbergs kommun, Hallands län, 432 66, Sverige;Y;57.264497;12.334629;Halland;football
8;2026-10-03;11:00;136543;F11år Röd;3;2;6727194;5;/go-to/?fmid=6727194;Vinbergs IF;https://staticcdn.svenskfotboll.se/img/teamssm/9913.png;8;WRY;https://staticcdn.svenskfotboll.se/img/teamssm/9476.png;8;-1--1;Vinåvallen E;Vinåvallen;Vinåvallen, Apelsinvägen, Vinberg, Falkenbergs kommun, Hallands län, 311 94, Sverige;Y;56.946817;12.546193;Halland;football
21;2026-10-03;11:00;136508;Pojkar Div 2 Norra;2;3;6711284;4;/go-to/?fmid=6711284;Götene IF;https://staticcdn.svenskfotboll.se/img/teamssm/8707.png;21;Halvorstorps IS;https://staticcdn.svenskfotboll.se/img/teamssm/8705.png;21;2-3;Västerby IP A-plan;Västerby IP;Västerby idrottsplats, Hökgatan, Götene distrikt, Götene, Götene kommun, Västra Götalands län, 533 33, Sverige;Y;58.525750;13.479589;Västergötland;football
7;2026-10-03;11:00;133634;Pojkar 2014(12 år) Grupp F Höst;2;2;6842921;5;/go-to/?fmid=6842921;Ytterby IS Blå;https://staticcdn.svenskfotboll.se/img/teamssm/9832.png;7;Öckerö IF P2014 vinröd;https://staticcdn.svenskfotboll.se/img/teamssm/9774.png;7;-1--1;Ytterns IP 42;Ytterns IP;Ytterby, 442 40 Kungälv;Y;57.869280;11.935196;Göteborg;football
7;2026-10-03;11:00;133656;Pojkar 2015(11 år) Grupp B Höst;2;2;6850433;5;/go-to/?fmid=6850433;Älvängens IK Blå;https://staticcdn.svenskfotboll.se/img/teamssm/9783.png;7;Nödinge SK Fotboll Vit;https://staticcdn.svenskfotboll.se/img/teamssm/10503.png;7;-1--1;Älvevi 3 7M7 Konstgräs;Älvevi;Hövägen 23, 446 32 Älvängen;Y;57.954092;12.123567;Göteborg;football
8;2026-10-03;11:00;139134;F13år Röd B Höst;3;3;6896234;4;/go-to/?fmid=6896234;Apel99;https://staticcdn.svenskfotboll.se/img/teamssm/9474.png;8;VGLT;https://staticcdn.svenskfotboll.se/img/teamssm/7223.png;8;0-5;Ätrans IP A;Ätrans IP;Eseredsvägen 25, 311 51 Ätran;Y;57.121118;12.960162;Halland;football
21;2026-10-03;11:00;136670;Pojkar Div 6 Töreboda;2;3;6722175;4;/go-to/?fmid=6722175;Ulvåkers IF Svart;https://staticcdn.svenskfotboll.se/img/teamssm/10002.png;21;Lundsbrunns IF;https://staticcdn.svenskfotboll.se/img/teamssm/8682.png;21;5-0;Åbrovallen C;Åbrovallen;Åbrovallen, 549 94 Skövde;Y;58.470763;13.909592;Västergötland;football
7;2026-10-03;11:00;133832;Flickor 2017(9 år) Centrum+Härryda+Mölndal+Väster Grupp B Höst;3;2;6833553;5;/go-to/?fmid=6833553;IF Mölndal Fotboll Blå;https://staticcdn.svenskfotboll.se/img/teamssm/9569.png;7;Jitex BK Lila;https://staticcdn.svenskfotboll.se/img/teamssm/7516.png;7;-1--1;Åbyvallen 9 Konstgräs 7M7;Åbyvallen;Idrottsvägen 5, 431 62 Mölndal;Y;57.645363;12.002082;Göteborg;football
1;2026-10-03;11:00;138418;P16 Div.1 2026 B-slutspel Norra Götaland;2;3;6911935;4;/go-to/?fmid=6911935;Lidköpings FK;https://staticcdn.svenskfotboll.se/img/teamssm/8704.png;21;Skara FC;https://staticcdn.svenskfotboll.se/img/teamssm/7451.png;21;6-0;Ågårdsvallen A;Ågårdsvallen;Mellbygatan 48, 531 52 Lidköping;Y;58.496528;13.143415;1;football
8;2026-10-03;11:00;139570;P13år Blå D Höst;2;3;6893977;4;/go-to/?fmid=6893977;Åsa IF Gul;https://staticcdn.svenskfotboll.se/img/teamssm/9807.png;8;Kungsbacka IF 2;https://staticcdn.svenskfotboll.se/img/teamssm/9505.png;8;4-4;Åsa C;Åsa Centrum;Bollvägen 107-113, 439 54 Åsa;Y;57.353889;12.115352;Halland;football
7;2026-10-03;11:00;133707;Pojkar 2017(9 år) Centrum+Härryda+Mölndal+Väster Grupp A Höst;2;2;6846895;5;/go-to/?fmid=6846895;IF Väster P2017 Grön;https://staticcdn.svenskfotboll.se/img/teamssm/9861.png;7;Mossens BK P17 Svart;https://staticcdn.svenskfotboll.se/img/teamssm/9571.png;7;-1--1;Önneredsplan 2;Önneredsplan;Ersåsgatan 2, 421 59 Västra Frölunda;Y;57.637219;11.884878;Göteborg;football
7;2026-10-03;11:00;133707;Pojkar 2017(9 år) Centrum+Härryda+Mölndal+Väster Grupp A Höst;2;2;6846896;5;/go-to/?fmid=6846896;IF Väster P2017 Blå;https://staticcdn.svenskfotboll.se/img/teamssm/9861.png;7;Mossens BK P17 Gul;https://staticcdn.svenskfotboll.se/img/teamssm/9571.png;7;-1--1;Önneredsplan 2;Önneredsplan;Ersåsgatan 2, 421 59 Västra Frölunda;Y;57.637219;11.884878;Göteborg;football
7;2026-10-03;11:15;133683;Pojkar 2016(10 år) Grupp G Höst;2;2;6844283;5;/go-to/?fmid=6844283;Kareby IS Blå;https://staticcdn.svenskfotboll.se/img/teamssm/10872.png;7;Kode IF P16:2;https://staticcdn.svenskfotboll.se/img/teamssm/10828.png;7;-1--1;Kareby Hed 11;Kareby Hed;442 46 Kareby;Y;57.903192;11.928436;Göteborg;football
7;2026-10-03;11:15;133634;Pojkar 2014(12 år) Grupp F Höst;2;2;6842915;5;/go-to/?fmid=6842915;Nödinge SK Fotboll p14 Vit;https://staticcdn.svenskfotboll.se/img/teamssm/10503.png;7;Lundby IF 2014 Grön;https://staticcdn.svenskfotboll.se/img/teamssm/11776.png;7;-1--1;Vimmervi 21 Konstgräs;Vimmervi;Gamla Kilandavägen 62, 449 36 Nödinge;Y;57.886226;12.080329;Göteborg;football
8;2026-10-03;11:30;137649;P14år Vit;2;3;6781236;4;/go-to/?fmid=6781236;Onsala BK Blå;https://staticcdn.svenskfotboll.se/img/teamssm/10495.png;8;Halmstads BK Blå;https://staticcdn.svenskfotboll.se/img/teamssm/9517.png;8;5-8;Kaparevallen;Kaparevallen;Håkullavägen 43, 439 91 Onsala;Y;57.414147;12.014084;Halland;football
7;2026-10-03;11:30;133639;Pojkar 2014(12 år) Grupp A Höst;2;2;6838135;5;/go-to/?fmid=6838135;Landvetter IS P2014 Blå;https://staticcdn.svenskfotboll.se/img/teamssm/10768.png;7;BK Bifrost;https://staticcdn.svenskfotboll.se/img/teamssm/9641.png;7;-1--1;Landvetter IP B-plan 21;Landvetter IP;Tahultsvägen 60, 438 35 Landvetter;Y;57.702382;12.203031;Göteborg;football
7;2026-10-03;11:30;133713;Pojkar 2017(9 år) Ale+Kungälv Grupp A Höst;2;2;6846640;5;/go-to/?fmid=6846640;IK Kongahälla Svart;https://staticcdn.svenskfotboll.se/img/teamssm/9590.png;7;Nödinge SK Fotboll P17 Blå;https://staticcdn.svenskfotboll.se/img/teamssm/10503.png;7;-1--1;Munkegärdesplan 21 Konstgräs;Munkegärdesplan;Räfsalsvägen 11, 442 42 Kungälv;Y;57.890004;11.967916;Göteborg;football
8;2026-10-03;11:30;137658;P13år Vit;2;3;6780890;4;/go-to/?fmid=6780890;Varbergs GIF FK;https://staticcdn.svenskfotboll.se/img/teamssm/11961.png;8;BK Astrio;https://staticcdn.svenskfotboll.se/img/teamssm/9529.png;8;1-1;Påskbergsvallen konstgräs;Påskbergsvallen;Påskbergsvallen, Kattegattsvägen, Mariedal, Sörse, Varberg, Varbergs kommun, Hallands län, 432 43, Sverige;Y;57.097747;12.265223;Halland;football
7;2026-10-03;11:45;133636;Pojkar 2014(12 år) Grupp H Höst;2;2;6840217;5;/go-to/?fmid=6840217;Lerums IS 2;https://staticcdn.svenskfotboll.se/img/teamssm/10756.png;7;Lerums IS 3;https://staticcdn.svenskfotboll.se/img/teamssm/10756.png;7;-1--1;Aspevallen B-plan;Aspevallen;Strandvägen 7, 443 31 Lerum;Y;57.768427;12.253218;Göteborg;football
7;2026-10-03;11:45;133799;Flickor 2015(11 år) Grupp A Höst;3;2;6840873;5;/go-to/?fmid=6840873;Hovås Billdal IF Röd;https://staticcdn.svenskfotboll.se/img/teamssm/11109.png;7;Älvängens IK Vit;https://staticcdn.svenskfotboll.se/img/teamssm/9783.png;7;-1--1;Billdalsvallen 5 (stor 7 mot 7);Billdalsvallen;Påls väg, 427 36 Göteborg;Y;57.588232;11.949791;Göteborg;football
7;2026-10-03;11:45;133655;Pojkar 2015(11 år) Grupp A Höst;2;2;6844883;5;/go-to/?fmid=6844883;Södra Skärgårdens IK (SSIK)/Donsö IS;https://staticcdn.svenskfotboll.se/img/teamssm/9631.png;7;IK Zenith Vit;https://staticcdn.svenskfotboll.se/img/teamssm/9829.png;7;-1--1;Donsövallen 12;Donsövallen;Donsövallen, Lurkenvägen 2, 430 82 Donsö;Y;57.605163;11.805907;Göteborg;football
7;2026-10-03;11:45;133784;Flickor 2014(12 år) Grupp C Höst;3;2;6834901;5;/go-to/?fmid=6834901;Floda BoIF;https://staticcdn.svenskfotboll.se/img/teamssm/11366.png;7;Sävedalens IF Blå;https://staticcdn.svenskfotboll.se/img/teamssm/9545.png;7;-1--1;Flodala IP 32 KG;Flodala IP;Skallsjö Prästväg 14, 448 31 Floda;Y;57.795503;12.346356;Göteborg;football
7;2026-10-03;11:45;133800;Flickor 2015(11 år) Grupp E Höst;3;2;6839818;5;/go-to/?fmid=6839818;Floda BoIF Blå;https://staticcdn.svenskfotboll.se/img/teamssm/11366.png;7;Lunden Överås BK Grön;https://staticcdn.svenskfotboll.se/img/teamssm/10705.png;7;-1--1;Flodala IP 4 FRAMTIDEN;Flodala IP;Skallsjö Prästväg 14, 448 31 Floda;Y;57.795503;12.346356;Göteborg;football
7;2026-10-03;11:45;133589;Pojkar 2012(14 år) Lätt Grupp B;2;3;6621933;4;/go-to/?fmid=6621933;Stenkullen GoIK Blå;https://staticcdn.svenskfotboll.se/img/teamssm/10243.png;7;Mossens BK Gul;https://staticcdn.svenskfotboll.se/img/teamssm/9571.png;7;1-0;Stenkullens IP 2 KG;Stenkullens IP;Granitvägen 3, 443 61 Stenkullen;Y;57.795326;12.310226;Göteborg;football
7;2026-10-03;11:45;133797;Flickor 2015(11 år) Grupp F Höst;3;2;6840496;5;/go-to/?fmid=6840496;Sävedalens IF Röd;https://staticcdn.svenskfotboll.se/img/teamssm/9545.png;7;IF Mölndal Fotboll Röd;https://staticcdn.svenskfotboll.se/img/teamssm/9569.png;7;-1--1;Vallhamra 21 Konstgräs;Vallhamra IP;Ugglumsleden 48, 433 64 Sävedalen;Y;57.724452;12.079253;Göteborg;football
7;2026-10-03;11:45;133795;Flickor 2015(11 år) Grupp B Höst;3;2;6838853;5;/go-to/?fmid=6838853;Örgryte IS Fotboll Blå;https://staticcdn.svenskfotboll.se/img/teamssm/12910.png;7;Jitex BK Vit;https://staticcdn.svenskfotboll.se/img/teamssm/7516.png;7;-1--1;ÖIS-gården 7M7 Konstgräs;ÖIS-gården;Korndalsvägen 3, 412 76 Göteborg;Y;57.675233;12.028495;Göteborg;football
7;2026-10-03;12:00;133664;Pojkar 2015(11 år) Grupp J Höst;2;2;6851708;5;/go-to/?fmid=6851708;Marieholm IK P15/16 Svart;https://staticcdn.svenskfotboll.se/img/teamssm/13640.png;7;Jonsereds IF Svart;https://staticcdn.svenskfotboll.se/img/teamssm/9595.png;7;-1--1;Bläsebovallen 12 Konstgräs;;;N;;;Göteborg;football
7;2026-10-03;12:00;133795;Flickor 2015(11 år) Grupp B Höst;3;2;6838856;5;/go-to/?fmid=6838856;Kungsladugårds BK Vit;https://staticcdn.svenskfotboll.se/img/teamssm/10799.png;7;Landvetter IF 2003 A;https://staticcdn.svenskfotboll.se/img/teamssm/6789.png;7;-1--1;Sjöbaren Arena;Apelsinplan;Apelsingatan 6, 426 54 Västra Frölunda;Y;57.655054;11.882940;Göteborg;football
28;2026-10-03;12:00;135694;BDFF P13-14 Röd;2;3;6648399;4;/go-to/?fmid=6648399;IK Oddevold P2012 (P14);https://staticcdn.svenskfotboll.se/img/teamssm/10500.png;28;Grohed/Ljungskile P2012 röd;https://staticcdn.svenskfotboll.se/img/teamssm/11268.png;28;10-1;Arwidsroplanen;Arwidsroplanen;Fossums Kvarnväg 4, 451 34 Uddevalla;Y;58.348766;11.975349;Bohuslän-Dalsland;football
7;2026-10-03;12:00;133634;Pojkar 2014(12 år) Grupp F Höst;2;2;6842912;5;/go-to/?fmid=6842912;Hisingsbacka FC Vit;https://staticcdn.svenskfotboll.se/img/teamssm/11138.png;7;Torslanda IK Blå;https://staticcdn.svenskfotboll.se/img/teamssm/10068.png;7;-1--1;Backavallen 21(Gratts Arena);Backavallen;Wadköpingsgatan 153, 422 51 Hisings Backa;Y;57.745322;11.967003;Göteborg;football
7;2026-10-03;12:00;133662;Pojkar 2015(11 år) Grupp H Höst;2;2;6846443;5;/go-to/?fmid=6846443;Hisingsbacka FC Vit;https://staticcdn.svenskfotboll.se/img/teamssm/11138.png;7;Lundby IF Svart;https://staticcdn.svenskfotboll.se/img/teamssm/11776.png;7;-1--1;Backavallen 22(Gratts Arena);Backavallen;Wadköpingsgatan 153, 422 51 Hisings Backa;Y;57.745322;11.967003;Göteborg;football
7;2026-10-03;12:00;133781;Flickor 2014(12 år) Grupp D Höst;3;2;6835511;5;/go-to/?fmid=6835511;Bergums IF 1;https://staticcdn.svenskfotboll.se/img/teamssm/11584.png;7;Ytterby IS Röd;https://staticcdn.svenskfotboll.se/img/teamssm/9832.png;7;-1--1;Bergumsvallen 21;Bergumsvallen;Grönkullavägen 21, 424 70 Olofstorp;Y;57.801061;12.166928;Göteborg;football
7;2026-10-03;12:00;133658;Pojkar 2015(11 år) Grupp D Höst;2;2;6845662;5;/go-to/?fmid=6845662;Hovås Billdal IF Blå;https://staticcdn.svenskfotboll.se/img/teamssm/11109.png;7;Älvsborg FF Röd;https://staticcdn.svenskfotboll.se/img/teamssm/9622.png;7;-1--1;Billdalsvallen 1B;Billdalsvallen;Påls väg, 427 36 Göteborg;Y;57.588232;11.949791;Göteborg;football
7;2026-10-03;12:00;133710;Pojkar 2017(9 år) Centrum+Härryda+Mölndal+Väster Grupp D Höst;2;2;6848161;5;/go-to/?fmid=6848161;Hovås Billdal IF;https://staticcdn.svenskfotboll.se/img/teamssm/11109.png;7;Kungsladugårds BK P17 Lag 3;https://staticcdn.svenskfotboll.se/img/teamssm/10799.png;7;-1--1;Billdalsvallen 3B;Billdalsvallen;Påls väg, 427 36 Göteborg;Y;57.588232;11.949791;Göteborg;football
7;2026-10-03;12:00;133832;Flickor 2017(9 år) Centrum+Härryda+Mölndal+Väster Grupp B Höst;3;2;6833555;5;/go-to/?fmid=6833555;Solängens BK F2017;https://staticcdn.svenskfotboll.se/img/teamssm/9548.png;7;Lindome GIF Svartvit;https://staticcdn.svenskfotboll.se/img/teamssm/10741.png;7;-1--1;Eklandavallen 11;Eklandavallen;Bäckstensgatan 15, 431 49 Mölndal;Y;57.654780;11.959687;Göteborg;football
7;2026-10-03;12:00;133708;Pojkar 2017(9 år) Centrum+Härryda+Mölndal+Väster Grupp B Höst;2;2;6847257;5;/go-to/?fmid=6847257;Solängens BK 2017 Vit;https://staticcdn.svenskfotboll.se/img/teamssm/9548.png;7;Qviding FIF Vit 3;https://staticcdn.svenskfotboll.se/img/teamssm/8089.png;7;-1--1;Eklandavallen 11;Eklandavallen;Bäckstensgatan 15, 431 49 Mölndal;Y;57.654780;11.959687;Göteborg;football
7;2026-10-03;12:00;133680;Pojkar 2016(10 år) Grupp D Höst;2;2;6843248;5;/go-to/?fmid=6843248;IF Mölndal Fotboll vit;https://staticcdn.svenskfotboll.se/img/teamssm/9569.png;7;SG Ruddalen IF Röd;https://staticcdn.svenskfotboll.se/img/teamssm/11284.png;7;-1--1;Enerbacksplan Gräs 7M7;Enerbacksplan;Enerbacksvallen, Gunnebogatan 63, 431 66 Mölndal;Y;57.664940;12.023417;Göteborg;football
7;2026-10-03;12:00;133609;Pojkar 2013(13 år) Höst Medel Grupp C;2;3;6828782;4;/go-to/?fmid=6828782;IFK Hindås;https://staticcdn.svenskfotboll.se/img/teamssm/11008.png;7;Nödinge SK Fotboll Blå;https://staticcdn.svenskfotboll.se/img/teamssm/10503.png;7;5-2;Fagervallen 22 Konstgräs;Fagervallen;Sportvägen 9, 438 98 Hindås;Y;57.695964;12.435282;Göteborg;football
7;2026-10-03;12:00;133837;Flickor 2017(9 år) Hisingen Grupp A Höst;3;2;6831726;5;/go-to/?fmid=6831726;Eriksbergs IF 1;https://staticcdn.svenskfotboll.se/img/teamssm/9629.png;7;Hjuviks AIK F2017 Vit;https://staticcdn.svenskfotboll.se/img/teamssm/8330.png;7;-1--1;Färjenäsplan 11:1;Färjenäsplan;Pölsebogatan, 417 67 Göteborg;Y;57.697441;11.901198;Göteborg;football
7;2026-10-03;12:00;133705;Pojkar 2017(9 år) Hisingen+Öckerö Grupp A Höst;2;2;6848235;5;/go-to/?fmid=6848235;IK Zenith Gul;https://staticcdn.svenskfotboll.se/img/teamssm/9829.png;7;Backatorp IF Röd;https://staticcdn.svenskfotboll.se/img/teamssm/11915.png;7;-1--1;Färjenäsplan 11:2;Färjenäsplan;Pölsebogatan, 417 67 Göteborg;Y;57.697441;11.901198;Göteborg;football
7;2026-10-03;12:00;133832;Flickor 2017(9 år) Centrum+Härryda+Mölndal+Väster Grupp B Höst;3;2;6833556;5;/go-to/?fmid=6833556;Balltorps FF F2017 - 2;https://staticcdn.svenskfotboll.se/img/teamssm/8047.png;7;Örgryte IS Fotboll F2017 Röd;https://staticcdn.svenskfotboll.se/img/teamssm/12910.png;7;-1--1;Förbovallen 11;Förbovallen;Ålegårdsgatan 297, 431 50 Mölndal;Y;57.625892;12.021226;Göteborg;football
7;2026-10-03;12:00;133656;Pojkar 2015(11 år) Grupp B Höst;2;2;6850454;5;/go-to/?fmid=6850454;KF Velebit;https://staticcdn.svenskfotboll.se/img/teamssm/9949.png;7;Kärra KIF Svart;https://staticcdn.svenskfotboll.se/img/teamssm/10780.png;7;-1--1;Generatorsplan 12;Generatorsplan;Minelundsvägen 14, 417 05 Göteborg;Y;57.730133;11.950968;Göteborg;football
7;2026-10-03;12:00;133631;Pojkar 2014(12 år) Grupp C Höst;2;2;6838463;5;/go-to/?fmid=6838463;Angered SK;https://staticcdn.svenskfotboll.se/img/teamssm/12975.png;7;Björndammens BK Blå;https://staticcdn.svenskfotboll.se/img/teamssm/9638.png;7;-1--1;Gunnaredsplan 12 Konstgräs;Gunnaredsplan;Gunnaredsvallen 4, 413 22 Göteborg;Y;57.800277;12.065439;Göteborg;football
7;2026-10-03;12:00;133657;Pojkar 2015(11 år) Grupp C Höst;2;2;6845109;5;/go-to/?fmid=6845109;Angered SK 1;https://staticcdn.svenskfotboll.se/img/teamssm/12975.png;7;GoldCoast FC svart;https://staticcdn.svenskfotboll.se/img/teamssm/13374.png;7;-1--1;Gunnaredsplan 11 Konstgräs;Gunnaredsplan;Gunnaredsvallen 4, 413 22 Göteborg;Y;57.800277;12.065439;Göteborg;football
7;2026-10-03;12:00;133781;Flickor 2014(12 år) Grupp D Höst;3;2;6835502;5;/go-to/?fmid=6835502;Älvsborg FF Rolfö;https://staticcdn.svenskfotboll.se/img/teamssm/9622.png;7;Hjuviks AIK F14 Blå;https://staticcdn.svenskfotboll.se/img/teamssm/8330.png;7;-1--1;Hagenplan 12;Hagenplan;Hagens Prästväg 4, 426 74 Västra Frölunda;Y;57.674967;11.882285;Göteborg;football
8;2026-10-03;12:00;137492;F14år vit;3;3;6778749;4;/go-to/?fmid=6778749;Halmstads BK;https://staticcdn.svenskfotboll.se/img/teamssm/9517.png;8;BK Astrio Gul;https://staticcdn.svenskfotboll.se/img/teamssm/9529.png;8;3-3;Halmstad Arena Klaraplanen;Halmstad Arena;Kristinehedsvägen 4B, 302 44 Halmstad;Y;56.675943;12.888513;Halland;football
7;2026-10-03;12:00;133615;Pojkar 2013(13 år) Höst Lätt Grupp B;2;3;6828511;4;/go-to/?fmid=6828511;Gunnilse IS Röd;https://staticcdn.svenskfotboll.se/img/teamssm/11237.png;7;Lundby IF Svart;https://staticcdn.svenskfotboll.se/img/teamssm/11776.png;7;5-3;Hjällbovallen 22 konstgräs;Hjällbovallen;Knattens väg 12, 424 32 Angered;Y;57.777950;12.017062;Göteborg;football
7;2026-10-03;12:00;133637;Pojkar 2014(12 år) Grupp I Höst;2;2;6838097;5;/go-to/?fmid=6838097;Gunnilse IS P2014 Vit;https://staticcdn.svenskfotboll.se/img/teamssm/11237.png;7;Jonsereds IF Gul;https://staticcdn.svenskfotboll.se/img/teamssm/9595.png;7;-1--1;Hjällbovallen 21 konstgräs;Hjällbovallen;Knattens väg 12, 424 32 Angered;Y;57.777950;12.017062;Göteborg;football
7;2026-10-03;12:00;133631;Pojkar 2014(12 år) Grupp C Höst;2;2;6838382;5;/go-to/?fmid=6838382;Lerums IS P14 lila 1 2;https://staticcdn.svenskfotboll.se/img/teamssm/10756.png;7;Jonsereds IF Svart;https://staticcdn.svenskfotboll.se/img/teamssm/9595.png;7;-1--1;Hulan;Hulan;Lilla Bråtavägen, 443 51 Lerum;Y;57.750361;12.243393;Göteborg;football
7;2026-10-03;12:00;133833;Flickor 2017(9 år) Lerum+Partille+Öster Grupp A Höst;3;2;6830270;5;/go-to/?fmid=6830270;Qviding FIF 1;https://staticcdn.svenskfotboll.se/img/teamssm/8089.png;7;Utbynäs SK Svart;https://staticcdn.svenskfotboll.se/img/teamssm/9983.png;7;-1--1;Härlanda Park 3;Härlanda Park;Härlanda Park 6B, 416 52 Göteborg;Y;57.716492;12.017055;Göteborg;football
7;2026-10-03;12:00;133636;Pojkar 2014(12 år) Grupp H Höst;2;2;6840213;5;/go-to/?fmid=6840213;Qviding FIF Vinröd 1;https://staticcdn.svenskfotboll.se/img/teamssm/8089.png;7;Sävedalens IF Grön;https://staticcdn.svenskfotboll.se/img/teamssm/9545.png;7;-1--1;Härlanda 22;Härlanda Park;Härlanda Park 6B, 416 52 Göteborg;Y;57.716492;12.017055;Göteborg;football
7;2026-10-03;12:00;133584;Pojkar 2012(14 år) Medel Grupp D;2;3;6621603;4;/go-to/?fmid=6621603;Hjuviks AIK P2012 vit;https://staticcdn.svenskfotboll.se/img/teamssm/8330.png;7;Nödinge SK Fotboll Blå;https://staticcdn.svenskfotboll.se/img/teamssm/10503.png;7;0-2;21:47 Arena 1;Hästevik;Torslanda Hästeviks väg, 423 41 Torslanda;Y;57.718779;11.721591;Göteborg;football
7;2026-10-03;12:00;133798;Flickor 2015(11 år) Grupp D Höst;3;2;6840712;5;/go-to/?fmid=6840712;Hjuviks AIK F15 Blå;https://staticcdn.svenskfotboll.se/img/teamssm/8330.png;7;Hjuviks AIK F15 Vit;https://staticcdn.svenskfotboll.se/img/teamssm/8330.png;7;-1--1;Hästevik 7M7;Hästevik;Torslanda Hästeviks väg, 423 41 Torslanda;Y;57.718779;11.721591;Göteborg;football
7;2026-10-03;12:00;133584;Pojkar 2012(14 år) Medel Grupp D;2;3;6621605;4;/go-to/?fmid=6621605;Hönö IS Röd;https://staticcdn.svenskfotboll.se/img/teamssm/11038.png;7;Landvetter IS P2012 svart;https://staticcdn.svenskfotboll.se/img/teamssm/10768.png;7;9-2;Hönö Arena 1;Hönö Arena;Lindblomsvägen 30, 475 42 Hönö;Y;57.687870;11.652948;Göteborg;football
7;2026-10-03;12:00;133799;Flickor 2015(11 år) Grupp A Höst;3;2;6840868;5;/go-to/?fmid=6840868;Jonsereds IF;https://staticcdn.svenskfotboll.se/img/teamssm/9595.png;7;GAIS;https://staticcdn.svenskfotboll.se/img/teamssm/9614.png;7;-1--1;Jonsereds IP III;Jonsereds IP;Jons väg 23, 433 75 Jonsered;Y;57.746215;12.169063;Göteborg;football
7;2026-10-03;12:00;133798;Flickor 2015(11 år) Grupp D Höst;3;2;6840709;5;/go-to/?fmid=6840709;Kode IF;https://staticcdn.svenskfotboll.se/img/teamssm/10828.png;7;Eriksbergs IF 1;https://staticcdn.svenskfotboll.se/img/teamssm/9629.png;7;-1--1;Kode IP 32 Konstgräs;Kode IP;SLÄBO 120, 442 96 Kode;Y;57.946073;11.863428;Göteborg;football
7;2026-10-03;12:00;133713;Pojkar 2017(9 år) Ale+Kungälv Grupp A Höst;2;2;6846637;5;/go-to/?fmid=6846637;Kode IF P17 :2;https://staticcdn.svenskfotboll.se/img/teamssm/10828.png;7;IK Kongahälla Röd;https://staticcdn.svenskfotboll.se/img/teamssm/9590.png;7;-1--1;Kode IP 31 Konstgräs;Kode IP;SLÄBO 120, 442 96 Kode;Y;57.946073;11.863428;Göteborg;football
7;2026-10-03;12:00;133715;Pojkar 2017(9 år) Lerum+Partille+Öster Grupp C Höst;2;2;6850021;5;/go-to/?fmid=6850021;GoldCoast FC orange;https://staticcdn.svenskfotboll.se/img/teamssm/13374.png;7;Götaholms BK P2017 Vit;https://staticcdn.svenskfotboll.se/img/teamssm/9615.png;7;-1--1;Kortedalavallen 3;Kortedalavallen;Kortedala Idrottsväg 13, 415 37 Göteborg;Y;57.751830;12.040079;Göteborg;football
7;2026-10-03;12:00;133744;Flickor 2010-2011 Lätt Grupp A;3;3;6585029;4;/go-to/?fmid=6585029;Utbynäs SK Blå;https://staticcdn.svenskfotboll.se/img/teamssm/9983.png;7;HBH F10/11;https://staticcdn.svenskfotboll.se/img/teamssm/11038.png;7;5-2;Kviberg 9 KG;Kviberg;Luftvärnsvägen, 415 06 Göteborg;Y;57.737550;12.038540;Göteborg;football
7;2026-10-03;12:00;133586;Pojkar 2012(14 år) Svår Grupp A;2;3;6622164;4;/go-to/?fmid=6622164;IFK Göteborg;https://staticcdn.svenskfotboll.se/img/teamssm/11012.png;7;Örgryte IS Fotboll Akademi;https://staticcdn.svenskfotboll.se/img/teamssm/12910.png;7;2-1;Kviberg 6 KG;Kviberg;Luftvärnsvägen, 415 06 Göteborg;Y;57.737550;12.038540;Göteborg;football
7;2026-10-03;12:00;133657;Pojkar 2015(11 år) Grupp C Höst;2;2;6845104;5;/go-to/?fmid=6845104;Utbynäs FF Vit;https://staticcdn.svenskfotboll.se/img/teamssm/6688.png;7;Floda BoIF 1;https://staticcdn.svenskfotboll.se/img/teamssm/11366.png;7;-1--1;Kviberg 3:2 gräs 7M7;Kviberg;Luftvärnsvägen, 415 06 Göteborg;Y;57.737550;12.038540;Göteborg;football
7;2026-10-03;12:00;133656;Pojkar 2015(11 år) Grupp B Höst;2;2;6850432;5;/go-to/?fmid=6850432;Hermansby IF;https://staticcdn.svenskfotboll.se/img/teamssm/11150.png;7;IF Warta Svart;https://staticcdn.svenskfotboll.se/img/teamssm/9841.png;7;-1--1;Kärnavallen 22 Konstgräs;Kärnavallen;Lyckevägen 16, 442 70 Kärna;Y;57.848420;11.786315;Göteborg;football
7;2026-10-03;12:00;133640;Pojkar 2014(12 år) Grupp B Höst;2;2;6838233;5;/go-to/?fmid=6838233;Backatorp IF Svart;https://staticcdn.svenskfotboll.se/img/teamssm/11915.png;7;IF Warta Svart;https://staticcdn.svenskfotboll.se/img/teamssm/9841.png;7;-1--1;Lillhagsplan 11;Lillhagsplan;Lillhagsvägen, 422 57 Hisings Backa;Y;57.763300;11.956822;Göteborg;football
7;2026-10-03;12:00;133632;Pojkar 2014(12 år) Grupp D Höst;2;2;6837626;5;/go-to/?fmid=6837626;Lindome GIF Svart;https://staticcdn.svenskfotboll.se/img/teamssm/10741.png;7;Landvetter IS P2014 Svart;https://staticcdn.svenskfotboll.se/img/teamssm/10768.png;7;-1--1;Lindevi 32 Konstgräs;Lindevi IP;Hällesåkersvägen 5, 437 91 Lindome;Y;57.585286;12.108877;Göteborg;football
7;2026-10-03;12:00;133710;Pojkar 2017(9 år) Centrum+Härryda+Mölndal+Väster Grupp D Höst;2;2;6848166;5;/go-to/?fmid=6848166;Lindome GIF P2017 3;https://staticcdn.svenskfotboll.se/img/teamssm/10741.png;7;Örgryte IS Fotboll P2017 Blå;https://staticcdn.svenskfotboll.se/img/teamssm/12910.png;7;-1--1;Lindevi 6;Lindevi IP;Hällesåkersvägen 5, 437 91 Lindome;Y;57.585286;12.108877;Göteborg;football
1;2026-10-03;12:00;133301;F17 div. 1 2026 - Götaland Västra;3;3;6595705;4;/go-to/?fmid=6595705;Varbergs BoIS FC;https://staticcdn.svenskfotboll.se/img/teamssm/7701.png;8;IFK Värnamo;https://staticcdn.svenskfotboll.se/img/teamssm/9120.png;15;1-4;Påskbergsvallen B;Påskbergsvallen;Påskbergsvallen, Kattegattsvägen, Mariedal, Sörse, Varberg, Varbergs kommun, Hallands län, 432 43, Sverige;Y;57.097747;12.265223;1;football
7;2026-10-03;12:00;133759;Flickor 2012-2013 Stor 9M9 Medel Gr. C Höst;3;3;6827853;4;/go-to/?fmid=6827853;Älvsborg FF F2013 Vit;https://staticcdn.svenskfotboll.se/img/teamssm/9622.png;7;Askims IK Röd;https://staticcdn.svenskfotboll.se/img/teamssm/11617.png;7;0-6;Påvelund 1 Konstgräs;Påvelund;Redegatan 18, 426 77 Västra Frölunda;Y;57.668781;11.881476;Göteborg;football
7;2026-10-03;12:00;133615;Pojkar 2013(13 år) Höst Lätt Grupp B;2;3;6828514;4;/go-to/?fmid=6828514;SG Ruddalen IF Grön;https://staticcdn.svenskfotboll.se/img/teamssm/11284.png;7;Hisingsbacka FC Svart;https://staticcdn.svenskfotboll.se/img/teamssm/11138.png;7;8-5;Ruddalen 22 Konstgräs;Ruddalen;Anna Östvägen 8, 426 68 Västra Frölunda;Y;57.664609;11.909282;Göteborg;football
7;2026-10-03;12:00;133835;Flickor 2017(9 år) Centrum+Härryda+Mölndal+Väster Grupp A Höst;3;2;6836428;5;/go-to/?fmid=6836428;SG Ruddalen IF Lag 2;https://staticcdn.svenskfotboll.se/img/teamssm/11284.png;7;Landvetter IF 2003 F2017 Svart;https://staticcdn.svenskfotboll.se/img/teamssm/6789.png;7;-1--1;Ruddalen 5:5M5:1;Ruddalen;Anna Östvägen 8, 426 68 Västra Frölunda;Y;57.664609;11.909282;Göteborg;football
7;2026-10-03;12:00;133638;Pojkar 2014(12 år) Grupp J Höst;2;2;6838035;5;/go-to/?fmid=6838035;Utsiktens BK;https://staticcdn.svenskfotboll.se/img/teamssm/9982.png;7;Utbynäs FF Svart;https://staticcdn.svenskfotboll.se/img/teamssm/6688.png;7;-1--1;Ruddalen 21 Konstgräs;Ruddalen;Anna Östvägen 8, 426 68 Västra Frölunda;Y;57.664609;11.909282;Göteborg;football
7;2026-10-03;12:00;133708;Pojkar 2017(9 år) Centrum+Härryda+Mölndal+Väster Grupp B Höst;2;2;6847262;5;/go-to/?fmid=6847262;Proletären FF;https://staticcdn.svenskfotboll.se/img/teamssm/10466.png;7;Landvetter IS P2017 orange;https://staticcdn.svenskfotboll.se/img/teamssm/10768.png;7;-1--1;Röda Vallen;Röda Vallen;Åkereds Skolväg 22, 421 66 Västra Frölunda;Y;57.634548;11.903425;Göteborg;football
7;2026-10-03;12:00;133632;Pojkar 2014(12 år) Grupp D Höst;2;2;6837631;5;/go-to/?fmid=6837631;Sandarna BK blå;https://staticcdn.svenskfotboll.se/img/teamssm/10367.png;7;Älvsborg FF P2014 - 2 Svart;https://staticcdn.svenskfotboll.se/img/teamssm/9622.png;7;-1--1;Sannaplan 2;Sannaplan;Ostindiegatan 28, 414 72 Göteborg;Y;57.685701;11.913302;Göteborg;football
7;2026-10-03;12:00;133154;Division 6C Herr;2;4;6533486;4;/go-to/?fmid=6533486;SG Ruddalen IF;https://staticcdn.svenskfotboll.se/img/teamssm/11284.png;7;Fröjdens FK;https://staticcdn.svenskfotboll.se/img/teamssm/12793.png;7;2-3;Sikvallen 1 Gräs;Sikvallen;Olof Asklunds g 20, 421 30 Västra Frölunda;Y;57.661764;11.939991;Göteborg;football
7;2026-10-03;12:00;133661;Pojkar 2015(11 år) Grupp G Höst;2;2;6850539;5;/go-to/?fmid=6850539;Ahlafors IF Gul;https://staticcdn.svenskfotboll.se/img/teamssm/11662.png;7;Finlandia Pallo AIF P15 Blå;https://staticcdn.svenskfotboll.se/img/teamssm/7939.png;7;-1--1;Svenska Stenhus Arena 4;Sjövallen IP;Sjövallavägen 111, 449 50 Alafors;Y;57.915942;12.107763;Göteborg;football
7;2026-10-03;12:00;136376;Pojkar 2012(14 år) Grund;2;3;6621645;4;/go-to/?fmid=6621645;Lerums IS Lila;https://staticcdn.svenskfotboll.se/img/teamssm/10756.png;7;Mossens BK Vit;https://staticcdn.svenskfotboll.se/img/teamssm/9571.png;7;1-2;Spinnarvallen / B-plan;Spinnarvallen;Tollereds Ströms väg 4, 448 50 Tollered;Y;57.814494;12.424245;Göteborg;football
7;2026-10-03;12:00;133713;Pojkar 2017(9 år) Ale+Kungälv Grupp A Höst;2;2;6846638;5;/go-to/?fmid=6846638;Surte IS FK Svart;https://staticcdn.svenskfotboll.se/img/teamssm/12036.png;7;IK Kongahälla Vit;https://staticcdn.svenskfotboll.se/img/teamssm/9590.png;7;-1--1;Surte IP 21;Surte IP;Idrottsvägen 4, 445 55 Surte;Y;57.836279;12.017412;Göteborg;football
8;2026-10-03;12:00;136435;F10år Norr;3;2;6737721;5;/go-to/?fmid=6737721;Särö Kullavik IF Blå;https://staticcdn.svenskfotboll.se/img/teamssm/9496.png;8;Varbergs BoIS FC Grön;https://staticcdn.svenskfotboll.se/img/teamssm/7701.png;8;-1--1;Särö IP Plätten;Särö IP;Idrottsgången 2, 429 44 Särö;Y;57.519187;11.972312;Halland;football
21;2026-10-03;12:00;136518;Pojkar Div 5 Skövde;2;3;6710176;4;/go-to/?fmid=6710176;Våmbs IF;https://staticcdn.svenskfotboll.se/img/teamssm/8628.png;21;Skultorps IF;https://staticcdn.svenskfotboll.se/img/teamssm/10298.png;21;3-0;Södermalms IP A;Södermalms IP;Södermalms idrottsplats, Skaraborgsgatan, Södermalm, Skövde, Skövde kommun, Västra Götalands län, 541 52, Sverige;Y;58.378431;13.840427;Västergötland;football
7;2026-10-03;12:00;133798;Flickor 2015(11 år) Grupp D Höst;3;2;6840710;5;/go-to/?fmid=6840710;Finlandia Pallo AIF;https://staticcdn.svenskfotboll.se/img/teamssm/7939.png;7;IK Zenith Grön;https://staticcdn.svenskfotboll.se/img/teamssm/9829.png;7;-1--1;Tuvevallen 21 Konstgräs;Tuvevallen;Tuvevallen, 417 45 Göteborg;Y;57.750937;11.915436;Göteborg;football
7;2026-10-03;12:00;133610;Pojkar 2013(13 år) Höst Medel Grupp D;2;3;6828862;4;/go-to/?fmid=6828862;Ytterby IS Blå;https://staticcdn.svenskfotboll.se/img/teamssm/9832.png;7;Utbynäs SK Gul;https://staticcdn.svenskfotboll.se/img/teamssm/9983.png;7;8-4;Ytterns IP 32;Ytterns IP;Ytterby, 442 40 Kungälv;Y;57.869280;11.935196;Göteborg;football
7;2026-10-03;12:00;133661;Pojkar 2015(11 år) Grupp G Höst;2;2;6850536;5;/go-to/?fmid=6850536;Ytterby IS Blå;https://staticcdn.svenskfotboll.se/img/teamssm/9832.png;7;Kode IF 1;https://staticcdn.svenskfotboll.se/img/teamssm/10828.png;7;-1--1;Ytterns IP 41;Ytterns IP;Ytterby, 442 40 Kungälv;Y;57.869280;11.935196;Göteborg;football
7;2026-10-03;12:00;133591;Pojkar 2012(14 år) Lätt Grupp D;2;3;6620984;4;/go-to/?fmid=6620984;Älvängens IK Vit;https://staticcdn.svenskfotboll.se/img/teamssm/9783.png;7;BK Häcken Gul;https://staticcdn.svenskfotboll.se/img/teamssm/11080.png;7;2-3;Älvevi 2 Konstgräs;Älvevi;Hövägen 23, 446 32 Älvängen;Y;57.954092;12.123567;Göteborg;football
7;2026-10-03;12:00;133658;Pojkar 2015(11 år) Grupp D Höst;2;2;6845675;5;/go-to/?fmid=6845675;Fässbergs IF 2;https://staticcdn.svenskfotboll.se/img/teamssm/9620.png;7;Askims IK P2015 U11 Grå;https://staticcdn.svenskfotboll.se/img/teamssm/11617.png;7;-1--1;Åbyvallen 9 Konstgräs 7M7;Åbyvallen;Idrottsvägen 5, 431 62 Mölndal;Y;57.645363;12.002082;Göteborg;football
7;2026-10-03;12:00;133764;Flickor 2012-2013 Liten 9M9 Lätt Gr. B Höst;3;3;6828263;4;/go-to/?fmid=6828263;Näsets SK grön;https://staticcdn.svenskfotboll.se/img/teamssm/10510.png;7;Finlandia Pallo AIF Vit;https://staticcdn.svenskfotboll.se/img/teamssm/7939.png;7;1-2;Näset Yuncture Arena 11;Åkeredsvallen;Bergsätersgatan 1, 421 66 Västra Frölunda;Y;57.631456;11.900982;Göteborg;football
7;2026-10-03;12:00;133795;Flickor 2015(11 år) Grupp B Höst;3;2;6838854;5;/go-to/?fmid=6838854;Näsets SK 1;https://staticcdn.svenskfotboll.se/img/teamssm/10510.png;7;Mölnlycke IF Tigers;https://staticcdn.svenskfotboll.se/img/teamssm/10594.png;7;-1--1;Lundin Arena;Åkeredsvallen;Bergsätersgatan 1, 421 66 Västra Frölunda;Y;57.631456;11.900982;Göteborg;football
7;2026-10-03;12:00;133577;Pojkar 2011(15 år) Svår Grupp A;2;3;6608281;4;/go-to/?fmid=6608281;Örgryte IS Fotboll;https://staticcdn.svenskfotboll.se/img/teamssm/12910.png;7;Finlandia Pallo AIF;https://staticcdn.svenskfotboll.se/img/teamssm/7939.png;7;5-0;Hammarviken Arena;ÖIS-gården;Korndalsvägen 3, 412 76 Göteborg;Y;57.675233;12.028495;Göteborg;football
7;2026-10-03;12:00;133581;Pojkar 2011(15 år) Medel Grupp C;2;3;6608197;4;/go-to/?fmid=6608197;IFK Fjärås;https://staticcdn.svenskfotboll.se/img/teamssm/9511.png;8;Lunden Överås BK Svart;https://staticcdn.svenskfotboll.se/img/teamssm/10705.png;7;2-0;Ögärdets IP B;Ögärdets IP;Klövervägen 2A, 439 71 Fjärås;Y;57.459731;12.184603;Göteborg;football
8;2026-10-03;12:00;137161;P12år Blå;2;2;6738027;5;/go-to/?fmid=6738027;IFK Fjärås Blå;https://staticcdn.svenskfotboll.se/img/teamssm/9511.png;8;Onsala BK Blå;https://staticcdn.svenskfotboll.se/img/teamssm/10495.png;8;-1--1;Ögärdets IP C;Ögärdets IP;Klövervägen 2A, 439 71 Fjärås;Y;57.459731;12.184603;Halland;football
7;2026-10-03;12:00;133832;Flickor 2017(9 år) Centrum+Härryda+Mölndal+Väster Grupp B Höst;3;2;6833551;5;/go-to/?fmid=6833551;IF Väster F2017;https://staticcdn.svenskfotboll.se/img/teamssm/9861.png;7;Mölnlycke IF F17 Lag 3;https://staticcdn.svenskfotboll.se/img/teamssm/10594.png;7;-1--1;Önneredsplan 2;Önneredsplan;Ersåsgatan 2, 421 59 Västra Frölunda;Y;57.637219;11.884878;Göteborg;football
7;2026-10-03;12:15;133657;Pojkar 2015(11 år) Grupp C Höst;2;2;6845110;5;/go-to/?fmid=6845110;Marieholm IK Vit;https://staticcdn.svenskfotboll.se/img/teamssm/13640.png;7;Mossens BK P15 Grön;https://staticcdn.svenskfotboll.se/img/teamssm/9571.png;7;-1--1;Blidvädersplan 12;Blidvädersplan;Ovädersgatan 1A, 418 34 Göteborg;Y;57.707987;11.887592;Göteborg;football
7;2026-10-03;12:15;133149;Division 4B Herr;2;4;6532291;4;/go-to/?fmid=6532291;Mölnlycke IF;https://staticcdn.svenskfotboll.se/img/teamssm/10594.png;7;Sandarna BK;https://staticcdn.svenskfotboll.se/img/teamssm/10367.png;7;2-3;Djupedalsplan B Konstgräs;Djupedals IP;Djupedals Ip, Rullstensvägen 1, 435 41 Mölnlycke;Y;57.652820;12.126316;Göteborg;football
7;2026-10-03;12:15;133149;Division 4B Herr;2;4;6532294;4;/go-to/?fmid=6532294;Götaholms BK;https://staticcdn.svenskfotboll.se/img/teamssm/9615.png;7;Mossens BK;https://staticcdn.svenskfotboll.se/img/teamssm/9571.png;7;3-4;Gamlestadsvallen 2 Konstgräs;Gamlestadsvallen;Lars Kaggsgatan 24, 415 04 Göteborg;Y;57.734308;12.013832;Göteborg;football
7;2026-10-03;12:15;133161;Division 4B Dam;3;4;6533888;4;/go-to/?fmid=6533888;Ösets BK;https://staticcdn.svenskfotboll.se/img/teamssm/9533.png;7;Lerums IS;https://staticcdn.svenskfotboll.se/img/teamssm/10756.png;7;2-3;Gröna Vallen 1;Gröna Vallen;Gröna Vallen, Svanebäcksgatan 16, 414 71 Göteborg;Y;57.687961;11.917564;Göteborg;football
7;2026-10-03;12:15;133796;Flickor 2015(11 år) Grupp C Höst;3;2;6840824;5;/go-to/?fmid=6840824;Älvsborg FF Blå;https://staticcdn.svenskfotboll.se/img/teamssm/9622.png;7;Mossens BK Svart;https://staticcdn.svenskfotboll.se/img/teamssm/9571.png;7;-1--1;Hagenplan 11;Hagenplan;Hagens Prästväg 4, 426 74 Västra Frölunda;Y;57.674967;11.882285;Göteborg;football
7;2026-10-03;12:15;133149;Division 4B Herr;2;4;6532295;4;/go-to/?fmid=6532295;Dalen/Krokslätts FF;https://staticcdn.svenskfotboll.se/img/teamssm/9632.png;7;Kållered SK;https://staticcdn.svenskfotboll.se/img/teamssm/10787.png;7;0-7;Krokslättsvallen konstgräs;Krokslättsvallen;Krokslätts Storgata 44, 431 38 Mölndal;Y;57.671326;11.997967;Göteborg;football
7;2026-10-03;12:15;133149;Division 4B Herr;2;4;6532292;4;/go-to/?fmid=6532292;IK Virgo;https://staticcdn.svenskfotboll.se/img/teamssm/7959.png;7;Gårda BK;https://staticcdn.svenskfotboll.se/img/teamssm/9617.png;7;3-1;Mossens IP 1 Gräs;Mossens IP;Ljungbackegatan 1, 412 59 Göteborg;Y;57.684676;11.979998;Göteborg;football
7;2026-10-03;12:15;133608;Pojkar 2013(13 år) Höst Medel Grupp A;2;3;6828694;4;/go-to/?fmid=6828694;Fässbergs IF Lila;https://staticcdn.svenskfotboll.se/img/teamssm/9620.png;7;IK Zenith Svart;https://staticcdn.svenskfotboll.se/img/teamssm/9829.png;7;7-2;Rävekärrsplan;Rävekärrsplan;Fågelbergsgatan 6, 431 33 Mölndal;Y;57.643218;12.034367;Göteborg;football
7;2026-10-03;12:15;133151;Division 5B Herr;2;4;6532549;4;/go-to/?fmid=6532549;Styrsö BK;https://staticcdn.svenskfotboll.se/img/teamssm/10186.png;7;Kungsladugårds BK;https://staticcdn.svenskfotboll.se/img/teamssm/10799.png;7;4-1;Styrsöplan 1 Gräs;Styrsöplan;Halsviksvägen 27, 430 84 Styrsö;Y;57.610915;11.774337;Göteborg;football
7;2026-10-03;12:15;133441;Junior Pojkar Div 1;2;3;6538310;4;/go-to/?fmid=6538310;Västra Frölunda IF;https://staticcdn.svenskfotboll.se/img/teamssm/9853.png;7;Sävedalens IF;https://staticcdn.svenskfotboll.se/img/teamssm/9545.png;7;8-0;Välen 1 Konstgräs;Välen;Klubbvägen 20, 421 47 Västra Frölunda;Y;57.642584;11.919773;Göteborg;football
7;2026-10-03;12:15;133798;Flickor 2015(11 år) Grupp D Höst;3;2;6840708;5;/go-to/?fmid=6840708;Ytterby IS Vit;https://staticcdn.svenskfotboll.se/img/teamssm/9832.png;7;Romelanda UF F15;https://staticcdn.svenskfotboll.se/img/teamssm/10427.png;7;-1--1;Ytterns IP 42;Ytterns IP;Ytterby, 442 40 Kungälv;Y;57.869280;11.935196;Göteborg;football
7;2026-10-03;12:15;133656;Pojkar 2015(11 år) Grupp B Höst;2;2;6850434;5;/go-to/?fmid=6850434;Älvängens IK Vit;https://staticcdn.svenskfotboll.se/img/teamssm/9783.png;7;Nödinge SK Fotboll Blå;https://staticcdn.svenskfotboll.se/img/teamssm/10503.png;7;-1--1;Älvevi 3 7M7 Konstgräs;Älvevi;Hövägen 23, 446 32 Älvängen;Y;57.954092;12.123567;Göteborg;football
7;2026-10-03;12:15;133149;Division 4B Herr;2;4;6532293;4;/go-to/?fmid=6532293;Fässbergs IF;https://staticcdn.svenskfotboll.se/img/teamssm/9620.png;7;Göteborgs FF;https://staticcdn.svenskfotboll.se/img/teamssm/11217.png;7;3-2;Åbyvallen 1 Konstgräs;Åbyvallen;Idrottsvägen 5, 431 62 Mölndal;Y;57.645363;12.002082;Göteborg;football
7;2026-10-03;12:15;133160;Division 4A Dam;3;4;6533757;4;/go-to/?fmid=6533757;Öjersjö IF;https://staticcdn.svenskfotboll.se/img/teamssm/7552.png;7;Göteborgs SIF;https://staticcdn.svenskfotboll.se/img/teamssm/11214.png;7;5-0;Öjersjö IP 1 Konstgräs;Öjersjö IP;Tallmossevägen 9, 433 50 Öjersjö;Y;57.702889;12.149245;Göteborg;football
7;2026-10-03;12:15;133149;Division 4B Herr;2;4;6532296;4;/go-to/?fmid=6532296;IF Väster;https://staticcdn.svenskfotboll.se/img/teamssm/9861.png;7;Älvsborg FF;https://staticcdn.svenskfotboll.se/img/teamssm/9622.png;7;1-2;Önneredsplan 1 Konstgräs;Önneredsplan;Ersåsgatan 2, 421 59 Västra Frölunda;Y;57.637219;11.884878;Göteborg;football
7;2026-10-03;12:30;133683;Pojkar 2016(10 år) Grupp G Höst;2;2;6844284;5;/go-to/?fmid=6844284;Kareby IS 1;https://staticcdn.svenskfotboll.se/img/teamssm/10872.png;7;Kode IF P16:1;https://staticcdn.svenskfotboll.se/img/teamssm/10828.png;7;-1--1;Kareby Hed 11;Kareby Hed;442 46 Kareby;Y;57.903192;11.928436;Göteborg;football
7;2026-10-03;12:30;133713;Pojkar 2017(9 år) Ale+Kungälv Grupp A Höst;2;2;6846639;5;/go-to/?fmid=6846639;IK Kongahälla Grön;https://staticcdn.svenskfotboll.se/img/teamssm/9590.png;7;Hermansby IF Svart;https://staticcdn.svenskfotboll.se/img/teamssm/11150.png;7;-1--1;Munkegärdesplan 21 Konstgräs;Munkegärdesplan;Räfsalsvägen 11, 442 42 Kungälv;Y;57.890004;11.967916;Göteborg;football
7;2026-10-03;12:30;133612;Pojkar 2013(13 år) Höst Lätt Grupp A;2;3;6827626;4;/go-to/?fmid=6827626;Finlandia Pallo AIF Blå;https://staticcdn.svenskfotboll.se/img/teamssm/7939.png;7;Romelanda/Kareby/Kode;https://staticcdn.svenskfotboll.se/img/teamssm/10427.png;7;4-7;Tuvevallen 22 Konstgräs;Tuvevallen;Tuvevallen, 417 45 Göteborg;Y;57.750937;11.915436;Göteborg;football
7;2026-10-03;12:30;133634;Pojkar 2014(12 år) Grupp F Höst;2;2;6842916;5;/go-to/?fmid=6842916;Nödinge SK Fotboll p14 Blå;https://staticcdn.svenskfotboll.se/img/teamssm/10503.png;7;Lundby IF 2014 Vit;https://staticcdn.svenskfotboll.se/img/teamssm/11776.png;7;-1--1;Vimmervi 21 Konstgräs;Vimmervi;Gamla Kilandavägen 62, 449 36 Nödinge;Y;57.886226;12.080329;Göteborg;football
8;2026-10-03;12:30;136544;F11år Blå;3;2;6727580;5;/go-to/?fmid=6727580;Lilla Träslövs FF Blå;https://staticcdn.svenskfotboll.se/img/teamssm/9502.png;8;Rinia IF;https://staticcdn.svenskfotboll.se/img/teamssm/7291.png;8;-1--1;Östervi 2;Östervi;Östervi Idrottsplats, Engelbrektsgatan, Karlberg, Prästkullen, Varberg, Varbergs kommun, Hallands län, 432 31, Sverige;Y;57.104636;12.282999;Halland;football
7;2026-10-03;12:30;133664;Pojkar 2015(11 år) Grupp J Höst;2;2;6851690;5;/go-to/?fmid=6851690;Qviding FIF Svart 1;https://staticcdn.svenskfotboll.se/img/teamssm/8089.png;7;Jonsereds IF Svart;https://staticcdn.svenskfotboll.se/img/teamssm/9595.png;7;-1--1;Överåsvallen 12 Konstgräs;Överåsvallen;Skogshyddegatan 16, 412 74 Göteborg;Y;57.707876;12.002439;Göteborg;football
8;2026-10-03;13:00;133920;Division 5 Herr Södra Halland;2;4;6526935;4;/go-to/?fmid=6526935;Alets IK;https://staticcdn.svenskfotboll.se/img/teamssm/9531.png;8;Slöinge GOIF;https://staticcdn.svenskfotboll.se/img/teamssm/9491.png;8;2-2;Alevallen A;Alevallen;Alevallen, Järnvägsleden, Rotorp, Halmstad, Halmstads kommun, Hallands län, 302 39, Sverige;Y;56.667937;12.840292;Halland;football
7;2026-10-03;13:00;133639;Pojkar 2014(12 år) Grupp A Höst;2;2;6838134;5;/go-to/?fmid=6838134;Guldhedens IK;https://staticcdn.svenskfotboll.se/img/teamssm/11249.png;7;Kållered SK;https://staticcdn.svenskfotboll.se/img/teamssm/10787.png;7;-1--1;Anders Svensson vallen;Anders Svensson vallen;Anders Svenssonvallen, Doktor Heymans Gata 1F, 413 22 Göteborg;Y;57.687279;11.968893;Göteborg;football
7;2026-10-03;13:00;133641;Pojkar 2014(12 år) Grupp K Höst;2;2;6837972;5;/go-to/?fmid=6837972;Lerums IS 1;https://staticcdn.svenskfotboll.se/img/teamssm/10756.png;7;SG Ruddalen IF 1;https://staticcdn.svenskfotboll.se/img/teamssm/11284.png;7;-1--1;Aspevallen B-plan;Aspevallen;Strandvägen 7, 443 31 Lerum;Y;57.768427;12.253218;Göteborg;football
21;2026-10-03;13:00;135593;Damer, Div 5 Östra;3;4;6583146;4;/go-to/?fmid=6583146;Axvalls IF;https://staticcdn.svenskfotboll.se/img/teamssm/8732.png;21;Ardala GoIF;https://staticcdn.svenskfotboll.se/img/teamssm/11623.png;21;8-2;Axevalla IP, A-plan;Axevalla IP;Axevallavägen, Varnhems distrikt, Varnhem, Skara kommun, Västra Götalands län, 532 73, Sverige;Y;58.386770;13.636696;Västergötland;football
7;2026-10-03;13:00;133658;Pojkar 2015(11 år) Grupp D Höst;2;2;6845668;5;/go-to/?fmid=6845668;Azalea BK Svart;https://staticcdn.svenskfotboll.se/img/teamssm/7817.png;7;Landvetter IS P2015 Svart;https://staticcdn.svenskfotboll.se/img/teamssm/10768.png;7;-1--1;Dalens Lekfält;Dalens Lekfält;Vedbacken, 414 76 Göteborg;Y;57.681041;11.936371;Göteborg;football
21;2026-10-03;13:00;135593;Damer, Div 5 Östra;3;4;6583150;4;/go-to/?fmid=6583150;Rackeby/Kållandsö (9:9);https://staticcdn.svenskfotboll.se/img/teamssm/8665.png;21;Sils IF;https://staticcdn.svenskfotboll.se/img/teamssm/8659.png;21;4-4;Degeberg IP A-plan;Degeberg IP;Degeberg, Rackeby distrikt, Lidköpings kommun, Västra Götalands län, Sverige;Y;58.579488;13.011541;Västergötland;football
7;2026-10-03;13:00;133708;Pojkar 2017(9 år) Centrum+Härryda+Mölndal+Väster Grupp B Höst;2;2;6847264;5;/go-to/?fmid=6847264;Solängens BK 2017 Gul;https://staticcdn.svenskfotboll.se/img/teamssm/9548.png;7;IF Mölndal Fotboll Röd;https://staticcdn.svenskfotboll.se/img/teamssm/9569.png;7;-1--1;Eklandavallen 11;Eklandavallen;Bäckstensgatan 15, 431 49 Mölndal;Y;57.654780;11.959687;Göteborg;football
7;2026-10-03;13:00;133710;Pojkar 2017(9 år) Centrum+Härryda+Mölndal+Väster Grupp D Höst;2;2;6848163;5;/go-to/?fmid=6848163;Solängens BK 2017 Grön;https://staticcdn.svenskfotboll.se/img/teamssm/9548.png;7;BK Bifrost P2017;https://staticcdn.svenskfotboll.se/img/teamssm/9641.png;7;-1--1;Eklandavallen 11;Eklandavallen;Bäckstensgatan 15, 431 49 Mölndal;Y;57.654780;11.959687;Göteborg;football
21;2026-10-03;13:00;135591;Damer, Div 5 Söder;3;4;6582769;4;/go-to/?fmid=6582769;Hyssna IF U;https://staticcdn.svenskfotboll.se/img/teamssm/11089.png;21;Sätila SK (9:9);https://staticcdn.svenskfotboll.se/img/teamssm/10140.png;21;3-2;Ekäng D;Ekäng;Hålsjövägen 41-37, 510 22 Hyssna;Y;57.560793;12.559217;Västergötland;football
8;2026-10-03;13:00;137261;Nivå 3 Mellersta Södra Herrar;2;4;6733849;4;/go-to/?fmid=6733849;Oskarströms IS U;https://staticcdn.svenskfotboll.se/img/teamssm/10488.png;8;Andersbergs IK;https://staticcdn.svenskfotboll.se/img/teamssm/6845.png;8;6-6;Esperedsvallen konstgräs;Esperedsvallen;Esperedsvallen, Sennanvägen, Oskarström, Halmstads kommun, Hallands län, 313 31, Sverige;Y;56.796444;12.976225;Halland;football
1;2026-10-03;13:00;131959;Div 2 Västra Götaland, herr 2026;2;4;6547594;4;/go-to/?fmid=6547594;IF Böljan Falkenberg;https://staticcdn.svenskfotboll.se/img/teamssm/9528.png;8;Jonsereds IF;https://staticcdn.svenskfotboll.se/img/teamssm/9595.png;7;0-1;Falkenbergs IP A;Falkenbergs IP;Falkenbergs IP A, Skogsvägen, Kristineslätt, Skrea Strand, Falkenberg, Falkenbergs kommun, Hallands län, 311 45, Sverige;Y;56.897775;12.508271;1;football
7;2026-10-03;13:00;133608;Pojkar 2013(13 år) Höst Medel Grupp A;2;3;6828693;4;/go-to/?fmid=6828693;Floda BoIF Rosa;https://staticcdn.svenskfotboll.se/img/teamssm/11366.png;7;Marieholm IK Röd;https://staticcdn.svenskfotboll.se/img/teamssm/13640.png;7;6-2;Flodala IP 32 KG;Flodala IP;Skallsjö Prästväg 14, 448 31 Floda;Y;57.795503;12.346356;Göteborg;football
7;2026-10-03;13:00;133153;Division 6B Herr;2;4;6534282;4;/go-to/?fmid=6534282;Fotö GoIF;https://staticcdn.svenskfotboll.se/img/teamssm/9625.png;7;Hälsö BK;https://staticcdn.svenskfotboll.se/img/teamssm/11065.png;7;2-2;Fotö 1 Gräs;Fotö;Krogevi,Korsviksvägen, 475 45 Fotö;Y;57.671478;11.653374;Göteborg;football
28;2026-10-03;13:00;135694;BDFF P13-14 Röd;2;3;6648398;5;/go-to/?fmid=6648398;IFK Uddevalla U14;https://staticcdn.svenskfotboll.se/img/teamssm/8505.png;28;Herrestads AIF PF2013;https://staticcdn.svenskfotboll.se/img/teamssm/11149.png;28;0-0;Fridhemsvallen;Fridhemsvallen;Fridhemsvallen, Fridhemsvägen, 451 93 Uddevalla;Y;58.381083;11.937419;Bohuslän-Dalsland;football
7;2026-10-03;13:00;133714;Pojkar 2017(9 år) Lerum+Partille+Öster Grupp B Höst;2;2;6849448;5;/go-to/?fmid=6849448;Björndammens BK 1;https://staticcdn.svenskfotboll.se/img/teamssm/9638.png;7;Öjersjö IF 4;https://staticcdn.svenskfotboll.se/img/teamssm/7552.png;7;-1--1;Furulundsplan 11 Konstgräs;Furulundsplan;Furulundsplan, Timmervägen, 433 47 Partille;Y;57.727253;12.129716;Göteborg;football
7;2026-10-03;13:00;133714;Pojkar 2017(9 år) Lerum+Partille+Öster Grupp B Höst;2;2;6849455;5;/go-to/?fmid=6849455;Björndammens BK 2;https://staticcdn.svenskfotboll.se/img/teamssm/9638.png;7;Sävedalens IF Örnarna;https://staticcdn.svenskfotboll.se/img/teamssm/9545.png;7;-1--1;Furulundsplan 11 Konstgräs;Furulundsplan;Furulundsplan, Timmervägen, 433 47 Partille;Y;57.727253;12.129716;Göteborg;football
7;2026-10-03;13:00;133711;Pojkar 2017(9 år) Lerum+Partille+Öster Grupp D Höst;2;2;6850076;5;/go-to/?fmid=6850076;Björndammens BK 3;https://staticcdn.svenskfotboll.se/img/teamssm/9638.png;7;Lerums IS P17L 3;https://staticcdn.svenskfotboll.se/img/teamssm/10756.png;7;-1--1;Furulundsplan 11 Konstgräs;Furulundsplan;Furulundsplan, Timmervägen, 433 47 Partille;Y;57.727253;12.129716;Göteborg;football
7;2026-10-03;13:00;133641;Pojkar 2014(12 år) Grupp K Höst;2;2;6837971;5;/go-to/?fmid=6837971;GAIS 4;https://staticcdn.svenskfotboll.se/img/teamssm/9614.png;7;Solängens BK P2014 Grön;https://staticcdn.svenskfotboll.se/img/teamssm/9548.png;7;-1--1;Gaisgården 22;Gaisgården;Gamla Boråsvägen 75, 412 76 Göteborg;Y;57.680427;12.029061;Göteborg;football
28;2026-10-03;13:00;135777;Div.4 Herr Bohuslän-Dalsland 2026;2;4;6579970;4;/go-to/?fmid=6579970;Högsäters GF;https://staticcdn.svenskfotboll.se/img/teamssm/11042.png;28;Eds FF;https://staticcdn.svenskfotboll.se/img/teamssm/11441.png;28;4-3;Genevi IP;Genevi IP;Genivi idrottsplats, 172, Tångelanda, Högsäter, Färgelanda kommun, Västra Götalands län, 458 96, Sverige;Y;58.655792;12.065394;Bohuslän-Dalsland;football
8;2026-10-03;13:00;133922;Division 6 Herr Södra Halland;2;4;6563759;4;/go-to/?fmid=6563759;Skottorps IF;https://staticcdn.svenskfotboll.se/img/teamssm/10302.png;8;Ränneslövs GIF/BK Walldia;https://staticcdn.svenskfotboll.se/img/teamssm/9497.png;8;3-5;Gröningen A;Gröningen;Gröningens väg 1, 312 77 Skottorp;Y;56.449440;12.954590;Halland;football
28;2026-10-03;13:00;135777;Div.4 Herr Bohuslän-Dalsland 2026;2;4;6579946;4;/go-to/?fmid=6579946;Lysekils AIK;https://staticcdn.svenskfotboll.se/img/teamssm/10699.png;28;Skärhamns IK;https://staticcdn.svenskfotboll.se/img/teamssm/10285.png;28;0-2;Gullmarsvallen;Gullmarsvallen;Gullmarsvallen, Pinneviksvägen, Dona, Lysekil, Lysekils kommun, Västra Götalands län, 453 31, Sverige;Y;58.269620;11.422889;Bohuslän-Dalsland;football
8;2026-10-03;13:00;137161;P12år Blå;2;2;6738008;5;/go-to/?fmid=6738008;Halmstads BK Gul;https://staticcdn.svenskfotboll.se/img/teamssm/9517.png;8;Onsala BK Röd;https://staticcdn.svenskfotboll.se/img/teamssm/10495.png;8;-1--1;Halmstad Arena P6;Halmstad Arena;Kristinehedsvägen 4B, 302 44 Halmstad;Y;56.675943;12.888513;Halland;football
28;2026-10-03;13:00;136232;BDFF P10-12 Röd Nordvästra;2;2;6736786;3;/go-to/?fmid=6736786;Sotenäs Fotbolls Södra 2;https://staticcdn.svenskfotboll.se/img/teamssm/10801.png;28;Eds FF P12 år 2026;https://staticcdn.svenskfotboll.se/img/teamssm/11441.png;28;-1--1;Himlavallen;Himlavallen;Himlavallen, Bäckeviksgatan, Bäckevik, Kungshamn, Sotenäs kommun, Västra Götalands län, 456 31, Sverige;Y;58.365254;11.255887;Bohuslän-Dalsland;football
28;2026-10-03;13:00;136232;BDFF P10-12 Röd Nordvästra;2;2;6736813;5;/go-to/?fmid=6736813;Eds FF P12 år 2026;https://staticcdn.svenskfotboll.se/img/teamssm/11441.png;28;Sotenäs Fotbolls Södra 2;https://staticcdn.svenskfotboll.se/img/teamssm/10801.png;28;-1--1;Himlavallen;Himlavallen;Himlavallen, Bäckeviksgatan, Bäckevik, Kungshamn, Sotenäs kommun, Västra Götalands län, 456 31, Sverige;Y;58.365254;11.255887;Bohuslän-Dalsland;football
7;2026-10-03;13:00;138257;Junior Flickor Div 3 Höst;3;3;6827586;4;/go-to/?fmid=6827586;IK Zenith DJ;https://staticcdn.svenskfotboll.se/img/teamssm/9829.png;7;Kareby IS/RUF/KIF;https://staticcdn.svenskfotboll.se/img/teamssm/10872.png;7;5-0;Hovgårdsvallen 2 Konstgräs (Bjurforsplanen);Hovgårdsvallen;Gamla Lillebyvägen 1, 432 00 Torslanda;Y;57.751235;11.827376;Göteborg;football
7;2026-10-03;13:00;133766;Flickor 2012-2013 Stor 9M9 Lätt Gr. A Höst;3;3;6828152;4;/go-to/?fmid=6828152;Hovås Billdal IF F2012;https://staticcdn.svenskfotboll.se/img/teamssm/11109.png;7;Jitex BK Vit;https://staticcdn.svenskfotboll.se/img/teamssm/7516.png;7;5-2;Hovås Billdal Arena 1;Hovås Billdal Arena;Kruniusvägen, 427 36 Billdal;Y;57.589555;11.946909;Göteborg;football
7;2026-10-03;13:00;133833;Flickor 2017(9 år) Lerum+Partille+Öster Grupp A Höst;3;2;6830269;5;/go-to/?fmid=6830269;Qviding FIF 2;https://staticcdn.svenskfotboll.se/img/teamssm/8089.png;7;Utbynäs SK Blå;https://staticcdn.svenskfotboll.se/img/teamssm/9983.png;7;-1--1;Härlanda Park 3;Härlanda Park;Härlanda Park 6B, 416 52 Göteborg;Y;57.716492;12.017055;Göteborg;football
28;2026-10-03;13:00;135777;Div.4 Herr Bohuslän-Dalsland 2026;2;4;6579864;4;/go-to/?fmid=6579864;Ellenö IK;https://staticcdn.svenskfotboll.se/img/teamssm/11427.png;28;Groheds IF;https://staticcdn.svenskfotboll.se/img/teamssm/11268.png;28;0-2;Håmulevallen;Håmulevallen;HÅMULE 3, 458 92 Färgelanda;Y;58.498084;11.912613;Bohuslän-Dalsland;football
21;2026-10-03;13:00;136510;Pojkar Div 4 Borås;2;3;6710988;4;/go-to/?fmid=6710988;Svenljunga/Högvad;https://staticcdn.svenskfotboll.se/img/teamssm/10153.png;21;Sandared/Sjömarken;https://staticcdn.svenskfotboll.se/img/teamssm/10368.png;21;2-2;Högvalla IP A konstgräs;Högvalla IP;Högvalla IP, Högelid, 512 52 Svenljunga;Y;57.498164;13.103622;Västergötland;football
21;2026-10-03;13:00;135591;Damer, Div 5 Söder;3;4;6582767;4;/go-to/?fmid=6582767;Kabel Åttio/Byttorp/Sjömarken;https://staticcdn.svenskfotboll.se/img/teamssm/8720.png;21;Annelunds IF U (9:9);https://staticcdn.svenskfotboll.se/img/teamssm/11630.png;21;1-0;Idrottsgården A-plan;Idrottsgården;Hagavägen 16, 518 40 Sjömarken;Y;57.718988;12.841432;Västergötland;football
21;2026-10-03;13:00;135591;Damer, Div 5 Söder;3;4;6582765;4;/go-to/?fmid=6582765;Hajom/Björketorp;https://staticcdn.svenskfotboll.se/img/teamssm/8731.png;21;Gällstads FK (9:9);https://staticcdn.svenskfotboll.se/img/teamssm/6966.png;21;3-1;Kajbergsvallen A;Kajbergsvallen;Kajbergsvallen, Göteborgsvägen, Heden, Hajom, Marks kommun, Västra Götalands län, 511 97, Sverige;Y;57.519716;12.565302;Västergötland;football
7;2026-10-03;13:00;138260;Pojkar 2013(13 år) Höst Lätt Grupp F;2;3;6828475;4;/go-to/?fmid=6828475;Kode IF P 13;https://staticcdn.svenskfotboll.se/img/teamssm/10828.png;7;IF Warta Vit;https://staticcdn.svenskfotboll.se/img/teamssm/9841.png;7;10-6;Kode IP 31 Konstgräs;Kode IP;SLÄBO 120, 442 96 Kode;Y;57.946073;11.863428;Göteborg;football
7;2026-10-03;13:00;133715;Pojkar 2017(9 år) Lerum+Partille+Öster Grupp C Höst;2;2;6850020;5;/go-to/?fmid=6850020;GoldCoast FC Vit;https://staticcdn.svenskfotboll.se/img/teamssm/13374.png;7;Götaholms BK P2017 Blå;https://staticcdn.svenskfotboll.se/img/teamssm/9615.png;7;-1--1;Kortedalavallen 3;Kortedalavallen;Kortedala Idrottsväg 13, 415 37 Göteborg;Y;57.751830;12.040079;Göteborg;football
21;2026-10-03;13:00;135591;Damer, Div 5 Söder;3;4;6582768;4;/go-to/?fmid=6582768;Mariedals IK;https://staticcdn.svenskfotboll.se/img/teamssm/10652.png;21;Södra Ving/Hössna/Timmele U (9:9);https://staticcdn.svenskfotboll.se/img/teamssm/10118.png;21;3-1;Kransmossens IP A;Kransmossens IP;Kransmossens idrottsplats, Kransvägen, Brotorp, Borås, Borås kommun, Västra Götalands län, 507 65, Sverige;Y;57.707261;12.979446;Västergötland;football
1;2026-10-03;13:00;129333;P19 Div.1 2026 Västra Götaland;2;3;6585924;4;/go-to/?fmid=6585924;Falkenbergs FF;https://staticcdn.svenskfotboll.se/img/teamssm/9525.png;8;Sävedalens IF;https://staticcdn.svenskfotboll.se/img/teamssm/9545.png;7;4-2;Kristineslätt IP 5;Kristineslätt IP;Kristineslätt, Skrea Strand, Falkenberg, Falkenbergs kommun, Hallands län, 311 41, Sverige;Y;56.891601;12.514593;1;football
7;2026-10-03;13:00;133709;Pojkar 2017(9 år) Centrum+Härryda+Mölndal+Väster Grupp C Höst;2;2;6847908;5;/go-to/?fmid=6847908;Dalen/Krokslätts FF Blå;https://staticcdn.svenskfotboll.se/img/teamssm/9632.png;7;IFK Hindås P-17;https://staticcdn.svenskfotboll.se/img/teamssm/11008.png;7;-1--1;Krokslättsvallen 7M7;Krokslättsvallen;Krokslätts Storgata 44, 431 38 Mölndal;Y;57.671326;11.997967;Göteborg;football
21;2026-10-03;13:00;136732;Pojkar Div 8 Dalsjöfors;2;3;6723630;4;/go-to/?fmid=6723630;Kronängs IF Svart;https://staticcdn.svenskfotboll.se/img/teamssm/8688.png;21;Dalsjöfors GoIF Grön;https://staticcdn.svenskfotboll.se/img/teamssm/12553.png;21;5-2;Kronäng Arena;Kronäng Arena;Schaktgatan 1, 504 41 Borås;Y;57.696516;12.931606;Västergötland;football
21;2026-10-03;13:00;137605;Flickor Div 6 Ulricehamn;3;2;6783028;5;/go-to/?fmid=6783028;Ulricehamns IFK;https://staticcdn.svenskfotboll.se/img/teamssm/7738.png;21;Fristads GoIF Grön;https://staticcdn.svenskfotboll.se/img/teamssm/11342.png;21;-1--1;Lassalyckan C-plan;Lassalyckan;Lassalyckan, Ulricehamns distrikt, Ulricehamn, Ulricehamns kommun, Västra Götalands län, 523 33, Sverige;Y;57.785778;13.436509;Västergötland;football
7;2026-10-03;13:00;135521;Damer, Div 2 Nordvästra Götaland;3;4;6565701;4;/go-to/?fmid=6565701;Utbynäs SK;https://staticcdn.svenskfotboll.se/img/teamssm/9983.png;7;Lidköpings FK;https://staticcdn.svenskfotboll.se/img/teamssm/8704.png;21;4-4;Lemmingvallen 2 Konstgräs;Lemmingvallen;Lemmingsgatan 5, 415 07 Göteborg;Y;57.734850;12.052148;Göteborg;football
7;2026-10-03;13:00;135358;Division 2 Dam Sydvästra Götaland;3;4;6561067;4;/go-to/?fmid=6561067;Göteborgs FF;https://staticcdn.svenskfotboll.se/img/teamssm/11217.png;7;Fortuna FF;https://staticcdn.svenskfotboll.se/img/teamssm/9281.png;14;2-2;Majvallen 1 Konstgräs;Majvallen;Ekedalsgatan 20, 414 68 Göteborg;Y;57.689370;11.936171;Göteborg;football
1;2026-10-03;13:00;131966;Div 1 Södra, dam 2026;3;4;6545819;4;/go-to/?fmid=6545819;Alingsås KIK;https://staticcdn.svenskfotboll.se/img/teamssm/8345.png;21;Helsingborgs IF;https://staticcdn.svenskfotboll.se/img/teamssm/9332.png;14;1-2;Noltorpsvallen B Konstgräs;Noltorpsvallen;Noltorpsvallen, Mjörnstigen, Noltorp, Alingsås distrikt, Alingsås, Alingsås kommun, Västra Götalands län, 441 56, Sverige;Y;57.936860;12.515810;1;football
21;2026-10-03;13:00;135521;Damer, Div 2 Nordvästra Götaland;3;4;6565690;4;/go-to/?fmid=6565690;Skoftebyns IF;https://staticcdn.svenskfotboll.se/img/teamssm/8653.png;21;Götene FK;https://staticcdn.svenskfotboll.se/img/teamssm/13173.png;21;2-6;Nysätra IP;Nysätra IP;Nysätra idrottsplats, Åkerssjövägen, Skoftebyn, Trollhättan, Trollhättans kommun, Västra Götalands län, 461 55, Sverige;Y;58.264301;12.266413;Västergötland;football
21;2026-10-03;13:00;132034;Div 2 NÖ Götaland Dam;3;4;6576455;4;/go-to/?fmid=6576455;Falköpings KIK;https://staticcdn.svenskfotboll.se/img/teamssm/8721.png;21;Skövde KIK;https://staticcdn.svenskfotboll.se/img/teamssm/6738.png;21;3-2;Odenplan A-plan;Odenplan;Odengatan 41, 521 43 Falköping;Y;58.165027;13.561860;Västergötland;football
1;2026-10-03;13:00;131957;Div 2 Norra Götaland, herr 2026;2;4;6547415;4;/go-to/?fmid=6547415;Stenungsunds IF;https://staticcdn.svenskfotboll.se/img/teamssm/10236.png;28;IFK Skövde FK;https://staticcdn.svenskfotboll.se/img/teamssm/7848.png;21;0-3;Olssons Trävaror Arena;Olssons Trävaror Arena;Yttre Ringleden 6, 444 32 Stenungsund;Y;58.067866;11.858581;1;football
7;2026-10-03;13:00;135521;Damer, Div 2 Nordvästra Götaland;3;4;6565660;4;/go-to/?fmid=6565660;Öckerö IF;https://staticcdn.svenskfotboll.se/img/teamssm/9774.png;7;IK Frisco;https://staticcdn.svenskfotboll.se/img/teamssm/8716.png;21;3-0;Prästängen 1 Konstgräs;Prästängen;PRÄSTÄNGEN 1, 475 31 Öckerö;Y;57.717030;11.641158;Göteborg;football
1;2026-10-03;13:00;133302;F17 Allsvenskan Södra 2026;3;3;6577370;4;/go-to/?fmid=6577370;Utsiktens BK;https://staticcdn.svenskfotboll.se/img/teamssm/9982.png;7;Halmstads BK;https://staticcdn.svenskfotboll.se/img/teamssm/9517.png;8;0-1;Ruddalen 3 KG;Ruddalen;Anna Östvägen 8, 426 68 Västra Frölunda;Y;57.664609;11.909282;1;football
7;2026-10-03;13:00;133835;Flickor 2017(9 år) Centrum+Härryda+Mölndal+Väster Grupp A Höst;3;2;6836431;5;/go-to/?fmid=6836431;SG Ruddalen IF Lag 1;https://staticcdn.svenskfotboll.se/img/teamssm/11284.png;7;Hovås Billdal IF F2017 GRÖN;https://staticcdn.svenskfotboll.se/img/teamssm/11109.png;7;-1--1;Ruddalen 5:5M5:1;Ruddalen;Anna Östvägen 8, 426 68 Västra Frölunda;Y;57.664609;11.909282;Göteborg;football
8;2026-10-03;13:00;135358;Division 2 Dam Sydvästra Götaland;3;4;6561118;4;/go-to/?fmid=6561118;Onsala BK;https://staticcdn.svenskfotboll.se/img/teamssm/10495.png;8;Stafsinge IF;https://staticcdn.svenskfotboll.se/img/teamssm/9488.png;8;3-1;Rydets IP A konstgräs;Rydets IP;Gathes väg 108, 439 36 Onsala;Y;57.396260;11.997052;Halland;football
21;2026-10-03;13:00;135521;Damer, Div 2 Nordvästra Götaland;3;4;6565683;4;/go-to/?fmid=6565683;Råda BK;https://staticcdn.svenskfotboll.se/img/teamssm/10400.png;21;Herrestads AIF;https://staticcdn.svenskfotboll.se/img/teamssm/11149.png;28;10-1;Rådavallen Dinaplanen konstgräs;Rådavallen;Rådavallen, Vattenledningsvägen, Råda, Råda distrikt, Lidköpings kommun, Västra Götalands län, 531 59, Sverige;Y;58.499337;13.102725;Västergötland;football
8;2026-10-03;13:00;136543;F11år Röd;3;2;6727150;3;/go-to/?fmid=6727150;Snöstorp Nyhem FF;https://staticcdn.svenskfotboll.se/img/teamssm/7704.png;8;SRG Himledalen;https://staticcdn.svenskfotboll.se/img/teamssm/10288.png;8;-1--1;Skedalaheds IP 2;Skedalaheds IP;Skedalahed 114, 305 93 Halmstad;Y;56.686715;12.945246;Halland;football
8;2026-10-03;13:00;133920;Division 5 Herr Södra Halland;2;4;6526933;4;/go-to/?fmid=6526933;Sperlingsholms IF;https://staticcdn.svenskfotboll.se/img/teamssm/9489.png;8;Kornhult/Hishult FF;https://staticcdn.svenskfotboll.se/img/teamssm/7413.png;8;2-1;Sperlingsholms IP 1;Sperlingsholms IP;Sperlingsholmsvägen, Tegelbruket, Hålan, Halmstad, Halmstads kommun, Hallands län, 302 24, Sverige;Y;56.695283;12.879580;Halland;football
28;2026-10-03;13:00;135777;Div.4 Herr Bohuslän-Dalsland 2026;2;4;6579974;4;/go-to/?fmid=6579974;Hamburgsunds IF;https://staticcdn.svenskfotboll.se/img/teamssm/11195.png;28;Vallens IF;https://staticcdn.svenskfotboll.se/img/teamssm/8496.png;28;0-1;Sundvallen;Sundvallen;Idrottsvägen 3, 457 45 Hamburgsund;Y;58.551450;11.275202;Bohuslän-Dalsland;football
7;2026-10-03;13:00;133150;Division 5A Herr;2;4;6532418;4;/go-to/?fmid=6532418;IF Warta;https://staticcdn.svenskfotboll.se/img/teamssm/9841.png;7;Eriksbergs IF;https://staticcdn.svenskfotboll.se/img/teamssm/9629.png;7;1-2;Sälöfjordsvallen 1 Gräs;Sälöfjordsvallen;Södra Sälöfjordsgatan 33, 418 73 Göteborg;Y;57.713415;11.904523;Göteborg;football
7;2026-10-03;13:00;133635;Pojkar 2014(12 år) Grupp G Höst;2;2;6840967;5;/go-to/?fmid=6840967;IF Warta Vit;https://staticcdn.svenskfotboll.se/img/teamssm/9841.png;7;Hjuviks AIK;https://staticcdn.svenskfotboll.se/img/teamssm/8330.png;7;-1--1;Sälöfjordsvallen 21 K.Gräs;Sälöfjordsvallen;Södra Sälöfjordsgatan 33, 418 73 Göteborg;Y;57.713415;11.904523;Göteborg;football
1;2026-10-03;13:00;133301;F17 div. 1 2026 - Götaland Västra;3;3;6595704;4;/go-to/?fmid=6595704;BK Astrio;https://staticcdn.svenskfotboll.se/img/teamssm/9529.png;8;Onsala BK;https://staticcdn.svenskfotboll.se/img/teamssm/10495.png;8;5-0;Söndrums IP A;Söndrums IP;Söndrums Idrottsplats, Bäckagårdsvägen, Pålsbo, Bäckagård, Halmstad, Halmstads kommun, Hallands län, 302 91, Sverige;Y;56.670271;12.797138;1;football
28;2026-10-03;13:00;135777;Div.4 Herr Bohuslän-Dalsland 2026;2;4;6579988;4;/go-to/?fmid=6579988;Henån-Gilleby IF;https://staticcdn.svenskfotboll.se/img/teamssm/13289.png;28;Bengtsfors IF;https://staticcdn.svenskfotboll.se/img/teamssm/8494.png;28;2-1;Tavlebordsvallen;Tavlebordsvallen;Tavlebordsvallen, O 740, Tvet, Orust kommun, Västra Götalands län, 473 97, Sverige;Y;58.143124;11.572918;Bohuslän-Dalsland;football
21;2026-10-03;13:00;135593;Damer, Div 5 Östra;3;4;6583147;4;/go-to/?fmid=6583147;IF Tymer (9:9);https://staticcdn.svenskfotboll.se/img/teamssm/10025.png;21;Örslösa-Söne IK (9:9);https://staticcdn.svenskfotboll.se/img/teamssm/12698.png;21;2-0;Timmersdala A;Timmersdala;Timmersdala, Skövde kommun, Västra Götalands län, 540 17, Sverige;Y;58.527719;13.759359;Västergötland;football
21;2026-10-03;13:00;135521;Damer, Div 2 Nordvästra Götaland;3;4;6565578;4;/go-to/?fmid=6565578;Vara SK;https://staticcdn.svenskfotboll.se/img/teamssm/9966.png;21;Tollereds IF;https://staticcdn.svenskfotboll.se/img/teamssm/10081.png;7;0-1;Torsvallen A-plan;Torsvallen;Torsvallen, Vallgatan, Lassagården, Vara distrikt, Vara, Vara kommun, Västra Götalands län, 534 32, Sverige;Y;58.264705;12.961627;Västergötland;football
8;2026-10-03;13:00;133922;Division 6 Herr Södra Halland;2;4;6563850;4;/go-to/?fmid=6563850;Torup/Rydö FF;https://staticcdn.svenskfotboll.se/img/teamssm/7097.png;8;Östergård BK;https://staticcdn.svenskfotboll.se/img/teamssm/14793.png;8;0-2;Torulund A;Torulund;Jesperslundsvägen 1, 314 41 Torup;Y;56.963831;13.077385;Halland;football
1;2026-10-03;13:00;129333;P19 Div.1 2026 Västra Götaland;2;3;6585831;4;/go-to/?fmid=6585831;Herrestads AIF;https://staticcdn.svenskfotboll.se/img/teamssm/11149.png;28;BK Astrio;https://staticcdn.svenskfotboll.se/img/teamssm/9529.png;8;2-4;Undavallen Konstgräs;Undavallen;Stan 101, 451 94 Uddevalla;Y;58.336300;11.826976;1;football
7;2026-10-03;13:00;135521;Damer, Div 2 Nordvästra Götaland;3;4;6565670;4;/go-to/?fmid=6565670;Sävedalens IF;https://staticcdn.svenskfotboll.se/img/teamssm/9545.png;7;IK Rössö Uddevalla;https://staticcdn.svenskfotboll.se/img/teamssm/8498.png;28;1-4;Vallhamra 1 Gräs;Vallhamra IP;Ugglumsleden 48, 433 64 Sävedalen;Y;57.724452;12.079253;Göteborg;football
8;2026-10-03;13:00;133919;Division 5 Herr Norra Halland;2;4;6534780;4;/go-to/?fmid=6534780;Väröbacka GIF;https://staticcdn.svenskfotboll.se/img/teamssm/9478.png;8;Särö Kullavik IF;https://staticcdn.svenskfotboll.se/img/teamssm/9496.png;8;4-0;Värö IP A;Värö IP;Värö idrottsplats, Ellickevägen, Limabacka, Varbergs kommun, Hallands län, 432 65, Sverige;Y;57.238901;12.184606;Halland;football
21;2026-10-03;13:00;135591;Damer, Div 5 Söder;3;4;6582766;4;/go-to/?fmid=6582766;Skene IF;https://staticcdn.svenskfotboll.se/img/teamssm/8655.png;21;Vårgårda IK U (9:9);https://staticcdn.svenskfotboll.se/img/teamssm/9882.png;21;4-0;Vävarevallen A-plan;Vävarevallen;Dalsängsgatan 4, 511 63 Skene;Y;57.485152;12.642137;Västergötland;football
7;2026-10-03;13:00;133782;Flickor 2014(12 år) Grupp E Höst;3;2;6836087;5;/go-to/?fmid=6836087;Örgryte IS Fotboll Röd;https://staticcdn.svenskfotboll.se/img/teamssm/12910.png;7;Askims IK F2014 U12 Svart;https://staticcdn.svenskfotboll.se/img/teamssm/11617.png;7;-1--1;ÖIS-gården 21;ÖIS-gården;Korndalsvägen 3, 412 76 Göteborg;Y;57.675233;12.028495;Göteborg;football
7;2026-10-03;13:00;133709;Pojkar 2017(9 år) Centrum+Härryda+Mölndal+Väster Grupp C Höst;2;2;6847911;5;/go-to/?fmid=6847911;Örgryte IS Fotboll P2017 Vit;https://staticcdn.svenskfotboll.se/img/teamssm/12910.png;7;Fässbergs IF lila;https://staticcdn.svenskfotboll.se/img/teamssm/9620.png;7;-1--1;ÖIS-gården 7M7 Konstgräs;ÖIS-gården;Korndalsvägen 3, 412 76 Göteborg;Y;57.675233;12.028495;Göteborg;football
7;2026-10-03;13:00;133709;Pojkar 2017(9 år) Centrum+Härryda+Mölndal+Väster Grupp C Höst;2;2;6847912;5;/go-to/?fmid=6847912;Örgryte IS Fotboll P2017 Röd;https://staticcdn.svenskfotboll.se/img/teamssm/12910.png;7;Fässbergs IF lila 2;https://staticcdn.svenskfotboll.se/img/teamssm/9620.png;7;-1--1;ÖIS-gården 7M7 Konstgräs;ÖIS-gården;Korndalsvägen 3, 412 76 Göteborg;Y;57.675233;12.028495;Göteborg;football
7;2026-10-03;13:00;133658;Pojkar 2015(11 år) Grupp D Höst;2;2;6845665;5;/go-to/?fmid=6845665;IF Väster Orange;https://staticcdn.svenskfotboll.se/img/teamssm/9861.png;7;Kungsladugårds BK Röd Vit;https://staticcdn.svenskfotboll.se/img/teamssm/10799.png;7;-1--1;Önneredsplan 2;Önneredsplan;Ersåsgatan 2, 421 59 Västra Frölunda;Y;57.637219;11.884878;Göteborg;football
8;2026-10-03;13:00;135358;Division 2 Dam Sydvästra Götaland;3;4;6561099;4;/go-to/?fmid=6561099;IFK Örby;https://staticcdn.svenskfotboll.se/img/teamssm/10940.png;21;Eriksbergs IF;https://staticcdn.svenskfotboll.se/img/teamssm/9629.png;7;0-3;Örby IP A;Örby IP;Öresjövägen 17, 511 31 Örby;Y;57.475963;12.707193;Halland;football
1;2026-10-03;13:00;131350;Träningsmatcher Elit, herr 2026;2;4;6865375;4;/go-to/?fmid=6865375;Halmstad;https://staticcdn.svenskfotboll.se/img/teamssm/12921.png;8;Östers IF;https://staticcdn.svenskfotboll.se/img/teamssm/9736.png;15;3-2;Örjans Vall;Örjans Vall;Örjans vall, Olympiavägen, Gamletull, Halmstad, Halmstads kommun, Hallands län, 302 31, Sverige;Y;56.684904;12.867997;1;football
1;2026-10-03;13:00;133339;Ettan Södra, herr 2026;2;4;6538138;4;/go-to/?fmid=6538138;Tvååkers IF;https://staticcdn.svenskfotboll.se/img/teamssm/9483.png;8;Hässleholms IF;https://staticcdn.svenskfotboll.se/img/teamssm/9322.png;14;1-2;Övrevi A;Övrevi;Övrevi idrottsplats, N 760, Stenen, Övreby, Tvååker, Varbergs kommun, Hallands län, 432 78, Sverige;Y;57.046115;12.379083;1;football
7;2026-10-03;13:15;133577;Pojkar 2011(15 år) Svår Grupp A;2;3;6608378;4;/go-to/?fmid=6608378;Marieholm IK 1;https://staticcdn.svenskfotboll.se/img/teamssm/13640.png;7;Torslanda IK Röd;https://staticcdn.svenskfotboll.se/img/teamssm/10068.png;7;1-3;Bläsebovallen 1 Konstgräs;;;N;;;Göteborg;football
7;2026-10-03;13:15;133795;Flickor 2015(11 år) Grupp B Höst;3;2;6838857;5;/go-to/?fmid=6838857;Kungsladugårds BK Röd;https://staticcdn.svenskfotboll.se/img/teamssm/10799.png;7;Landvetter IF 2003 B;https://staticcdn.svenskfotboll.se/img/teamssm/6789.png;7;-1--1;Sjöbaren Arena;Apelsinplan;Apelsingatan 6, 426 54 Västra Frölunda;Y;57.655054;11.882940;Göteborg;football
7;2026-10-03;13:15;133634;Pojkar 2014(12 år) Grupp F Höst;2;2;6842911;5;/go-to/?fmid=6842911;Hisingsbacka FC Svart;https://staticcdn.svenskfotboll.se/img/teamssm/11138.png;7;Torslanda IK Svart;https://staticcdn.svenskfotboll.se/img/teamssm/10068.png;7;-1--1;Backavallen 22(Gratts Arena);Backavallen;Wadköpingsgatan 153, 422 51 Hisings Backa;Y;57.745322;11.967003;Göteborg;football
7;2026-10-03;13:15;133658;Pojkar 2015(11 år) Grupp D Höst;2;2;6845663;5;/go-to/?fmid=6845663;Hovås Billdal IF P2015 Grön;https://staticcdn.svenskfotboll.se/img/teamssm/11109.png;7;Älvsborg FF Svart;https://staticcdn.svenskfotboll.se/img/teamssm/9622.png;7;-1--1;Billdalsvallen 1B;Billdalsvallen;Påls väg, 427 36 Göteborg;Y;57.588232;11.949791;Göteborg;football
7;2026-10-03;13:15;133680;Pojkar 2016(10 år) Grupp D Höst;2;2;6843247;5;/go-to/?fmid=6843247;IF Mölndal Fotboll röd;https://staticcdn.svenskfotboll.se/img/teamssm/9569.png;7;SG Ruddalen IF P16 Vit;https://staticcdn.svenskfotboll.se/img/teamssm/11284.png;7;-1--1;Enerbacksplan Gräs 7M7;Enerbacksplan;Enerbacksvallen, Gunnebogatan 63, 431 66 Mölndal;Y;57.664940;12.023417;Göteborg;football
7;2026-10-03;13:15;133711;Pojkar 2017(9 år) Lerum+Partille+Öster Grupp D Höst;2;2;6850078;5;/go-to/?fmid=6850078;Gunnilse IS Röd;https://staticcdn.svenskfotboll.se/img/teamssm/11237.png;7;Floda BoIF P17 Röd;https://staticcdn.svenskfotboll.se/img/teamssm/11366.png;7;-1--1;Hjällbovallen 21 konstgräs;Hjällbovallen;Knattens väg 12, 424 32 Angered;Y;57.777950;12.017062;Göteborg;football
7;2026-10-03;13:15;133636;Pojkar 2014(12 år) Grupp H Höst;2;2;6840214;5;/go-to/?fmid=6840214;Qviding FIF Svart 1;https://staticcdn.svenskfotboll.se/img/teamssm/8089.png;7;Serbiska KIF Semberija Göteborg;https://staticcdn.svenskfotboll.se/img/teamssm/7595.png;7;-1--1;Härlanda 22;Härlanda Park;Härlanda Park 6B, 416 52 Göteborg;Y;57.716492;12.017055;Göteborg;football
7;2026-10-03;13:15;133150;Division 5A Herr;2;4;6532422;4;/go-to/?fmid=6532422;Kärra KIF;https://staticcdn.svenskfotboll.se/img/teamssm/10780.png;7;Romelanda UF;https://staticcdn.svenskfotboll.se/img/teamssm/10427.png;7;7-0;Klarebergsvallen 2 Konstgräs;Klarebergsvallen;Burmans Gata 3, 425 33 Hisings Kärra;Y;57.798761;11.987168;Göteborg;football
7;2026-10-03;13:15;133662;Pojkar 2015(11 år) Grupp H Höst;2;2;6846441;5;/go-to/?fmid=6846441;Kärra KIF Gul;https://staticcdn.svenskfotboll.se/img/teamssm/10780.png;7;Torslanda IK C;https://staticcdn.svenskfotboll.se/img/teamssm/10068.png;7;-1--1;Klarebergsvallen 3 Konstgräs 7M7;Klarebergsvallen;Burmans Gata 3, 425 33 Hisings Kärra;Y;57.798761;11.987168;Göteborg;football
7;2026-10-03;13:15;133641;Pojkar 2014(12 år) Grupp K Höst;2;2;6837968;5;/go-to/?fmid=6837968;Eriksbergs IF 3;https://staticcdn.svenskfotboll.se/img/teamssm/9629.png;7;Fässbergs IF Vit;https://staticcdn.svenskfotboll.se/img/teamssm/9620.png;7;-1--1;Krokängsplan 12 Konstgräs;Krokängsplan;Säterigatan 15, 417 69 Göteborg;Y;57.702920;11.910432;Göteborg;football
7;2026-10-03;13:15;133631;Pojkar 2014(12 år) Grupp C Höst;2;2;6838441;5;/go-to/?fmid=6838441;Utbynäs SK Blå;https://staticcdn.svenskfotboll.se/img/teamssm/9983.png;7;Qviding FIF Vit 2;https://staticcdn.svenskfotboll.se/img/teamssm/8089.png;7;-1--1;Kviberg 3:1 gräs 7M7;Kviberg;Luftvärnsvägen, 415 06 Göteborg;Y;57.737550;12.038540;Göteborg;football
7;2026-10-03;13:15;133681;Pojkar 2016(10 år) Grupp E Höst;2;2;6858062;5;/go-to/?fmid=6858062;Backatorp IF Svart;https://staticcdn.svenskfotboll.se/img/teamssm/11915.png;7;Lerums IS P16 Lila 3;https://staticcdn.svenskfotboll.se/img/teamssm/10756.png;7;-1--1;Lillhagsplan 11;Lillhagsplan;Lillhagsvägen, 422 57 Hisings Backa;Y;57.763300;11.956822;Göteborg;football
7;2026-10-03;13:15;133683;Pojkar 2016(10 år) Grupp G Höst;2;2;6844287;5;/go-to/?fmid=6844287;Solväders FC P2016;https://staticcdn.svenskfotboll.se/img/teamssm/12147.png;7;Ahlafors IF P16 SVART;https://staticcdn.svenskfotboll.se/img/teamssm/11662.png;7;-1--1;Länsmansgårdens IP 22 Konstgräs;Länsmansgårdens IP;Temperaturgatan 76, 418 41 Göteborg;Y;57.730616;11.886442;Göteborg;football
7;2026-10-03;13:15;133707;Pojkar 2017(9 år) Centrum+Härryda+Mölndal+Väster Grupp A Höst;2;2;6846892;5;/go-to/?fmid=6846892;Sandarna BK Svart;https://staticcdn.svenskfotboll.se/img/teamssm/10367.png;7;Azalea BK Svart;https://staticcdn.svenskfotboll.se/img/teamssm/7817.png;7;-1--1;Sannaplan 2;Sannaplan;Ostindiegatan 28, 414 72 Göteborg;Y;57.685701;11.913302;Göteborg;football
7;2026-10-03;13:15;133640;Pojkar 2014(12 år) Grupp B Höst;2;2;6838236;5;/go-to/?fmid=6838236;Ahlafors IF Gul;https://staticcdn.svenskfotboll.se/img/teamssm/11662.png;7;Surte IS FK 2;https://staticcdn.svenskfotboll.se/img/teamssm/12036.png;7;-1--1;Svenska Stenhus Arena 4;Sjövallen IP;Sjövallavägen 111, 449 50 Alafors;Y;57.915942;12.107763;Göteborg;football
7;2026-10-03;13:15;133798;Flickor 2015(11 år) Grupp D Höst;3;2;6840711;5;/go-to/?fmid=6840711;Torslanda IK Blå;https://staticcdn.svenskfotboll.se/img/teamssm/10068.png;7;IK Zenith Vit;https://staticcdn.svenskfotboll.se/img/teamssm/9829.png;7;-1--1;Torslandavallen 3 Konstgräs 7M7;Torslandavallen;Torslanda Idrottsväg 17, 423 32 Torslanda;Y;57.718280;11.757490;Göteborg;football
7;2026-10-03;13:15;133831;Flickor 2017(9 år) Ale+Kungälv Höst;3;2;6836754;5;/go-to/?fmid=6836754;Ytterby IS F2017 Röd 2;https://staticcdn.svenskfotboll.se/img/teamssm/9832.png;7;Älvängens IK F17 blå;https://staticcdn.svenskfotboll.se/img/teamssm/9783.png;7;-1--1;Ytterns IP 41;Ytterns IP;Ytterby, 442 40 Kungälv;Y;57.869280;11.935196;Göteborg;football
7;2026-10-03;13:15;133658;Pojkar 2015(11 år) Grupp D Höst;2;2;6845674;5;/go-to/?fmid=6845674;Fässbergs IF 1;https://staticcdn.svenskfotboll.se/img/teamssm/9620.png;7;Askims IK P2015 U11 Svart;https://staticcdn.svenskfotboll.se/img/teamssm/11617.png;7;-1--1;Åbyvallen 9 Konstgräs 7M7;Åbyvallen;Idrottsvägen 5, 431 62 Mölndal;Y;57.645363;12.002082;Göteborg;football
7;2026-10-03;13:15;133795;Flickor 2015(11 år) Grupp B Höst;3;2;6838855;5;/go-to/?fmid=6838855;Näsets SK 2;https://staticcdn.svenskfotboll.se/img/teamssm/10510.png;7;Mölnlycke IF Panthers;https://staticcdn.svenskfotboll.se/img/teamssm/10594.png;7;-1--1;Lundin Arena;Åkeredsvallen;Bergsätersgatan 1, 421 66 Västra Frölunda;Y;57.631456;11.900982;Göteborg;football
7;2026-10-03;13:30;138261;Pojkar 2013(13 år) Höst Medel Grupp F;2;3;6828953;4;/go-to/?fmid=6828953;Bergsjö IF P2013;https://staticcdn.svenskfotboll.se/img/teamssm/11586.png;7;Kållered SK P13;https://staticcdn.svenskfotboll.se/img/teamssm/10787.png;7;4-9;Bergsjövallen 22 Konstgräs;Bergsjövallen;Sjustjärnan 20, 415 51 Göteborg;Y;57.750377;12.057010;Göteborg;football
7;2026-10-03;13:30;133800;Flickor 2015(11 år) Grupp E Höst;3;2;6839812;5;/go-to/?fmid=6839812;Bergums IF Vit;https://staticcdn.svenskfotboll.se/img/teamssm/11584.png;7;Qviding FIF 3;https://staticcdn.svenskfotboll.se/img/teamssm/8089.png;7;-1--1;Bergumsvallen 22;Bergumsvallen;Grönkullavägen 21, 424 70 Olofstorp;Y;57.801061;12.166928;Göteborg;football
7;2026-10-03;13:30;133578;Pojkar 2011(15 år) Svår Grupp B;2;3;6608495;4;/go-to/?fmid=6608495;Skottfint/Johanneberg;https://staticcdn.svenskfotboll.se/img/teamssm/7100.png;7;KF Velebit KF Velebit 2011;https://staticcdn.svenskfotboll.se/img/teamssm/9949.png;7;0-1;Blidvädersplan;Blidvädersplan;Ovädersgatan 1A, 418 34 Göteborg;Y;57.707987;11.887592;Göteborg;football
7;2026-10-03;13:30;133795;Flickor 2015(11 år) Grupp B Höst;3;2;6838848;5;/go-to/?fmid=6838848;Älvsborg FF Röd;https://staticcdn.svenskfotboll.se/img/teamssm/9622.png;7;Lindome GIF 1;https://staticcdn.svenskfotboll.se/img/teamssm/10741.png;7;-1--1;Hagenplan 11;Hagenplan;Hagens Prästväg 4, 426 74 Västra Frölunda;Y;57.674967;11.882285;Göteborg;football
7;2026-10-03;13:30;133588;Pojkar 2012(14 år) Medel Grupp C;2;3;6621475;4;/go-to/?fmid=6621475;IK Zenith Vit;https://staticcdn.svenskfotboll.se/img/teamssm/9829.png;7;Landvetter IS P2012 Röd;https://staticcdn.svenskfotboll.se/img/teamssm/10768.png;7;3-2;Hovgårdsvallen 2 Konstgräs (Bjurforsplanen);Hovgårdsvallen;Gamla Lillebyvägen 1, 432 00 Torslanda;Y;57.751235;11.827376;Göteborg;football
7;2026-10-03;13:30;133796;Flickor 2015(11 år) Grupp C Höst;3;2;6840822;5;/go-to/?fmid=6840822;IK Zenith 2015 Svart;https://staticcdn.svenskfotboll.se/img/teamssm/9829.png;7;Näsets SK 3;https://staticcdn.svenskfotboll.se/img/teamssm/10510.png;7;-1--1;Hovgårdsvallen 32 Konstgräs(Masterservice planen);Hovgårdsvallen;Gamla Lillebyvägen 1, 432 00 Torslanda;Y;57.751235;11.827376;Göteborg;football
7;2026-10-03;13:30;133707;Pojkar 2017(9 år) Centrum+Härryda+Mölndal+Väster Grupp A Höst;2;2;6846886;5;/go-to/?fmid=6846886;Masthuggets BK 2;https://staticcdn.svenskfotboll.se/img/teamssm/10643.png;7;Älvsborg FF P2017 Svart 1;https://staticcdn.svenskfotboll.se/img/teamssm/9622.png;7;-1--1;Karl Johans Torg 12;Karl Johans Torg;Karl Johanstorget 1, 414 61 Göteborg;Y;57.694518;11.929255;Göteborg;football
7;2026-10-03;13:30;133638;Pojkar 2014(12 år) Grupp J Höst;2;2;6838038;5;/go-to/?fmid=6838038;Askims IK P2014 U12 Rosa;https://staticcdn.svenskfotboll.se/img/teamssm/11617.png;7;Espanyol Göteborg IF;https://staticcdn.svenskfotboll.se/img/teamssm/13418.png;7;-1--1;Kobbegården 3 Konstgräs 7M7;Kobbegården;Stora Åvägen 1, 436 34 Askim;Y;57.639723;11.944383;Göteborg;football
7;2026-10-03;13:30;133657;Pojkar 2015(11 år) Grupp C Höst;2;2;6845106;5;/go-to/?fmid=6845106;Utbynäs SK Blå;https://staticcdn.svenskfotboll.se/img/teamssm/9983.png;7;Lunden Överås BK Vit;https://staticcdn.svenskfotboll.se/img/teamssm/10705.png;7;-1--1;Kviberg 51;Kviberg;Luftvärnsvägen, 415 06 Göteborg;Y;57.737550;12.038540;Göteborg;football
7;2026-10-03;13:30;133714;Pojkar 2017(9 år) Lerum+Partille+Öster Grupp B Höst;2;2;6849454;5;/go-to/?fmid=6849454;Utbynäs SK Blå 2;https://staticcdn.svenskfotboll.se/img/teamssm/9983.png;7;Sävedalens IF Vargarna;https://staticcdn.svenskfotboll.se/img/teamssm/9545.png;7;-1--1;Kviberg 92;Kviberg;Luftvärnsvägen, 415 06 Göteborg;Y;57.737550;12.038540;Göteborg;football
7;2026-10-03;13:30;133711;Pojkar 2017(9 år) Lerum+Partille+Öster Grupp D Höst;2;2;6850077;5;/go-to/?fmid=6850077;Utbynäs SK Blå 3;https://staticcdn.svenskfotboll.se/img/teamssm/9983.png;7;Floda BoIF P17 Blå;https://staticcdn.svenskfotboll.se/img/teamssm/11366.png;7;-1--1;Kviberg 91;Kviberg;Luftvärnsvägen, 415 06 Göteborg;Y;57.737550;12.038540;Göteborg;football
7;2026-10-03;13:30;133833;Flickor 2017(9 år) Lerum+Partille+Öster Grupp A Höst;3;2;6830261;5;/go-to/?fmid=6830261;Angered SK 1;https://staticcdn.svenskfotboll.se/img/teamssm/12975.png;7;Lerums IS F2017 4;https://staticcdn.svenskfotboll.se/img/teamssm/10756.png;7;-1--1;Lövgärdesplan 11 Gräs;Lövgärdesplan;Svarte Filips Gata 10, 424 44 Angered;Y;57.814492;12.031817;Göteborg;football
7;2026-10-03;13:30;133837;Flickor 2017(9 år) Hisingen Grupp A Höst;3;2;6831733;5;/go-to/?fmid=6831733;Öckerö IF;https://staticcdn.svenskfotboll.se/img/teamssm/9774.png;7;BK Häcken F2017 lag 2 Gul;https://staticcdn.svenskfotboll.se/img/teamssm/11080.png;7;-1--1;Prästängen 31 KG;Prästängen;PRÄSTÄNGEN 1, 475 31 Öckerö;Y;57.717030;11.641158;Göteborg;football
7;2026-10-03;13:30;133662;Pojkar 2015(11 år) Grupp H Höst;2;2;6846444;5;/go-to/?fmid=6846444;Öckerö IF Öckerö IF vinröd;https://staticcdn.svenskfotboll.se/img/teamssm/9774.png;7;Hjuviks AIK P2015 Blå;https://staticcdn.svenskfotboll.se/img/teamssm/8330.png;7;-1--1;Prästängen 32 KG;Prästängen;PRÄSTÄNGEN 1, 475 31 Öckerö;Y;57.717030;11.641158;Göteborg;football
7;2026-10-03;13:30;133611;Pojkar 2013(13 år) Höst Medel Grupp E;2;3;6828900;4;/go-to/?fmid=6828900;Älvsborg FF Vit;https://staticcdn.svenskfotboll.se/img/teamssm/9622.png;7;Öckerö IF Vit;https://staticcdn.svenskfotboll.se/img/teamssm/9774.png;7;2-3;Påvelund 11 Konstgräs;Påvelund;Redegatan 18, 426 77 Västra Frölunda;Y;57.668781;11.881476;Göteborg;football
7;2026-10-03;13:30;133592;Pojkar 2012(14 år) Svår Grupp C;2;3;6622343;4;/go-to/?fmid=6622343;Utsiktens BK 2;https://staticcdn.svenskfotboll.se/img/teamssm/9982.png;7;Gunnilse IS röd Vit;https://staticcdn.svenskfotboll.se/img/teamssm/11237.png;7;7-2;Ruddalen Konstgräs 2;Ruddalen;Anna Östvägen 8, 426 68 Västra Frölunda;Y;57.664609;11.909282;Göteborg;football
7;2026-10-03;13:30;133117;Träningsmatcher Ungdomar Göteborg Pojk;2;3;6920944;5;/go-to/?fmid=6920944;Stenkullen GoIK (P2012);https://staticcdn.svenskfotboll.se/img/teamssm/10243.png;7;Sävedalens IF Röd (P12);https://staticcdn.svenskfotboll.se/img/teamssm/9545.png;7;0-0;Stenkullens IP 2 KG;Stenkullens IP;Granitvägen 3, 443 61 Stenkullen;Y;57.795326;12.310226;Göteborg;football
7;2026-10-03;13:30;133617;Pojkar 2013(13 år) Höst Lätt Grupp D;2;3;6828604;4;/go-to/?fmid=6828604;Surte IS FK 2;https://staticcdn.svenskfotboll.se/img/teamssm/12036.png;7;Guldhedens IK PF 13;https://staticcdn.svenskfotboll.se/img/teamssm/11249.png;7;12-1;Surte IP 22;Surte IP;Idrottsvägen 4, 445 55 Surte;Y;57.836279;12.017412;Göteborg;football
7;2026-10-03;13:30;133661;Pojkar 2015(11 år) Grupp G Höst;2;2;6850537;5;/go-to/?fmid=6850537;Ytterby IS Röd;https://staticcdn.svenskfotboll.se/img/teamssm/9832.png;7;Kode IF 2;https://staticcdn.svenskfotboll.se/img/teamssm/10828.png;7;-1--1;Ytterns IP 42;Ytterns IP;Ytterby, 442 40 Kungälv;Y;57.869280;11.935196;Göteborg;football
7;2026-10-03;13:30;133763;Flickor 2012-2013 Liten 9M9 Lätt Gr. A Höst;3;3;6828310;4;/go-to/?fmid=6828310;Älvängens IK F13;https://staticcdn.svenskfotboll.se/img/teamssm/9783.png;7;Södra Skärgårdens IK;https://staticcdn.svenskfotboll.se/img/teamssm/9631.png;7;3-5;Älvevi 21 Konstgräs;Älvevi;Hövägen 23, 446 32 Älvängen;Y;57.954092;12.123567;Göteborg;football
7;2026-10-03;13:30;133635;Pojkar 2014(12 år) Grupp G Höst;2;2;6840964;5;/go-to/?fmid=6840964;Älvängens IK P14 blå;https://staticcdn.svenskfotboll.se/img/teamssm/9783.png;7;Hermansby IF Gul;https://staticcdn.svenskfotboll.se/img/teamssm/11150.png;7;-1--1;Älvevi 22 Konstgräs HN;Älvevi;Hövägen 23, 446 32 Älvängen;Y;57.954092;12.123567;Göteborg;football
7;2026-10-03;13:30;133677;Pojkar 2016(10 år) Grupp A Höst;2;2;6841440;5;/go-to/?fmid=6841440;Älvängens IK P16 vit;https://staticcdn.svenskfotboll.se/img/teamssm/9783.png;7;IK Kongahälla Röd;https://staticcdn.svenskfotboll.se/img/teamssm/9590.png;7;-1--1;Älvevi 3 7M7 Konstgräs;Älvevi;Hövägen 23, 446 32 Älvängen;Y;57.954092;12.123567;Göteborg;football
7;2026-10-03;13:30;133660;Pojkar 2015(11 år) Grupp F Höst;2;2;6846198;5;/go-to/?fmid=6846198;Näsets SK P2015 Blå;https://staticcdn.svenskfotboll.se/img/teamssm/10510.png;7;Mossens BK P15 Blå;https://staticcdn.svenskfotboll.se/img/teamssm/9571.png;7;-1--1;Näset Yuncture Arena 12;Åkeredsvallen;Bergsätersgatan 1, 421 66 Västra Frölunda;Y;57.631456;11.900982;Göteborg;football
1;2026-10-03;13:45;138411;P17 Div.1 2026 B-slutspel Nordvästra Götaland;2;3;6912028;4;/go-to/?fmid=6912028;Backatorp IF;https://staticcdn.svenskfotboll.se/img/teamssm/11915.png;7;Vänersborgs FK;https://staticcdn.svenskfotboll.se/img/teamssm/8626.png;21;1-2;Backavallen 1 Konstgräs;Backavallen;Wadköpingsgatan 153, 422 51 Hisings Backa;Y;57.745322;11.967003;1;football
7;2026-10-03;13:45;133761;Flickor 2012-2013 Stor 9M9 Svår Höst;3;3;6827808;4;/go-to/?fmid=6827808;IFK Göteborg;https://staticcdn.svenskfotboll.se/img/teamssm/11012.png;7;IF Väster Svart;https://staticcdn.svenskfotboll.se/img/teamssm/9861.png;7;1-1;Kviberg 2 konstgräs;Kviberg;Luftvärnsvägen, 415 06 Göteborg;Y;57.737550;12.038540;Göteborg;football
7;2026-10-03;13:45;133638;Pojkar 2014(12 år) Grupp J Höst;2;2;6838036;5;/go-to/?fmid=6838036;Mölnlycke IS Ungdom;https://staticcdn.svenskfotboll.se/img/teamssm/13695.png;7;GAIS Akademi;https://staticcdn.svenskfotboll.se/img/teamssm/9614.png;7;-1--1;Mölnlycke IP vänster;Mölnlycke IP;Idrottsgatan 1, 435 35 Mölnlycke;Y;57.660896;12.119026;Göteborg;football
1;2026-10-03;14:00;138291;SFL (herr) 2026/27;2;4;6859714;4;/go-to/?fmid=6859714;Skoftebyns IF;https://staticcdn.svenskfotboll.se/img/teamssm/8653.png;21;Karlstad City Futsal Club;https://staticcdn.svenskfotboll.se/img/teamssm/13673.png;19;7-6;Arena Älvhögsborg A-hall;;;N;;;1;football
1;2026-10-03;14:00;131350;Träningsmatcher Elit, herr 2026;2;4;6916183;3;/go-to/?fmid=6916183;Varbergs BoIS FC;https://staticcdn.svenskfotboll.se/img/teamssm/7701.png;8;Kalmar FF;https://staticcdn.svenskfotboll.se/img/teamssm/9112.png;15;0-0;Ankarvallen A;Ankarvallen;Ankarvägen 10, 432 74 Träslövsläge;Y;57.057553;12.290310;1;football
21;2026-10-03;14:00;136509;Pojkar Div 2 Södra;2;3;6715849;4;/go-to/?fmid=6715849;Brämhults IK;https://staticcdn.svenskfotboll.se/img/teamssm/8727.png;21;Ulricehamns IFK;https://staticcdn.svenskfotboll.se/img/teamssm/7738.png;21;2-0;Brämhults IP A;Brämhults IP;Gamla Brämhultsvägen, Hässleholmen, Borås, Borås kommun, Västra Götalands län, 507 44, Sverige;Y;57.726346;12.970209;Västergötland;football
21;2026-10-03;14:00;137607;Flickor Div 7 Borås;3;2;6783210;5;/go-to/?fmid=6783210;Brämhults IK Svart;https://staticcdn.svenskfotboll.se/img/teamssm/8727.png;21;Länghems IF;https://staticcdn.svenskfotboll.se/img/teamssm/10688.png;21;-1--1;Brämhults IP C;Brämhults IP;Gamla Brämhultsvägen, Hässleholmen, Borås, Borås kommun, Västra Götalands län, 507 44, Sverige;Y;57.726346;12.970209;Västergötland;football
8;2026-10-03;14:00;133921;Division 6 Herr Norra Halland;2;4;6534913;4;/go-to/?fmid=6534913;IFK Bänared;https://staticcdn.svenskfotboll.se/img/teamssm/9512.png;8;Kung Karl Bollklubb;https://staticcdn.svenskfotboll.se/img/teamssm/6593.png;8;0-2;Bänaredsvallen;Bänaredsvallen;Bänaredsvallen, N 752, Lunnagård, Långås, Falkenbergs kommun, Hallands län, 311 93, Sverige;Y;56.993506;12.426838;Halland;football
7;2026-10-03;14:00;133832;Flickor 2017(9 år) Centrum+Härryda+Mölndal+Väster Grupp B Höst;3;2;6833554;5;/go-to/?fmid=6833554;Mölnlycke IF F17 Lag 4;https://staticcdn.svenskfotboll.se/img/teamssm/10594.png;7;Hovås Billdal IF F2017 ROSA;https://staticcdn.svenskfotboll.se/img/teamssm/11109.png;7;-1--1;Djupedal 11:5M5:2;Djupedals IP;Djupedals Ip, Rullstensvägen 1, 435 41 Mölnlycke;Y;57.652820;12.126316;Göteborg;football
7;2026-10-03;14:00;133709;Pojkar 2017(9 år) Centrum+Härryda+Mölndal+Väster Grupp C Höst;2;2;6847909;5;/go-to/?fmid=6847909;Mölnlycke IF P17 Vit;https://staticcdn.svenskfotboll.se/img/teamssm/10594.png;7;Älvsborg FF Blå 3;https://staticcdn.svenskfotboll.se/img/teamssm/9622.png;7;-1--1;Djupedalsplan A Konstgräs höger;Djupedals IP;Djupedals Ip, Rullstensvägen 1, 435 41 Mölnlycke;Y;57.652820;12.126316;Göteborg;football
7;2026-10-03;14:00;133613;Pojkar 2013(13 år) Höst Medel Grupp B;2;3;6828736;4;/go-to/?fmid=6828736;IF Mölndal Fotboll Blå;https://staticcdn.svenskfotboll.se/img/teamssm/9569.png;7;Lerums IS P13V/M;https://staticcdn.svenskfotboll.se/img/teamssm/10756.png;7;6-3;Eklandavallen 11;Eklandavallen;Bäckstensgatan 15, 431 49 Mölndal;Y;57.654780;11.959687;Göteborg;football
7;2026-10-03;14:00;133837;Flickor 2017(9 år) Hisingen Grupp A Höst;3;2;6831725;5;/go-to/?fmid=6831725;Eriksbergs IF 2;https://staticcdn.svenskfotboll.se/img/teamssm/9629.png;7;Hjuviks AIK F2017 Blå;https://staticcdn.svenskfotboll.se/img/teamssm/8330.png;7;-1--1;Färjenäsplan 11:2;Färjenäsplan;Pölsebogatan, 417 67 Göteborg;Y;57.697441;11.901198;Göteborg;football
7;2026-10-03;14:00;133705;Pojkar 2017(9 år) Hisingen+Öckerö Grupp A Höst;2;2;6848233;5;/go-to/?fmid=6848233;Eriksbergs IF 1;https://staticcdn.svenskfotboll.se/img/teamssm/9629.png;7;Hisingsbacka FC Vit;https://staticcdn.svenskfotboll.se/img/teamssm/11138.png;7;-1--1;Färjenäsplan 12:1;Färjenäsplan;Pölsebogatan, 417 67 Göteborg;Y;57.697441;11.901198;Göteborg;football
7;2026-10-03;14:00;133705;Pojkar 2017(9 år) Hisingen+Öckerö Grupp A Höst;2;2;6848234;5;/go-to/?fmid=6848234;Eriksbergs IF 2;https://staticcdn.svenskfotboll.se/img/teamssm/9629.png;7;Hisingsbacka FC Svart;https://staticcdn.svenskfotboll.se/img/teamssm/11138.png;7;-1--1;Färjenäsplan 12:2;Färjenäsplan;Pölsebogatan, 417 67 Göteborg;Y;57.697441;11.901198;Göteborg;football
7;2026-10-03;14:00;133705;Pojkar 2017(9 år) Hisingen+Öckerö Grupp A Höst;2;2;6848236;5;/go-to/?fmid=6848236;IK Zenith Blå;https://staticcdn.svenskfotboll.se/img/teamssm/9829.png;7;Backatorp IF Svart;https://staticcdn.svenskfotboll.se/img/teamssm/11915.png;7;-1--1;Färjenäsplan 11:1;Färjenäsplan;Pölsebogatan, 417 67 Göteborg;Y;57.697441;11.901198;Göteborg;football
7;2026-10-03;14:00;135972;Flickor 2010-2011 9M9;3;3;6584835;4;/go-to/?fmid=6584835;Götaholms BK F2010;https://staticcdn.svenskfotboll.se/img/teamssm/9615.png;7;Lekstorps IF F11/12 Grön;https://staticcdn.svenskfotboll.se/img/teamssm/10760.png;7;0-10;Gamlestadsvallen 2 Konstgräs;Gamlestadsvallen;Lars Kaggsgatan 24, 415 04 Göteborg;Y;57.734308;12.013832;Göteborg;football
1;2026-10-03;14:00;133439;Elitettan 2026;3;4;6536472;4;/go-to/?fmid=6536472;BK Häcken;https://staticcdn.svenskfotboll.se/img/teamssm/11080.png;7;Örebro SK FK;https://staticcdn.svenskfotboll.se/img/teamssm/8031.png;13;2-3;Gothia Park konstgräs;Gothia Park;Entreprenadvägen 6, 417 05 Göteborg;Y;57.740380;11.947473;1;football
7;2026-10-03;14:00;136239;Pojkar 2009-2010(16-17 år) Lätt Grupp B;2;3;6600339;4;/go-to/?fmid=6600339;Azalea BK U17;https://staticcdn.svenskfotboll.se/img/teamssm/7817.png;7;Mossens BK U17 Gul;https://staticcdn.svenskfotboll.se/img/teamssm/9571.png;7;1-2;Gröna Vallen 1;Gröna Vallen;Gröna Vallen, Svanebäcksgatan 16, 414 71 Göteborg;Y;57.687961;11.917564;Göteborg;football
8;2026-10-03;14:00;133921;Division 6 Herr Norra Halland;2;4;6534914;4;/go-to/?fmid=6534914;HÅ FF;https://staticcdn.svenskfotboll.se/img/teamssm/7883.png;8;Rolfstorp/Skällinge;https://staticcdn.svenskfotboll.se/img/teamssm/10429.png;8;0-7;Hebergs IP A;Hebergs IP;Hebergs idrottsplats, Idrottsvägen, Heberg, Falkenbergs kommun, Hallands län, 311 96, Sverige;Y;56.885380;12.631484;Halland;football
7;2026-10-03;14:00;133585;Pojkar 2012(14 år) Lätt Grupp A;2;3;6621894;4;/go-to/?fmid=6621894;Askims IK P2012 U14 Gul;https://staticcdn.svenskfotboll.se/img/teamssm/11617.png;7;Finlandia Pallo AIF Blå;https://staticcdn.svenskfotboll.se/img/teamssm/7939.png;7;0-5;Kobbegården 1 Konstgräs;Kobbegården;Stora Åvägen 1, 436 34 Askim;Y;57.639723;11.944383;Göteborg;football
7;2026-10-03;14:00;133703;Pojkar 2017(9 år) Lerum+Partille+Öster Grupp A Höst;2;2;6848774;5;/go-to/?fmid=6848774;Utbynäs SK Gul:2;https://staticcdn.svenskfotboll.se/img/teamssm/9983.png;7;Marieholm IK Svart;https://staticcdn.svenskfotboll.se/img/teamssm/13640.png;7;-1--1;Kortedalavallen 3:1;Kortedalavallen;Kortedala Idrottsväg 13, 415 37 Göteborg;Y;57.751830;12.040079;Göteborg;football
8;2026-10-03;14:00;133918;Division 4 Herr Halland;2;4;6526537;4;/go-to/?fmid=6526537;Kungsbacka IF;https://staticcdn.svenskfotboll.se/img/teamssm/9505.png;8;Arvidstorps IK;https://staticcdn.svenskfotboll.se/img/teamssm/9530.png;8;0-6;Kungsbacka sportcenter 10;Kungsbacka sportcenter;Kungsbacka Sportcenter, Södra Infarten 11, 434 50 Kungsbacka;Y;57.479212;12.076907;Halland;football
7;2026-10-03;14:00;133833;Flickor 2017(9 år) Lerum+Partille+Öster Grupp A Höst;3;2;6830271;5;/go-to/?fmid=6830271;Lunden Överås BK Svart;https://staticcdn.svenskfotboll.se/img/teamssm/10705.png;7;Lunden Överås BK Vit;https://staticcdn.svenskfotboll.se/img/teamssm/10705.png;7;-1--1;Kviberg 1 konstgräs;Kviberg;Luftvärnsvägen, 415 06 Göteborg;Y;57.737550;12.038540;Göteborg;football
1;2026-10-03;14:00;131965;Div 1 Mellersta, dam 2026;3;4;6545647;4;/go-to/?fmid=6545647;Ulricehamns IFK;https://staticcdn.svenskfotboll.se/img/teamssm/7738.png;21;Hertzöga BK;https://staticcdn.svenskfotboll.se/img/teamssm/11147.png;19;7-1;Lassalyckan A-plan konstgräs;Lassalyckan;Lassalyckan, Ulricehamns distrikt, Ulricehamn, Ulricehamns kommun, Västra Götalands län, 523 33, Sverige;Y;57.785778;13.436509;1;football
8;2026-10-03;14:00;133918;Division 4 Herr Halland;2;4;6526532;4;/go-to/?fmid=6526532;Lerkils IF;https://staticcdn.svenskfotboll.se/img/teamssm/10757.png;8;Ullareds IK;https://staticcdn.svenskfotboll.se/img/teamssm/9482.png;8;1-5;Ledets IP;Ledets IP;Källåsvägen 25, 434 93 Vallda;Y;57.457754;11.940111;Halland;football
8;2026-10-03;14:00;133918;Division 4 Herr Halland;2;4;6526533;4;/go-to/?fmid=6526533;IF Norvalla;https://staticcdn.svenskfotboll.se/img/teamssm/9499.png;8;Kungsbacka City FC;https://staticcdn.svenskfotboll.se/img/teamssm/8211.png;8;1-1;Norvalla IP;Norvalla IP;Norvalla idrottsplats, Sofies väg, Löftaskog, Varbergs kommun, Hallands län, 439 65, Sverige;Y;57.279455;12.191179;Halland;football
1;2026-10-03;14:00;131820;Div 3 Sydvästra Götaland, herr 2026;2;4;6551084;4;/go-to/?fmid=6551084;Varbergs GIF FK;https://staticcdn.svenskfotboll.se/img/teamssm/11961.png;8;IS Halmia;https://staticcdn.svenskfotboll.se/img/teamssm/9519.png;8;0-4;Påskbergsvallen;Påskbergsvallen;Påskbergsvallen, Kattegattsvägen, Mariedal, Sörse, Varberg, Varbergs kommun, Hallands län, 432 43, Sverige;Y;57.097747;12.265223;1;football
8;2026-10-03;14:00;133920;Division 5 Herr Södra Halland;2;4;6526936;4;/go-to/?fmid=6526936;Snöstorp Nyhem FF;https://staticcdn.svenskfotboll.se/img/teamssm/7704.png;8;Lilla Tjärby IK;https://staticcdn.svenskfotboll.se/img/teamssm/10750.png;8;3-4;Skedalaheds IP;Skedalaheds IP;Skedalahed 114, 305 93 Halmstad;Y;56.686715;12.945246;Halland;football
8;2026-10-03;14:00;133918;Division 4 Herr Halland;2;4;6526536;4;/go-to/?fmid=6526536;Skrea IF;https://staticcdn.svenskfotboll.se/img/teamssm/9493.png;8;Hyltebruks IF;https://staticcdn.svenskfotboll.se/img/teamssm/11090.png;8;0-2;Skrea IP 1;Skrea IP;Skrea, Falkenbergs kommun, Hallands län, 311 70, Sverige;Y;56.888584;12.570495;Halland;football
7;2026-10-03;14:00;133798;Flickor 2015(11 år) Grupp D Höst;3;2;6840706;5;/go-to/?fmid=6840706;BK Häcken Svart;https://staticcdn.svenskfotboll.se/img/teamssm/11080.png;7;Surte IS FK;https://staticcdn.svenskfotboll.se/img/teamssm/12036.png;7;-1--1;Slättadamm 3 konstgräs;Slättadamm;Slättadammsgatan 6, 417 25 Göteborg;Y;57.730565;11.927705;Göteborg;football
1;2026-10-03;14:00;131957;Div 2 Norra Götaland, herr 2026;2;4;6547414;4;/go-to/?fmid=6547414;Skara FC;https://staticcdn.svenskfotboll.se/img/teamssm/7451.png;21;IFK Kumla;https://staticcdn.svenskfotboll.se/img/teamssm/7733.png;13;3-1;Sparbanken Arena A;Sparbanken Arena;Sparbanken Arena, E 20, Vilans fritidsområde, Skara domkyrkodistrikt, Skara, Skara kommun, Västra Götalands län, 532 37, Sverige;Y;58.388258;13.461198;1;football
1;2026-10-03;14:00;131820;Div 3 Sydvästra Götaland, herr 2026;2;4;6551083;4;/go-to/?fmid=6551083;Stafsinge IF;https://staticcdn.svenskfotboll.se/img/teamssm/9488.png;8;Derome-Åskloster FF;https://staticcdn.svenskfotboll.se/img/teamssm/13260.png;8;2-4;Stafsinge IP 1;Stafsinge IP;Stafsinge idrottsplats, Stafsinge kyrkväg, Bjärnhult, Skogstorp, Falkenbergs kommun, Hallands län, 311 33, Sverige;Y;56.916655;12.441902;1;football
8;2026-10-03;14:00;139378;P14år Röd B Höst;2;3;6887984;4;/go-to/?fmid=6887984;Stafsinge IF;https://staticcdn.svenskfotboll.se/img/teamssm/9488.png;8;Vinbergs IF;https://staticcdn.svenskfotboll.se/img/teamssm/9913.png;8;1-5;Stafsinge IP 31;Stafsinge IP;Stafsinge idrottsplats, Stafsinge kyrkväg, Bjärnhult, Skogstorp, Falkenbergs kommun, Hallands län, 311 33, Sverige;Y;56.916655;12.441902;Halland;football
8;2026-10-03;14:00;133918;Division 4 Herr Halland;2;4;6526535;4;/go-to/?fmid=6526535;Vapnö IF;https://staticcdn.svenskfotboll.se/img/teamssm/9967.png;8;IF Leikin;https://staticcdn.svenskfotboll.se/img/teamssm/9503.png;8;5-0;Vapnö IP 1;Vapnö IP;Vapnö Stålsberg, Halmstad, Halmstads kommun, Hallands län, 302 30, Sverige;Y;56.718410;12.861526;Halland;football
8;2026-10-03;14:00;133922;Division 6 Herr Södra Halland;2;4;6563745;4;/go-to/?fmid=6563745;Genevad/Veinge IF;https://staticcdn.svenskfotboll.se/img/teamssm/7223.png;8;Kvibille BK;https://staticcdn.svenskfotboll.se/img/teamssm/10793.png;8;1-4;Veinge IP A;Veinge IP;Veinge, Laholms kommun, Hallands län, 312 35, Sverige;Y;56.554026;13.076165;Halland;football
7;2026-10-03;14:00;133198;Division 5A Dam;3;4;6534017;4;/go-to/?fmid=6534017;Nödinge SK Fotboll;https://staticcdn.svenskfotboll.se/img/teamssm/10503.png;7;Bjurslätts IF;https://staticcdn.svenskfotboll.se/img/teamssm/11576.png;7;0-2;Vimmervi 2 Konstgräs;Vimmervi;Gamla Kilandavägen 62, 449 36 Nödinge;Y;57.886226;12.080329;Göteborg;football
7;2026-10-03;14:00;133633;Pojkar 2014(12 år) Grupp E Höst;2;2;6843155;5;/go-to/?fmid=6843155;Västra Frölunda IF Svart;https://staticcdn.svenskfotboll.se/img/teamssm/9853.png;7;Örgryte IS Fotboll P2014 Blå;https://staticcdn.svenskfotboll.se/img/teamssm/12910.png;7;-1--1;Välen 11;Välen;Klubbvägen 20, 421 47 Västra Frölunda;Y;57.642584;11.919773;Göteborg;football
7;2026-10-03;14:00;133590;Pojkar 2012(14 år) Lätt Grupp C;2;3;6622066;4;/go-to/?fmid=6622066;Ytterby IS Blå;https://staticcdn.svenskfotboll.se/img/teamssm/9832.png;7;Backatorp IF Röd;https://staticcdn.svenskfotboll.se/img/teamssm/11915.png;7;4-4;Ytterns IP 3 konstgräs;Ytterns IP;Ytterby, 442 40 Kungälv;Y;57.869280;11.935196;Göteborg;football
1;2026-10-03;14:00;131820;Div 3 Sydvästra Götaland, herr 2026;2;4;6551086;4;/go-to/?fmid=6551086;Åsa IF;https://staticcdn.svenskfotboll.se/img/teamssm/9807.png;8;IF Centern;https://staticcdn.svenskfotboll.se/img/teamssm/9527.png;8;1-4;Åsa IP A;Åsa IP;Hultavägen 8, 439 55 Åsa;Y;57.347269;12.131045;1;football
8;2026-10-03;14:00;133918;Division 4 Herr Halland;2;4;6526534;4;/go-to/?fmid=6526534;IFK Fjärås;https://staticcdn.svenskfotboll.se/img/teamssm/9511.png;8;Lilla Träslövs FF;https://staticcdn.svenskfotboll.se/img/teamssm/9502.png;8;0-3;Ögärdets IP A;Ögärdets IP;Klövervägen 2A, 439 71 Fjärås;Y;57.459731;12.184603;Halland;football
7;2026-10-03;14:00;133592;Pojkar 2012(14 år) Svår Grupp C;2;3;6622345;4;/go-to/?fmid=6622345;IF Väster Vit;https://staticcdn.svenskfotboll.se/img/teamssm/9861.png;7;KF Velebit P12;https://staticcdn.svenskfotboll.se/img/teamssm/9949.png;7;4-2;Önneredsplan 1 Konstgräs;Önneredsplan;Ersåsgatan 2, 421 59 Västra Frölunda;Y;57.637219;11.884878;Göteborg;football
7;2026-10-03;14:15;133658;Pojkar 2015(11 år) Grupp D Höst;2;2;6845669;5;/go-to/?fmid=6845669;Azalea BK Guld;https://staticcdn.svenskfotboll.se/img/teamssm/7817.png;7;Landvetter IS P2015 Vit;https://staticcdn.svenskfotboll.se/img/teamssm/10768.png;7;-1--1;Dalens Lekfält;Dalens Lekfält;Vedbacken, 414 76 Göteborg;Y;57.681041;11.936371;Göteborg;football
7;2026-10-03;14:15;133158;Division 3 Dam;3;4;6533102;4;/go-to/?fmid=6533102;Floda BoIF;https://staticcdn.svenskfotboll.se/img/teamssm/11366.png;7;Näsets SK;https://staticcdn.svenskfotboll.se/img/teamssm/10510.png;7;5-0;Flodala IP 1 Gräs;Flodala IP;Skallsjö Prästväg 14, 448 31 Floda;Y;57.795503;12.346356;Göteborg;football
7;2026-10-03;14:15;133810;Flickor 2016(10 år) Grupp A Höst;3;2;6832957;5;/go-to/?fmid=6832957;Floda BoIF Vit;https://staticcdn.svenskfotboll.se/img/teamssm/11366.png;7;Lundby IF F16 Vit;https://staticcdn.svenskfotboll.se/img/teamssm/11776.png;7;-1--1;Flodala IP 4 FRAMTIDEN;Flodala IP;Skallsjö Prästväg 14, 448 31 Floda;Y;57.795503;12.346356;Göteborg;football
7;2026-10-03;14:15;133657;Pojkar 2015(11 år) Grupp C Höst;2;2;6845103;5;/go-to/?fmid=6845103;Björndammens BK 2015 lag vit;https://staticcdn.svenskfotboll.se/img/teamssm/9638.png;7;Serbiska KIF Semberija Göteborg P2015;https://staticcdn.svenskfotboll.se/img/teamssm/7595.png;7;-1--1;Furulundsplan 12 Konstgräs;Furulundsplan;Furulundsplan, Timmervägen, 433 47 Partille;Y;57.727253;12.129716;Göteborg;football
7;2026-10-03;14:15;133525;Junior Pojkar Div 2B;2;3;6542996;4;/go-to/?fmid=6542996;Gårdsten FC;https://staticcdn.svenskfotboll.se/img/teamssm/13638.png;7;Älvsborg FF 2;https://staticcdn.svenskfotboll.se/img/teamssm/9622.png;7;6-3;Gunnaredsplan 1 Konstgräs;Gunnaredsplan;Gunnaredsvallen 4, 413 22 Göteborg;Y;57.800277;12.065439;Göteborg;football
7;2026-10-03;14:15;133158;Division 3 Dam;3;4;6533099;4;/go-to/?fmid=6533099;Qviding FIF (B);https://staticcdn.svenskfotboll.se/img/teamssm/8089.png;7;IFK Göteborg (U);https://staticcdn.svenskfotboll.se/img/teamssm/11012.png;7;4-4;Härlanda Park 1 Konstgräs;Härlanda Park;Härlanda Park 6B, 416 52 Göteborg;Y;57.716492;12.017055;Göteborg;football
7;2026-10-03;14:15;133580;Pojkar 2011(15 år) Lätt Grupp B;2;3;6607646;4;/go-to/?fmid=6607646;Kållered SK;https://staticcdn.svenskfotboll.se/img/teamssm/10787.png;7;Nödinge SK Fotboll Vit;https://staticcdn.svenskfotboll.se/img/teamssm/10503.png;7;2-2;Kållered Sportcenter 1;Kållered Sportcenter;Tulebovägen 17, 428 34 Kållered;Y;57.611466;12.075548;Göteborg;football
7;2026-10-03;14:15;133158;Division 3 Dam;3;4;6533100;4;/go-to/?fmid=6533100;Landvetter IF 2003;https://staticcdn.svenskfotboll.se/img/teamssm/6789.png;7;IK Kongahälla;https://staticcdn.svenskfotboll.se/img/teamssm/9590.png;7;0-4;Landvetter IP B-plan;Landvetter IP;Tahultsvägen 60, 438 35 Landvetter;Y;57.702382;12.203031;Göteborg;football
7;2026-10-03;14:15;133707;Pojkar 2017(9 år) Centrum+Härryda+Mölndal+Väster Grupp A Höst;2;2;6846891;5;/go-to/?fmid=6846891;Sandarna BK Röd;https://staticcdn.svenskfotboll.se/img/teamssm/10367.png;7;Azalea BK Orange;https://staticcdn.svenskfotboll.se/img/teamssm/7817.png;7;-1--1;Sannaplan 2;Sannaplan;Ostindiegatan 28, 414 72 Göteborg;Y;57.685701;11.913302;Göteborg;football
7;2026-10-03;14:15;133158;Division 3 Dam;3;4;6533101;4;/go-to/?fmid=6533101;Torslanda IK;https://staticcdn.svenskfotboll.se/img/teamssm/10068.png;7;GAIS;https://staticcdn.svenskfotboll.se/img/teamssm/9614.png;7;1-4;Torslandavallen 2 Konstgräs;Torslandavallen;Torslanda Idrottsväg 17, 423 32 Torslanda;Y;57.718280;11.757490;Göteborg;football
7;2026-10-03;14:15;133153;Division 6B Herr;2;4;6534280;4;/go-to/?fmid=6534280;Finlandia Pallo AIF;https://staticcdn.svenskfotboll.se/img/teamssm/7939.png;7;Gambian Mix IF Göteborg;https://staticcdn.svenskfotboll.se/img/teamssm/13251.png;7;1-0;Tuvevallen 2 Konstgräs;Tuvevallen;Tuvevallen, 417 45 Göteborg;Y;57.750937;11.915436;Göteborg;football
7;2026-10-03;14:15;133158;Division 3 Dam;3;4;6533103;4;/go-to/?fmid=6533103;Mossens BK;https://staticcdn.svenskfotboll.se/img/teamssm/9571.png;7;Älvängens IK;https://staticcdn.svenskfotboll.se/img/teamssm/9783.png;7;5-0;Valhalla 1 Konstgräs;Valhalla;Valhallagatan 6, 412 51 Göteborg;Y;57.701605;11.991324;Göteborg;football
7;2026-10-03;14:15;133158;Division 3 Dam;3;4;6533098;4;/go-to/?fmid=6533098;Ytterby IS;https://staticcdn.svenskfotboll.se/img/teamssm/9832.png;7;Askims IK;https://staticcdn.svenskfotboll.se/img/teamssm/11617.png;7;6-2;Ytterns IP 1 Konstgräs;Ytterns IP;Ytterby, 442 40 Kungälv;Y;57.869280;11.935196;Göteborg;football
7;2026-10-03;14:15;133677;Pojkar 2016(10 år) Grupp A Höst;2;2;6841442;5;/go-to/?fmid=6841442;Ytterby IS P2016 Röd Ytterby IS P2016 Röd;https://staticcdn.svenskfotboll.se/img/teamssm/9832.png;7;Hovås Billdal IF Blå 2016;https://staticcdn.svenskfotboll.se/img/teamssm/11109.png;7;-1--1;Ytterns IP 41;Ytterns IP;Ytterby, 442 40 Kungälv;Y;57.869280;11.935196;Göteborg;football
7;2026-10-03;14:15;133783;Flickor 2014(12 år) Grupp F Höst;3;2;6836260;5;/go-to/?fmid=6836260;Örgryte IS Fotboll Blå;https://staticcdn.svenskfotboll.se/img/teamssm/12910.png;7;Öjersjö IF Vit;https://staticcdn.svenskfotboll.se/img/teamssm/7552.png;7;-1--1;ÖIS-gården 21;ÖIS-gården;Korndalsvägen 3, 412 76 Göteborg;Y;57.675233;12.028495;Göteborg;football
7;2026-10-03;14:15;133659;Pojkar 2015(11 år) Grupp E Höst;2;2;6846153;5;/go-to/?fmid=6846153;IF Väster Vit;https://staticcdn.svenskfotboll.se/img/teamssm/9861.png;7;Näsets SK P2015 Grön;https://staticcdn.svenskfotboll.se/img/teamssm/10510.png;7;-1--1;Önneredsplan 2;Önneredsplan;Ersåsgatan 2, 421 59 Västra Frölunda;Y;57.637219;11.884878;Göteborg;football
7;2026-10-03;14:30;133662;Pojkar 2015(11 år) Grupp H Höst;2;2;6846442;5;/go-to/?fmid=6846442;Hisingsbacka FC Svart;https://staticcdn.svenskfotboll.se/img/teamssm/11138.png;7;Lundby IF Grön;https://staticcdn.svenskfotboll.se/img/teamssm/11776.png;7;-1--1;Backavallen 22(Gratts Arena);Backavallen;Wadköpingsgatan 153, 422 51 Hisings Backa;Y;57.745322;11.967003;Göteborg;football
7;2026-10-03;14:30;133660;Pojkar 2015(11 år) Grupp F Höst;2;2;6846187;5;/go-to/?fmid=6846187;Hovås Billdal IF P2015 Svart;https://staticcdn.svenskfotboll.se/img/teamssm/11109.png;7;Proletären FF;https://staticcdn.svenskfotboll.se/img/teamssm/10466.png;7;-1--1;Billdalsvallen 1B;Billdalsvallen;Påls väg, 427 36 Göteborg;Y;57.588232;11.949791;Göteborg;football
7;2026-10-03;14:30;136663;Pojkar Div 6 Alingsås;2;3;6721511;4;/go-to/?fmid=6721511;Mölnlycke IS;https://staticcdn.svenskfotboll.se/img/teamssm/13695.png;7;IF Elfsborg Gul;https://staticcdn.svenskfotboll.se/img/teamssm/11429.png;21;2-2;Djupedalsplan B Konstgräs;Djupedals IP;Djupedals Ip, Rullstensvägen 1, 435 41 Mölnlycke;Y;57.652820;12.126316;Göteborg;football
7;2026-10-03;14:30;133679;Pojkar 2016(10 år) Grupp C Höst;2;2;6842434;5;/go-to/?fmid=6842434;IF Mölndal Fotboll gul;https://staticcdn.svenskfotboll.se/img/teamssm/9569.png;7;SG Ruddalen IF P16 Blå;https://staticcdn.svenskfotboll.se/img/teamssm/11284.png;7;-1--1;Enerbacksplan Gräs 7M7;Enerbacksplan;Enerbacksvallen, Gunnebogatan 63, 431 66 Mölndal;Y;57.664940;12.023417;Göteborg;football
7;2026-10-03;14:30;138260;Pojkar 2013(13 år) Höst Lätt Grupp F;2;3;6828474;4;/go-to/?fmid=6828474;Floda BoIF Orange;https://staticcdn.svenskfotboll.se/img/teamssm/11366.png;7;Nödinge SK Fotboll Gul;https://staticcdn.svenskfotboll.se/img/teamssm/10503.png;7;2-3;Flodala IP 32 KG;Flodala IP;Skallsjö Prästväg 14, 448 31 Floda;Y;57.795503;12.346356;Göteborg;football
7;2026-10-03;14:30;133611;Pojkar 2013(13 år) Höst Medel Grupp E;2;3;6828899;4;/go-to/?fmid=6828899;IF Mölndal Fotboll Röd;https://staticcdn.svenskfotboll.se/img/teamssm/9569.png;7;Hovås Billdal IF Blå;https://staticcdn.svenskfotboll.se/img/teamssm/11109.png;7;0-5;Frejaplan 12 K.Gräs;Frejaplan;Fiskargatan, 431 43 Mölndal;Y;57.656471;12.005152;Göteborg;football
7;2026-10-03;14:30;138259;Pojkar 2013(13 år) Höst Lätt Grupp E;2;3;6828648;4;/go-to/?fmid=6828648;Mossens BK Blå;https://staticcdn.svenskfotboll.se/img/teamssm/9571.png;7;Lerums IS 4;https://staticcdn.svenskfotboll.se/img/teamssm/10756.png;7;5-4;Guldheden Södra 11 Konstgräs;Guldheden Södra;Gibraltargatan 41, 412 58 Göteborg;Y;57.681136;11.982964;Göteborg;football
7;2026-10-03;14:30;133610;Pojkar 2013(13 år) Höst Medel Grupp D;2;3;6828863;4;/go-to/?fmid=6828863;Mossens BK Gul;https://staticcdn.svenskfotboll.se/img/teamssm/9571.png;7;Hisingsbacka FC;https://staticcdn.svenskfotboll.se/img/teamssm/11138.png;7;4-2;Guldheden Södra 12 Konstgräs;Guldheden Södra;Gibraltargatan 41, 412 58 Göteborg;Y;57.681136;11.982964;Göteborg;football
7;2026-10-03;14:30;133636;Pojkar 2014(12 år) Grupp H Höst;2;2;6840212;5;/go-to/?fmid=6840212;Qviding FIF Vit 1;https://staticcdn.svenskfotboll.se/img/teamssm/8089.png;7;Sävedalens IF Blå;https://staticcdn.svenskfotboll.se/img/teamssm/9545.png;7;-1--1;Härlanda 22;Härlanda Park;Härlanda Park 6B, 416 52 Göteborg;Y;57.716492;12.017055;Göteborg;football
7;2026-10-03;14:30;133707;Pojkar 2017(9 år) Centrum+Härryda+Mölndal+Väster Grupp A Höst;2;2;6846885;5;/go-to/?fmid=6846885;Masthuggets BK 1;https://staticcdn.svenskfotboll.se/img/teamssm/10643.png;7;Älvsborg FF P2017 Svart 2;https://staticcdn.svenskfotboll.se/img/teamssm/9622.png;7;-1--1;Karl Johans Torg 12;Karl Johans Torg;Karl Johanstorget 1, 414 61 Göteborg;Y;57.694518;11.929255;Göteborg;football
7;2026-10-03;14:30;133797;Flickor 2015(11 år) Grupp F Höst;3;2;6840493;5;/go-to/?fmid=6840493;Kärra KIF Blå;https://staticcdn.svenskfotboll.se/img/teamssm/10780.png;7;Kärra KIF Gul;https://staticcdn.svenskfotboll.se/img/teamssm/10780.png;7;-1--1;Klarebergsvallen 3 Konstgräs 7M7;Klarebergsvallen;Burmans Gata 3, 425 33 Hisings Kärra;Y;57.798761;11.987168;Göteborg;football
7;2026-10-03;14:30;133682;Pojkar 2016(10 år) Grupp F Höst;2;2;6843498;5;/go-to/?fmid=6843498;Eriksbergs IF 1;https://staticcdn.svenskfotboll.se/img/teamssm/9629.png;7;Lundby IF P2016 Grön;https://staticcdn.svenskfotboll.se/img/teamssm/11776.png;7;-1--1;Krokängsplan 12 Konstgräs;Krokängsplan;Säterigatan 15, 417 69 Göteborg;Y;57.702920;11.910432;Göteborg;football
7;2026-10-03;14:30;133800;Flickor 2015(11 år) Grupp E Höst;3;2;6839816;5;/go-to/?fmid=6839816;Utbynäs SK Blå;https://staticcdn.svenskfotboll.se/img/teamssm/9983.png;7;Qviding FIF 1;https://staticcdn.svenskfotboll.se/img/teamssm/8089.png;7;-1--1;Kviberg 3:1 gräs 7M7;Kviberg;Luftvärnsvägen, 415 06 Göteborg;Y;57.737550;12.038540;Göteborg;football
7;2026-10-03;14:30;133837;Flickor 2017(9 år) Hisingen Grupp A Höst;3;2;6831734;5;/go-to/?fmid=6831734;Öckerö IF F2017;https://staticcdn.svenskfotboll.se/img/teamssm/9774.png;7;Torslanda IK 2;https://staticcdn.svenskfotboll.se/img/teamssm/10068.png;7;-1--1;Prästängen 31 KG;Prästängen;PRÄSTÄNGEN 1, 475 31 Öckerö;Y;57.717030;11.641158;Göteborg;football
7;2026-10-03;14:30;133661;Pojkar 2015(11 år) Grupp G Höst;2;2;6850538;5;/go-to/?fmid=6850538;Ahlafors IF Svart;https://staticcdn.svenskfotboll.se/img/teamssm/11662.png;7;Finlandia Pallo AIF P15 Blå vit;https://staticcdn.svenskfotboll.se/img/teamssm/7939.png;7;-1--1;Svenska Stenhus Arena 4;Sjövallen IP;Sjövallavägen 111, 449 50 Alafors;Y;57.915942;12.107763;Göteborg;football
7;2026-10-03;14:30;133798;Flickor 2015(11 år) Grupp D Höst;3;2;6840704;5;/go-to/?fmid=6840704;Torslanda IK Grön;https://staticcdn.svenskfotboll.se/img/teamssm/10068.png;7;Hönö IS F15 HBH Svart;https://staticcdn.svenskfotboll.se/img/teamssm/11038.png;7;-1--1;Torslandavallen 3 Konstgräs 7M7;Torslandavallen;Torslanda Idrottsväg 17, 423 32 Torslanda;Y;57.718280;11.757490;Göteborg;football
7;2026-10-03;14:30;133155;Division 7A Herr;2;4;6533620;4;/go-to/?fmid=6533620;Vrångö IF;https://staticcdn.svenskfotboll.se/img/teamssm/9537.png;7;Markplan FC;https://staticcdn.svenskfotboll.se/img/teamssm/14771.png;7;4-2;Vrångö 1 Gräs;Vrångö;Gyssebergsvägen, 430 83 Vrångö;Y;57.577131;11.786292;Göteborg;football
7;2026-10-03;14:30;133782;Flickor 2014(12 år) Grupp E Höst;3;2;6836080;5;/go-to/?fmid=6836080;Jitex BK;https://staticcdn.svenskfotboll.se/img/teamssm/7516.png;7;Sandarna BK Svart;https://staticcdn.svenskfotboll.se/img/teamssm/10367.png;7;-1--1;Åbyvallen 9 Konstgräs 7M7;Åbyvallen;Idrottsvägen 5, 431 62 Mölndal;Y;57.645363;12.002082;Göteborg;football
7;2026-10-03;14:30;138257;Junior Flickor Div 3 Höst;3;3;6827575;4;/go-to/?fmid=6827575;Örgryte IS Fotboll;https://staticcdn.svenskfotboll.se/img/teamssm/12910.png;7;Kållered SK Damjunior;https://staticcdn.svenskfotboll.se/img/teamssm/10787.png;7;0-5;Hammarviken Arena;ÖIS-gården;Korndalsvägen 3, 412 76 Göteborg;Y;57.675233;12.028495;Göteborg;football
7;2026-10-03;14:45;133631;Pojkar 2014(12 år) Grupp C Höst;2;2;6838380;5;/go-to/?fmid=6838380;Marieholm IK Vit;https://staticcdn.svenskfotboll.se/img/teamssm/13640.png;7;Lunden Överås BK Vit;https://staticcdn.svenskfotboll.se/img/teamssm/10705.png;7;-1--1;Bläsebovallen 11 Konstgräs;;;N;;;Göteborg;football
7;2026-10-03;14:45;133795;Flickor 2015(11 år) Grupp B Höst;3;2;6838849;5;/go-to/?fmid=6838849;Älvsborg FF Svart;https://staticcdn.svenskfotboll.se/img/teamssm/9622.png;7;Lindome GIF 2;https://staticcdn.svenskfotboll.se/img/teamssm/10741.png;7;-1--1;Hagenplan 11;Hagenplan;Hagens Prästväg 4, 426 74 Västra Frölunda;Y;57.674967;11.882285;Göteborg;football
7;2026-10-03;14:45;133683;Pojkar 2016(10 år) Grupp G Höst;2;2;6844288;5;/go-to/?fmid=6844288;IK Zenith Röd P2016;https://staticcdn.svenskfotboll.se/img/teamssm/9829.png;7;Ahlafors IF P16 GUL;https://staticcdn.svenskfotboll.se/img/teamssm/11662.png;7;-1--1;Hovgårdsvallen 32 Konstgräs(Masterservice planen);Hovgårdsvallen;Gamla Lillebyvägen 1, 432 00 Torslanda;Y;57.751235;11.827376;Göteborg;football
7;2026-10-03;14:45;133661;Pojkar 2015(11 år) Grupp G Höst;2;2;6850535;5;/go-to/?fmid=6850535;Kareby IS Röd;https://staticcdn.svenskfotboll.se/img/teamssm/10872.png;7;Nol IK;https://staticcdn.svenskfotboll.se/img/teamssm/10573.png;7;-1--1;Kareby Hed 12;Kareby Hed;442 46 Kareby;Y;57.903192;11.928436;Göteborg;football
7;2026-10-03;14:45;133662;Pojkar 2015(11 år) Grupp H Höst;2;2;6846445;5;/go-to/?fmid=6846445;Öckerö IF Öckerö IF vit;https://staticcdn.svenskfotboll.se/img/teamssm/9774.png;7;Hjuviks AIK P2015 Svart;https://staticcdn.svenskfotboll.se/img/teamssm/8330.png;7;-1--1;Prästängen 32 KG;Prästängen;PRÄSTÄNGEN 1, 475 31 Öckerö;Y;57.717030;11.641158;Göteborg;football
7;2026-10-03;14:45;133758;Flickor 2012-2013 Stor 9M9 Medel Gr. B Höst;3;3;6827907;4;/go-to/?fmid=6827907;Sävedalens IF Blå 2;https://staticcdn.svenskfotboll.se/img/teamssm/9545.png;7;Torslanda IK Röd;https://staticcdn.svenskfotboll.se/img/teamssm/10068.png;7;2-3;Vallhamra 2 Konstgräs;Vallhamra IP;Ugglumsleden 48, 433 64 Sävedalen;Y;57.724452;12.079253;Göteborg;football
7;2026-10-03;14:45;133677;Pojkar 2016(10 år) Grupp A Höst;2;2;6841439;5;/go-to/?fmid=6841439;Älvängens IK P16 blå;https://staticcdn.svenskfotboll.se/img/teamssm/9783.png;7;IK Kongahälla Vit;https://staticcdn.svenskfotboll.se/img/teamssm/9590.png;7;-1--1;Älvevi 3 7M7 Konstgräs;Älvevi;Hövägen 23, 446 32 Älvängen;Y;57.954092;12.123567;Göteborg;football
7;2026-10-03;14:45;133660;Pojkar 2015(11 år) Grupp F Höst;2;2;6846226;5;/go-to/?fmid=6846226;Näsets SK P2015 Gul;https://staticcdn.svenskfotboll.se/img/teamssm/10510.png;7;Sandarna BK Svart;https://staticcdn.svenskfotboll.se/img/teamssm/10367.png;7;-1--1;Näset Yuncture Arena 12;Åkeredsvallen;Bergsätersgatan 1, 421 66 Västra Frölunda;Y;57.631456;11.900982;Göteborg;football
8;2026-10-03;15:00;133419;Träningsmatcher Halland ungdomar Pojkar utan AD;2;3;6910245;4;/go-to/?fmid=6910245;Varbergs BoIS FC (P11);https://staticcdn.svenskfotboll.se/img/teamssm/7701.png;8;Skene IF (P2011);https://staticcdn.svenskfotboll.se/img/teamssm/8655.png;21;4-4;Ankarvallen A;Ankarvallen;Ankarvägen 10, 432 74 Träslövsläge;Y;57.057553;12.290310;Halland;football
7;2026-10-03;15:00;133613;Pojkar 2013(13 år) Höst Medel Grupp B;2;3;6828740;4;/go-to/?fmid=6828740;GoldCoast FC Svart;https://staticcdn.svenskfotboll.se/img/teamssm/13374.png;7;SG Ruddalen IF Röd;https://staticcdn.svenskfotboll.se/img/teamssm/11284.png;7;3-2;Bergsjövallen 21 Konstgräs;Bergsjövallen;Sjustjärnan 20, 415 51 Göteborg;Y;57.750377;12.057010;Göteborg;football
7;2026-10-03;15:00;138261;Pojkar 2013(13 år) Höst Medel Grupp F;2;3;6828951;4;/go-to/?fmid=6828951;Serbiska KIF Semberija Göteborg;https://staticcdn.svenskfotboll.se/img/teamssm/7595.png;7;Hönö IS;https://staticcdn.svenskfotboll.se/img/teamssm/11038.png;7;8-0;Bergsjövallen 22 Konstgräs;Bergsjövallen;Sjustjärnan 20, 415 51 Göteborg;Y;57.750377;12.057010;Göteborg;football
8;2026-10-03;15:00;133921;Division 6 Herr Norra Halland;2;4;6534911;4;/go-to/?fmid=6534911;Vessigebro BK;https://staticcdn.svenskfotboll.se/img/teamssm/9940.png;8;GoIF Ginsten;https://staticcdn.svenskfotboll.se/img/teamssm/11291.png;8;3-2;Brovallen;Brovallen;Brovallsvägen 10, 311 64 Vessigebro;Y;56.979689;12.658346;Halland;football
7;2026-10-03;15:00;133680;Pojkar 2016(10 år) Grupp D Höst;2;2;6843241;5;/go-to/?fmid=6843241;Mölnlycke IF P-16 Gul;https://staticcdn.svenskfotboll.se/img/teamssm/10594.png;7;Örgryte IS Fotboll P2016 Blå;https://staticcdn.svenskfotboll.se/img/teamssm/12910.png;7;-1--1;Djupedalsplan A Konstgräs höger;Djupedals IP;Djupedals Ip, Rullstensvägen 1, 435 41 Mölnlycke;Y;57.652820;12.126316;Göteborg;football
7;2026-10-03;15:00;133680;Pojkar 2016(10 år) Grupp D Höst;2;2;6843242;5;/go-to/?fmid=6843242;Mölnlycke IF P-16 Svart¨;https://staticcdn.svenskfotboll.se/img/teamssm/10594.png;7;Örgryte IS Fotboll P2016 Vit;https://staticcdn.svenskfotboll.se/img/teamssm/12910.png;7;-1--1;Djupedalsplan A Konstgräs höger;Djupedals IP;Djupedals Ip, Rullstensvägen 1, 435 41 Mölnlycke;Y;57.652820;12.126316;Göteborg;football
7;2026-10-03;15:00;133151;Division 5B Herr;2;4;6532552;4;/go-to/?fmid=6532552;Donsö IS;https://staticcdn.svenskfotboll.se/img/teamssm/9631.png;7;Pushers BK;https://staticcdn.svenskfotboll.se/img/teamssm/9563.png;7;2-2;Donsövallen;Donsövallen;Donsövallen, Lurkenvägen 2, 430 82 Donsö;Y;57.605163;11.805907;Göteborg;football
7;2026-10-03;15:00;133609;Pojkar 2013(13 år) Höst Medel Grupp C;2;3;6828784;4;/go-to/?fmid=6828784;Solängens BK Grön;https://staticcdn.svenskfotboll.se/img/teamssm/9548.png;7;Gunnilse IS Vit;https://staticcdn.svenskfotboll.se/img/teamssm/11237.png;7;7-4;Eklandavallen 12;Eklandavallen;Bäckstensgatan 15, 431 49 Mölndal;Y;57.654780;11.959687;Göteborg;football
7;2026-10-03;15:00;133154;Division 6C Herr;2;4;6533490;4;/go-to/?fmid=6533490;IFK Hindås;https://staticcdn.svenskfotboll.se/img/teamssm/11008.png;7;Önnereds IK;https://staticcdn.svenskfotboll.se/img/teamssm/9765.png;7;3-2;Fagervallen 2 Konstgräs;Fagervallen;Sportvägen 9, 438 98 Hindås;Y;57.695964;12.435282;Göteborg;football
7;2026-10-03;15:00;133757;Flickor 2012-2013 Stor 9M9 Medel Gr. A Höst;3;3;6828018;4;/go-to/?fmid=6828018;IF Mölndal Fotboll F12 Blå;https://staticcdn.svenskfotboll.se/img/teamssm/9569.png;7;Mölnlycke IF Svart (F2012);https://staticcdn.svenskfotboll.se/img/teamssm/10594.png;7;0-3;Förbovallen 1;Förbovallen;Ålegårdsgatan 297, 431 50 Mölndal;Y;57.625892;12.021226;Göteborg;football
8;2026-10-03;15:00;137262;Nivå 3 Södra Herrar;2;4;6733835;4;/go-to/?fmid=6733835;Skottorps IF;https://staticcdn.svenskfotboll.se/img/teamssm/10302.png;8;Ränneslövs GIF /BK Walldia;https://staticcdn.svenskfotboll.se/img/teamssm/9497.png;8;5-7;Gröningen A;Gröningen;Gröningens väg 1, 312 77 Skottorp;Y;56.449440;12.954590;Halland;football
1;2026-10-03;15:00;138411;P17 Div.1 2026 B-slutspel Nordvästra Götaland;2;3;6912027;4;/go-to/?fmid=6912027;Gunnilse IS;https://staticcdn.svenskfotboll.se/img/teamssm/11237.png;7;IK Oddevold;https://staticcdn.svenskfotboll.se/img/teamssm/10500.png;28;4-0;Hjällbovallen 2 Konstgräs;Hjällbovallen;Knattens väg 12, 424 32 Angered;Y;57.777950;12.017062;1;football
8;2026-10-03;15:00;133919;Division 5 Herr Norra Halland;2;4;6534778;4;/go-to/?fmid=6534778;Trönninge BK;https://staticcdn.svenskfotboll.se/img/teamssm/9485.png;8;Bua IF;https://staticcdn.svenskfotboll.se/img/teamssm/11508.png;8;0-0;Håstens IP A;Håstens IP;Hästens idrottsplats, Ölandsgatan, Nedregården, Varberg, Varbergs kommun, Hallands län, 432 36, Sverige;Y;57.117456;12.285361;Halland;football
7;2026-10-03;15:00;133638;Pojkar 2014(12 år) Grupp J Höst;2;2;6838037;5;/go-to/?fmid=6838037;Askims IK P2014 U12 Röd;https://staticcdn.svenskfotboll.se/img/teamssm/11617.png;7;Örgryte IS Fotboll P2014 Röd;https://staticcdn.svenskfotboll.se/img/teamssm/12910.png;7;-1--1;Kobbegården 3 Konstgräs 7M7;Kobbegården;Stora Åvägen 1, 436 34 Askim;Y;57.639723;11.944383;Göteborg;football
7;2026-10-03;15:00;133638;Pojkar 2014(12 år) Grupp J Höst;2;2;6838034;5;/go-to/?fmid=6838034;Solväders FC;https://staticcdn.svenskfotboll.se/img/teamssm/12147.png;7;Älvsborg FF P2014 - Blå;https://staticcdn.svenskfotboll.se/img/teamssm/9622.png;7;-1--1;Länsmansgårdens IP 22 Konstgräs;Länsmansgårdens IP;Temperaturgatan 76, 418 41 Göteborg;Y;57.730616;11.886442;Göteborg;football
7;2026-10-03;15:00;133813;Flickor 2016(10 år) Grupp D Höst;3;2;6834559;5;/go-to/?fmid=6834559;IK Kongahälla;https://staticcdn.svenskfotboll.se/img/teamssm/9590.png;7;Romelanda UF F16 GUL;https://staticcdn.svenskfotboll.se/img/teamssm/10427.png;7;-1--1;Munkegärdesplan 22 Konstgräs;Munkegärdesplan;Räfsalsvägen 11, 442 42 Kungälv;Y;57.890004;11.967916;Göteborg;football
7;2026-10-03;15:00;135288;DM Slutspel - Flickjunior;3;3;6823961;4;/go-to/?fmid=6823961;Öckerö IF Juniorer Flickor;https://staticcdn.svenskfotboll.se/img/teamssm/9774.png;7;Landvetter IF 2003;https://staticcdn.svenskfotboll.se/img/teamssm/6789.png;7;0-1;Prästängen 1 Konstgräs;Prästängen;PRÄSTÄNGEN 1, 475 31 Öckerö;Y;57.717030;11.641158;Göteborg;football
7;2026-10-03;15:00;133761;Flickor 2012-2013 Stor 9M9 Svår Höst;3;3;6827811;4;/go-to/?fmid=6827811;Älvsborg FF F2012 Svart;https://staticcdn.svenskfotboll.se/img/teamssm/9622.png;7;Örgryte IS Fotboll Röd;https://staticcdn.svenskfotboll.se/img/teamssm/12910.png;7;4-3;Påvelund 1 Konstgräs;Påvelund;Redegatan 18, 426 77 Västra Frölunda;Y;57.668781;11.881476;Göteborg;football
7;2026-10-03;15:00;133811;Flickor 2016(10 år) Grupp B Höst;3;2;6832304;5;/go-to/?fmid=6832304;SG Ruddalen IF Vit;https://staticcdn.svenskfotboll.se/img/teamssm/11284.png;7;Lindome GIF vit;https://staticcdn.svenskfotboll.se/img/teamssm/10741.png;7;-1--1;Ruddalen 22 Konstgräs;Ruddalen;Anna Östvägen 8, 426 68 Västra Frölunda;Y;57.664609;11.909282;Göteborg;football
21;2026-10-03;15:00;135581;Herrar, Div 6 Skövde;2;4;6580915;4;/go-to/?fmid=6580915;Tidavads IF;https://staticcdn.svenskfotboll.se/img/teamssm/10093.png;21;Värings GoIF;https://staticcdn.svenskfotboll.se/img/teamssm/8625.png;21;1-2;Skogsbovallen A-plan;Skogsbovallen;Skogsbovallen, 542 93 Mariestad;Y;58.568745;13.847183;Västergötland;football
7;2026-10-03;15:00;133810;Flickor 2016(10 år) Grupp A Höst;3;2;6832953;5;/go-to/?fmid=6832953;Södra Skärgårdens IK;https://staticcdn.svenskfotboll.se/img/teamssm/10186.png;7;Lekstorps IF Grön;https://staticcdn.svenskfotboll.se/img/teamssm/10760.png;7;-1--1;Styrsöplan 11 Gräs;Styrsöplan;Halsviksvägen 27, 430 84 Styrsö;Y;57.610915;11.774337;Göteborg;football
7;2026-10-03;15:00;133661;Pojkar 2015(11 år) Grupp G Höst;2;2;6850541;5;/go-to/?fmid=6850541;Surte IS FK Gul;https://staticcdn.svenskfotboll.se/img/teamssm/12036.png;7;IK Kongahälla Syd Vit;https://staticcdn.svenskfotboll.se/img/teamssm/9590.png;7;-1--1;Surte IP 22;Surte IP;Idrottsvägen 4, 445 55 Surte;Y;57.836279;12.017412;Göteborg;football
8;2026-10-03;15:00;139567;P13år Blå A Höst;2;3;6893910;5;/go-to/?fmid=6893910;Trönninge IF;https://staticcdn.svenskfotboll.se/img/teamssm/9484.png;8;Varbergs BoIS FC Grön;https://staticcdn.svenskfotboll.se/img/teamssm/7701.png;8;0-0;Tuvasvallen A1;Tuvasvallen;Tuvasvägen 3, 302 65 Halmstad;Y;56.615975;12.931638;Halland;football
8;2026-10-03;15:00;139379;P14år Röd A Höst;2;3;6880796;4;/go-to/?fmid=6880796;Lerkils IF Röd;https://staticcdn.svenskfotboll.se/img/teamssm/10757.png;8;Hyltebruks IF;https://staticcdn.svenskfotboll.se/img/teamssm/11090.png;8;4-2;Ängås IP A;Ängås IP;Ängåsvägen 39, 434 93 Vallda;Y;57.454340;11.941076;Halland;football
1;2026-10-03;15:00;133302;F17 Allsvenskan Södra 2026;3;3;6577341;4;/go-to/?fmid=6577341;Jitex BK;https://staticcdn.svenskfotboll.se/img/teamssm/7516.png;7;Enskede IK;https://staticcdn.svenskfotboll.se/img/teamssm/11417.png;16;2-0;Åbyvallen 1 Konstgräs;Åbyvallen;Idrottsvägen 5, 431 62 Mölndal;Y;57.645363;12.002082;1;football
7;2026-10-03;15:15;133656;Pojkar 2015(11 år) Grupp B Höst;2;2;6850426;5;/go-to/?fmid=6850426;BK Häcken F2015;https://staticcdn.svenskfotboll.se/img/teamssm/11080.png;7;IK Zenith Gul;https://staticcdn.svenskfotboll.se/img/teamssm/9829.png;7;-1--1;Slättadamm 3 konstgräs;Slättadamm;Slättadammsgatan 6, 417 25 Göteborg;Y;57.730565;11.927705;Göteborg;football
7;2026-10-03;15:15;133117;Träningsmatcher Ungdomar Göteborg Pojk;2;3;6920278;4;/go-to/?fmid=6920278;Surte IS FK P13;https://staticcdn.svenskfotboll.se/img/teamssm/12036.png;7;Alingsås IF FF svart;https://staticcdn.svenskfotboll.se/img/teamssm/12595.png;21;9-4;Surte IP 21;Surte IP;Idrottsvägen 4, 445 55 Surte;Y;57.836279;12.017412;Göteborg;football
7;2026-10-03;15:15;133784;Flickor 2014(12 år) Grupp C Höst;3;2;6834902;5;/go-to/?fmid=6834902;Lunden Överås BK;https://staticcdn.svenskfotboll.se/img/teamssm/10705.png;7;Gunnilse IS;https://staticcdn.svenskfotboll.se/img/teamssm/11237.png;7;-1--1;Överåsvallen 11 Konstgräs;Överåsvallen;Skogshyddegatan 16, 412 74 Göteborg;Y;57.707876;12.002439;Göteborg;football
7;2026-10-03;15:15;133637;Pojkar 2014(12 år) Grupp I Höst;2;2;6838098;5;/go-to/?fmid=6838098;Lunden Överås BK Svart;https://staticcdn.svenskfotboll.se/img/teamssm/10705.png;7;Sävedalens IF Röd;https://staticcdn.svenskfotboll.se/img/teamssm/9545.png;7;-1--1;Överåsvallen 12 Konstgräs;Överåsvallen;Skogshyddegatan 16, 412 74 Göteborg;Y;57.707876;12.002439;Göteborg;football
7;2026-10-03;15:30;133714;Pojkar 2017(9 år) Lerum+Partille+Öster Grupp B Höst;2;2;6849449;5;/go-to/?fmid=6849449;Gunnilse IS Svart;https://staticcdn.svenskfotboll.se/img/teamssm/11237.png;7;Öjersjö IF 3;https://staticcdn.svenskfotboll.se/img/teamssm/7552.png;7;-1--1;Hjällbovallen 21 konstgräs;Hjällbovallen;Knattens väg 12, 424 32 Angered;Y;57.777950;12.017062;Göteborg;football
7;2026-10-03;15:30;133714;Pojkar 2017(9 år) Lerum+Partille+Öster Grupp B Höst;2;2;6849450;5;/go-to/?fmid=6849450;Gunnilse IS Vit;https://staticcdn.svenskfotboll.se/img/teamssm/11237.png;7;Öjersjö IF 2;https://staticcdn.svenskfotboll.se/img/teamssm/7552.png;7;-1--1;Hjällbovallen 21 konstgräs;Hjällbovallen;Knattens väg 12, 424 32 Angered;Y;57.777950;12.017062;Göteborg;football
7;2026-10-03;15:30;133631;Pojkar 2014(12 år) Grupp C Höst;2;2;6838442;5;/go-to/?fmid=6838442;GoldCoast FC orange;https://staticcdn.svenskfotboll.se/img/teamssm/13374.png;7;Bergsjö IF 1;https://staticcdn.svenskfotboll.se/img/teamssm/11586.png;7;-1--1;Kortedalavallen 3;Kortedalavallen;Kortedala Idrottsväg 13, 415 37 Göteborg;Y;57.751830;12.040079;Göteborg;football
7;2026-10-03;15:30;133763;Flickor 2012-2013 Liten 9M9 Lätt Gr. A Höst;3;3;6828309;4;/go-to/?fmid=6828309;IK Kongahälla F12/13;https://staticcdn.svenskfotboll.se/img/teamssm/9590.png;7;Lindome GIF Vit;https://staticcdn.svenskfotboll.se/img/teamssm/10741.png;7;2-4;Munkegärdesplan 21 Konstgräs;Munkegärdesplan;Räfsalsvägen 11, 442 42 Kungälv;Y;57.890004;11.967916;Göteborg;football
7;2026-10-03;15:30;133636;Pojkar 2014(12 år) Grupp H Höst;2;2;6840209;5;/go-to/?fmid=6840209;Öjersjö IF 1;https://staticcdn.svenskfotboll.se/img/teamssm/7552.png;7;Lerums IS P14 lila 1;https://staticcdn.svenskfotboll.se/img/teamssm/10756.png;7;-1--1;Storegård;Storegård;Ekeblads väg, 433 51 Öjersjö;Y;57.702225;12.142051;Göteborg;football
8;2026-10-03;15:30;136282;Division 4 Dam Halland;3;4;6612786;4;/go-to/?fmid=6612786;Torup/Rydö FF;https://staticcdn.svenskfotboll.se/img/teamssm/7097.png;8;Hyltebruks IF;https://staticcdn.svenskfotboll.se/img/teamssm/11090.png;8;2-0;Torulund A;Torulund;Jesperslundsvägen 1, 314 41 Torup;Y;56.963831;13.077385;Halland;football
7;2026-10-03;15:30;133813;Flickor 2016(10 år) Grupp D Höst;3;2;6834578;5;/go-to/?fmid=6834578;Ytterby IS Blå;https://staticcdn.svenskfotboll.se/img/teamssm/9832.png;7;Kärra KIF Blå;https://staticcdn.svenskfotboll.se/img/teamssm/10780.png;7;-1--1;Ytterns IP 41;Ytterns IP;Ytterby, 442 40 Kungälv;Y;57.869280;11.935196;Göteborg;football
7;2026-10-03;15:30;133762;Flickor 2012-2013 Stor 9M9 Lätt Gr. B Höst;3;3;6828110;4;/go-to/?fmid=6828110;IF Väster;https://staticcdn.svenskfotboll.se/img/teamssm/9861.png;7;Mölnlycke IF Gul 2013;https://staticcdn.svenskfotboll.se/img/teamssm/10594.png;7;2-4;Önneredsplan 1 Konstgräs;Önneredsplan;Ersåsgatan 2, 421 59 Västra Frölunda;Y;57.637219;11.884878;Göteborg;football
7;2026-10-03;15:30;133680;Pojkar 2016(10 år) Grupp D Höst;2;2;6843244;5;/go-to/?fmid=6843244;IF Väster Blå;https://staticcdn.svenskfotboll.se/img/teamssm/9861.png;7;Lindome GIF P2016 2;https://staticcdn.svenskfotboll.se/img/teamssm/10741.png;7;-1--1;Önneredsplan 2;Önneredsplan;Ersåsgatan 2, 421 59 Västra Frölunda;Y;57.637219;11.884878;Göteborg;football
7;2026-10-03;15:45;133679;Pojkar 2016(10 år) Grupp C Höst;2;2;6842433;5;/go-to/?fmid=6842433;IF Mölndal Fotboll blå;https://staticcdn.svenskfotboll.se/img/teamssm/9569.png;7;SG Ruddalen IF P16 Gul;https://staticcdn.svenskfotboll.se/img/teamssm/11284.png;7;-1--1;Enerbacksplan Gräs 7M7;Enerbacksplan;Enerbacksvallen, Gunnebogatan 63, 431 66 Mölndal;Y;57.664940;12.023417;Göteborg;football
7;2026-10-03;15:45;133615;Pojkar 2013(13 år) Höst Lätt Grupp B;2;3;6828513;4;/go-to/?fmid=6828513;Götaholms BK Vit;https://staticcdn.svenskfotboll.se/img/teamssm/9615.png;7;Hovås Billdal IF Vit;https://staticcdn.svenskfotboll.se/img/teamssm/11109.png;7;8-1;Gamlestadsvallen 22 Konstgräs;Gamlestadsvallen;Lars Kaggsgatan 24, 415 04 Göteborg;Y;57.734308;12.013832;Göteborg;football
7;2026-10-03;15:45;133631;Pojkar 2014(12 år) Grupp C Höst;2;2;6838381;5;/go-to/?fmid=6838381;Götaholms BK P2014 Vit;https://staticcdn.svenskfotboll.se/img/teamssm/9615.png;7;Partille IF FK Vit;https://staticcdn.svenskfotboll.se/img/teamssm/12478.png;7;-1--1;Gamlestadsvallen 21 Konstgräs;Gamlestadsvallen;Lars Kaggsgatan 24, 415 04 Göteborg;Y;57.734308;12.013832;Göteborg;football
7;2026-10-03;15:45;133570;Pojkar 2009-2010(16-17 år) Svår Grupp A;2;3;6601961;4;/go-to/?fmid=6601961;Sandarna BK Röd;https://staticcdn.svenskfotboll.se/img/teamssm/10367.png;7;Kärra KIF Blå;https://staticcdn.svenskfotboll.se/img/teamssm/10780.png;7;2-0;Gröna Vallen 1;Gröna Vallen;Gröna Vallen, Svanebäcksgatan 16, 414 71 Göteborg;Y;57.687961;11.917564;Göteborg;football
7;2026-10-03;15:45;133685;Pojkar 2016(10 år) Grupp I Höst;2;2;6907901;5;/go-to/?fmid=6907901;Qviding FIF Vit 3;https://staticcdn.svenskfotboll.se/img/teamssm/8089.png;7;Floda BoIF P16;https://staticcdn.svenskfotboll.se/img/teamssm/11366.png;7;-1--1;Härlanda 22;Härlanda Park;Härlanda Park 6B, 416 52 Göteborg;Y;57.716492;12.017055;Göteborg;football
7;2026-10-03;15:45;133800;Flickor 2015(11 år) Grupp E Höst;3;2;6839815;5;/go-to/?fmid=6839815;Utbynäs SK Gul;https://staticcdn.svenskfotboll.se/img/teamssm/9983.png;7;Qviding FIF 2;https://staticcdn.svenskfotboll.se/img/teamssm/8089.png;7;-1--1;Kviberg 3:1 gräs 7M7;Kviberg;Luftvärnsvägen, 415 06 Göteborg;Y;57.737550;12.038540;Göteborg;football
7;2026-10-03;15:45;133710;Pojkar 2017(9 år) Centrum+Härryda+Mölndal+Väster Grupp D Höst;2;2;6848162;5;/go-to/?fmid=6848162;Kållered SK P17 Vit;https://staticcdn.svenskfotboll.se/img/teamssm/10787.png;7;IF Mölndal Fotboll Gul;https://staticcdn.svenskfotboll.se/img/teamssm/9569.png;7;-1--1;Kållered Sportcenter 11;Kållered Sportcenter;Tulebovägen 17, 428 34 Kållered;Y;57.611466;12.075548;Göteborg;football
7;2026-10-03;15:45;133640;Pojkar 2014(12 år) Grupp B Höst;2;2;6838237;5;/go-to/?fmid=6838237;Ahlafors IF Svart;https://staticcdn.svenskfotboll.se/img/teamssm/11662.png;7;IK Zenith Vit;https://staticcdn.svenskfotboll.se/img/teamssm/9829.png;7;-1--1;Svenska Stenhus Arena 4;Sjövallen IP;Sjövallavägen 111, 449 50 Alafors;Y;57.915942;12.107763;Göteborg;football
7;2026-10-03;15:45;133570;Pojkar 2009-2010(16-17 år) Svår Grupp A;2;3;6601920;4;/go-to/?fmid=6601920;Nödinge SK Fotboll Blå;https://staticcdn.svenskfotboll.se/img/teamssm/10503.png;7;Lerums IS;https://staticcdn.svenskfotboll.se/img/teamssm/10756.png;7;3-2;Vimmervi 2 Konstgräs;Vimmervi;Gamla Kilandavägen 62, 449 36 Nödinge;Y;57.886226;12.080329;Göteborg;football
8;2026-10-03;16:00;139573;P13år Röd C Höst;2;3;6898365;5;/go-to/?fmid=6898365;Alets IK;https://staticcdn.svenskfotboll.se/img/teamssm/9531.png;8;Annebergs IF;https://staticcdn.svenskfotboll.se/img/teamssm/11631.png;8;0-0;Alevallen A;Alevallen;Alevallen, Järnvägsleden, Rotorp, Halmstad, Halmstads kommun, Hallands län, 302 39, Sverige;Y;56.667937;12.840292;Halland;football
21;2026-10-03;16:00;135582;Herrar, Div 6 Trollhättan;2;4;6581206;4;/go-to/?fmid=6581206;Lödöse Nygård IK;https://staticcdn.svenskfotboll.se/img/teamssm/8670.png;21;Trollhättans IF;https://staticcdn.svenskfotboll.se/img/teamssm/10051.png;21;2-0;Alevi A;Alevi;Idrottsvägen 7, 463 96 Nygård;Y;58.056423;12.216389;Västergötland;football
21;2026-10-03;16:00;135582;Herrar, Div 6 Trollhättan;2;4;6581204;4;/go-to/?fmid=6581204;Hjärtums IS;https://staticcdn.svenskfotboll.se/img/teamssm/11131.png;21;Åsaka SK;https://staticcdn.svenskfotboll.se/img/teamssm/9806.png;21;0-11;Billerödsvallen A-plan;Billerödsvallen;Billerödsvallen,Billerödsvägen, 463 75 Hjärtum;Y;58.182117;12.098494;Västergötland;football
21;2026-10-03;16:00;135578;Herrar, Div 6 Herrljunga;2;4;6580782;4;/go-to/?fmid=6580782;Wårgårda City FF;https://staticcdn.svenskfotboll.se/img/teamssm/14784.png;21;Vedums AIS;https://staticcdn.svenskfotboll.se/img/teamssm/8631.png;21;3-0;Björkvallen konstgräs, Vårgårda;Björkvallen;Parkgatan 26, 447 31 Vårgårda;Y;58.035259;12.822093;Västergötland;football
21;2026-10-03;16:00;135582;Herrar, Div 6 Trollhättan;2;4;6581203;4;/go-to/?fmid=6581203;Stora Mellby SK;https://staticcdn.svenskfotboll.se/img/teamssm/10213.png;21;Främmestads IK;https://staticcdn.svenskfotboll.se/img/teamssm/11338.png;21;0-3;Brynet;Brynet;Prästvägen 31, 466 94 Sollebrunn;Y;58.145235;12.577816;Västergötland;football
21;2026-10-03;16:00;135582;Herrar, Div 6 Trollhättan;2;4;6581205;4;/go-to/?fmid=6581205;Hemsjö IF;https://staticcdn.svenskfotboll.se/img/teamssm/11154.png;21;Upphärads IS;https://staticcdn.svenskfotboll.se/img/teamssm/9993.png;21;3-2;Byvallen A-plan;Byvallen;Byvallen, Hemsjö Prästväg, Skattegården, Hemsjö distrikt, Hemsjö, Alingsås kommun, Västra Götalands län, 441 96, Sverige;Y;57.850311;12.485953;Västergötland;football
21;2026-10-03;16:00;135576;Herrar, Div 5 Sydvästra;2;4;6568894;4;/go-to/?fmid=6568894;Horreds IF;https://staticcdn.svenskfotboll.se/img/teamssm/8701.png;21;BK Spark;https://staticcdn.svenskfotboll.se/img/teamssm/8649.png;21;1-2;Eksätersvallen A-plan;Eksätersvallen;Eksätersvallen, Lunnaliden, Horred, Marks kommun, Västra Götalands län, 519 30, Sverige;Y;57.361273;12.474623;Västergötland;football
1;2026-10-03;16:00;131957;Div 2 Norra Götaland, herr 2026;2;4;6547413;4;/go-to/?fmid=6547413;Lidköpings FK;https://staticcdn.svenskfotboll.se/img/teamssm/8704.png;21;Vänersborgs FK;https://staticcdn.svenskfotboll.se/img/teamssm/8626.png;21;1-0;Framnäs IP A-plan;Framnäs IP;Framnäsvägen 2, 531 60 Lidköping;Y;58.510161;13.145975;1;football
28;2026-10-03;16:00;135343;Div.3 Dam Bohuslän-Dalsland 2026;3;4;6600011;4;/go-to/?fmid=6600011;IK Rössö Uddevalla F17;https://staticcdn.svenskfotboll.se/img/teamssm/8498.png;28;Eds FF;https://staticcdn.svenskfotboll.se/img/teamssm/11441.png;28;4-1;Fridhemsvallen Konstgräs;Fridhemsvallen;Fridhemsvallen, Fridhemsvägen, 451 93 Uddevalla;Y;58.381083;11.937419;Bohuslän-Dalsland;football
21;2026-10-03;16:00;135581;Herrar, Div 6 Skövde;2;4;6580910;4;/go-to/?fmid=6580910;Fröjereds IF;https://staticcdn.svenskfotboll.se/img/teamssm/11333.png;21;Björsäters IF;https://staticcdn.svenskfotboll.se/img/teamssm/11563.png;21;3-4;Fröjevi A;Fröjevi;Fröjevi, Ekängsvägen, 522 94 Tidaholm;Y;58.251004;14.019437;Västergötland;football
7;2026-10-03;16:00;133679;Pojkar 2016(10 år) Grupp C Höst;2;2;6842436;5;/go-to/?fmid=6842436;Älvsborg FF 1;https://staticcdn.svenskfotboll.se/img/teamssm/9622.png;7;Fässbergs IF svart 2016;https://staticcdn.svenskfotboll.se/img/teamssm/9620.png;7;-1--1;Hagenplan 11;Hagenplan;Hagens Prästväg 4, 426 74 Västra Frölunda;Y;57.674967;11.882285;Göteborg;football
21;2026-10-03;16:00;135576;Herrar, Div 5 Sydvästra;2;4;6569017;4;/go-to/?fmid=6569017;Högvads BK;https://staticcdn.svenskfotboll.se/img/teamssm/6929.png;21;Kronängs IF;https://staticcdn.svenskfotboll.se/img/teamssm/8688.png;21;1-2;Hallevi, Mjöbäck A;Hallevi;57.32538418343309, 12.901407893362018;Y;57.328884;12.913656;Västergötland;football
1;2026-10-03;16:00;138419;P16 Div.1 2026 A-slutspel Norra Götaland;2;3;6911864;4;/go-to/?fmid=6911864;Vänersborgs FK;https://staticcdn.svenskfotboll.se/img/teamssm/8626.png;21;Linköping FC;https://staticcdn.svenskfotboll.se/img/teamssm/7025.png;24;2-8;Hallevi IP, Wargön C-plan;Hallevi IP;Nordkroksvägen 85, 468 33 Vargön;Y;58.366825;12.400851;1;football
21;2026-10-03;16:00;135576;Herrar, Div 5 Sydvästra;2;4;6568999;4;/go-to/?fmid=6568999;Töllsjö IF;https://staticcdn.svenskfotboll.se/img/teamssm/10016.png;21;Viskafors IF;https://staticcdn.svenskfotboll.se/img/teamssm/8629.png;21;4-1;Holmängen A-plan;Holmängen;Holmängen, Hälle, Gudhems distrikt, Falköpings kommun, Västra Götalands län, 521 74, Sverige;Y;58.247006;13.570382;Västergötland;football
21;2026-10-03;16:00;135578;Herrar, Div 6 Herrljunga;2;4;6580779;4;/go-to/?fmid=6580779;Hol/Säven;https://staticcdn.svenskfotboll.se/img/teamssm/8648.png;21;Södra Härene IF;https://staticcdn.svenskfotboll.se/img/teamssm/10122.png;21;8-0;Hols IP A-plan;Hols IP;Hols idrottsplats, Sienevägen, Hols distrikt, Vårgårda kommun, Västra Götalands län, 447 95, Sverige;Y;57.981044;12.690898;Västergötland;football
7;2026-10-03;16:00;133612;Pojkar 2013(13 år) Höst Lätt Grupp A;2;3;6827623;5;/go-to/?fmid=6827623;Qviding FIF 3;https://staticcdn.svenskfotboll.se/img/teamssm/8089.png;7;Landvetter IS P2013 Grön;https://staticcdn.svenskfotboll.se/img/teamssm/10768.png;7;0-0;Härlanda 11;Härlanda Park;Härlanda Park 6B, 416 52 Göteborg;Y;57.716492;12.017055;Göteborg;football
21;2026-10-03;16:00;135573;Herrar, Div 4 Östra;2;4;6567919;4;/go-to/?fmid=6567919;Ekedalens SK;https://staticcdn.svenskfotboll.se/img/teamssm/11433.png;21;Åsarp-Trädet FK;https://staticcdn.svenskfotboll.se/img/teamssm/6993.png;21;1-3;Idrottsparken, Ekedalen;Idrottsparken Ekedalen;Ekedalens Idrottsplats, 522 93 Tidaholm;Y;58.208120;13.842126;Västergötland;football
21;2026-10-03;16:00;135581;Herrar, Div 6 Skövde;2;4;6580911;4;/go-to/?fmid=6580911;Igelstorps IK;https://staticcdn.svenskfotboll.se/img/teamssm/10932.png;21;Moholms SK;https://staticcdn.svenskfotboll.se/img/teamssm/8676.png;21;9-1;Igelvallen A;Igelvallen;Igelvallen, Stationsvägen, Sventorp, Igelstorp, Skövde kommun, Västra Götalands län, 549 77, Sverige;Y;58.396997;13.981672;Västergötland;football
21;2026-10-03;16:00;135576;Herrar, Div 5 Sydvästra;2;4;6568976;4;/go-to/?fmid=6568976;Fritsla IF;https://staticcdn.svenskfotboll.se/img/teamssm/8715.png;21;Rävlanda AIS;https://staticcdn.svenskfotboll.se/img/teamssm/10390.png;21;1-4;Kungaberg A;Kungaberg;Idrottsvägen 10, 511 71 Fritsla;Y;57.553236;12.793153;Västergötland;football
7;2026-10-03;16:00;133782;Flickor 2014(12 år) Grupp E Höst;3;2;6836098;5;/go-to/?fmid=6836098;Landvetter IF 2003 2014 Vit;https://staticcdn.svenskfotboll.se/img/teamssm/6789.png;7;Örgryte IS Fotboll Röd;https://staticcdn.svenskfotboll.se/img/teamssm/12910.png;7;-1--1;Landvetter IP A-plan 12;Landvetter IP;Tahultsvägen 60, 438 35 Landvetter;Y;57.702382;12.203031;Göteborg;football
21;2026-10-03;16:00;135581;Herrar, Div 6 Skövde;2;4;6580912;4;/go-to/?fmid=6580912;Vretens BK;https://staticcdn.svenskfotboll.se/img/teamssm/9888.png;21;Varnhems IF;https://staticcdn.svenskfotboll.se/img/teamssm/9961.png;21;7-1;Lillegårdens IP, B-plan;Lillegårdens IP;Billingehovsvägen 9, 549 49 Skövde;Y;58.413432;13.849265;Västergötland;football
21;2026-10-03;16:00;135575;Herrar, Div 5 Nordöstra;2;4;6568373;4;/go-to/?fmid=6568373;Vinninga AIF;https://staticcdn.svenskfotboll.se/img/teamssm/8630.png;21;Fagersanna IF;https://staticcdn.svenskfotboll.se/img/teamssm/11399.png;21;2-0;Lindvallen A;Lindvallen;Lindvallen Vinninga AIF, Varavägen, 531 91 Vinninga;Y;58.448978;13.245632;Västergötland;football
21;2026-10-03;16:00;135576;Herrar, Div 5 Sydvästra;2;4;6568986;4;/go-to/?fmid=6568986;Sätila SK;https://staticcdn.svenskfotboll.se/img/teamssm/10140.png;21;Rydboholms SK;https://staticcdn.svenskfotboll.se/img/teamssm/10408.png;21;7-0;Lygnevi A;Lygnevi;Lygnevi, Lygnevivägen, 510 21 Sätila;Y;57.536823;12.428559;Västergötland;football
21;2026-10-03;16:00;135573;Herrar, Div 4 Östra;2;4;6567796;4;/go-to/?fmid=6567796;Skultorps IF;https://staticcdn.svenskfotboll.se/img/teamssm/10298.png;21;Sils IF;https://staticcdn.svenskfotboll.se/img/teamssm/8659.png;21;2-1;Orkanvallen A;Orkanvallen;Sjogerstadsvägen 12, 541 55 Skövde;Y;58.335524;13.818842;Västergötland;football
28;2026-10-03;16:00;135343;Div.3 Dam Bohuslän-Dalsland 2026;3;4;6600010;4;/go-to/?fmid=6600010;IF Viken;https://staticcdn.svenskfotboll.se/img/teamssm/9927.png;28;Orust FC;https://staticcdn.svenskfotboll.se/img/teamssm/12132.png;28;1-2;Rösvallen;Rösvallen;Läroverksgatan, 662 35 Åmål;Y;59.061009;12.691547;Bohuslän-Dalsland;football
21;2026-10-03;16:00;135578;Herrar, Div 6 Herrljunga;2;4;6580781;4;/go-to/?fmid=6580781;Sandhems IF;https://staticcdn.svenskfotboll.se/img/teamssm/10365.png;21;Östadkulle SK;https://staticcdn.svenskfotboll.se/img/teamssm/9743.png;21;6-0;Idrottsparken, Sandhem A-plan;Sandhems Idrottsplats;Vimblavägen 1, 560 42 Sandhem;Y;57.989916;13.766484;Västergötland;football
28;2026-10-03;16:00;135343;Div.3 Dam Bohuslän-Dalsland 2026;3;4;6600012;4;/go-to/?fmid=6600012;Svarteborg/Bullaren;https://staticcdn.svenskfotboll.se/img/teamssm/11459.png;28;Ödsmåls IK;https://staticcdn.svenskfotboll.se/img/teamssm/9771.png;28;2-4;Sjövallen Hällevadsholm;Sjövallen;Strandvägen 1, 450 53 Hällevadsholm;Y;58.579371;11.534672;Bohuslän-Dalsland;football
21;2026-10-03;16:00;135578;Herrar, Div 6 Herrljunga;2;4;6580783;4;/go-to/?fmid=6580783;Folkabo IK;https://staticcdn.svenskfotboll.se/img/teamssm/11361.png;21;Annelunds IF;https://staticcdn.svenskfotboll.se/img/teamssm/11630.png;21;2-5;Skedevallen 1;Skedevallen;Skedevallen, Sandlidsvägen, 522 92 Tidaholm;Y;58.125463;13.837679;Västergötland;football
7;2026-10-03;16:00;133607;Pojkar 2013(13 år) Höst Svår Grupp B;2;3;6829019;4;/go-to/?fmid=6829019;BK Häcken Svart;https://staticcdn.svenskfotboll.se/img/teamssm/11080.png;7;Masthuggets BK 1;https://staticcdn.svenskfotboll.se/img/teamssm/10643.png;7;3-1;Slättadamm 21 konstgräs;Slättadamm;Slättadammsgatan 6, 417 25 Göteborg;Y;57.730565;11.927705;Göteborg;football
21;2026-10-03;16:00;135581;Herrar, Div 6 Skövde;2;4;6580914;4;/go-to/?fmid=6580914;Tibro AIK FK;https://staticcdn.svenskfotboll.se/img/teamssm/7283.png;21;Tidans IF;https://staticcdn.svenskfotboll.se/img/teamssm/10094.png;21;2-3;Sportparken A;Sportparken;Gymnasiegatan 31, 543 32 Tibro;Y;58.413501;14.169710;Västergötland;football
28;2026-10-03;16:00;135343;Div.3 Dam Bohuslän-Dalsland 2026;3;4;6600013;4;/go-to/?fmid=6600013;Vallens IF;https://staticcdn.svenskfotboll.se/img/teamssm/8496.png;28;Herrestads AIF Div.3;https://staticcdn.svenskfotboll.se/img/teamssm/11149.png;28;8-1;Stora Höga IP 11 Konstgräs;Stora Höga IP;Stora Höga, Stenungsunds kommun, Västra Götalands län, 444 60, Sverige;Y;58.014336;11.828450;Bohuslän-Dalsland;football
21;2026-10-03;16:00;135575;Herrar, Div 5 Nordöstra;2;4;6568261;4;/go-to/?fmid=6568261;Torsö BIF;https://staticcdn.svenskfotboll.se/img/teamssm/8644.png;21;Gullspångs IF;https://staticcdn.svenskfotboll.se/img/teamssm/11243.png;21;3-3;Strandvallen A-plan;Strandvallen;Fågelö Stranden 1, 542 91 Torsö;Y;58.800961;13.787441;Västergötland;football
1;2026-10-03;16:00;133339;Ettan Södra, herr 2026;2;4;6538137;4;/go-to/?fmid=6538137;Skövde AIK;https://staticcdn.svenskfotboll.se/img/teamssm/10281.png;21;Utsikten;https://staticcdn.svenskfotboll.se/img/teamssm/13294.png;7;3-2;Södermalms IP A;Södermalms IP;Södermalms idrottsplats, Skaraborgsgatan, Södermalm, Skövde, Skövde kommun, Västra Götalands län, 541 52, Sverige;Y;58.378431;13.840427;1;football
21;2026-10-03;16:00;135573;Herrar, Div 4 Östra;2;4;6567878;4;/go-to/?fmid=6567878;Våmbs IF;https://staticcdn.svenskfotboll.se/img/teamssm/8628.png;21;IFK Hjo;https://staticcdn.svenskfotboll.se/img/teamssm/11007.png;21;3-2;Södermalms IP B;Södermalms IP;Södermalms idrottsplats, Skaraborgsgatan, Södermalm, Skövde, Skövde kommun, Västra Götalands län, 541 52, Sverige;Y;58.378431;13.840427;Västergötland;football
21;2026-10-03;16:00;135576;Herrar, Div 5 Sydvästra;2;4;6569006;4;/go-to/?fmid=6569006;Sandhults SK;https://staticcdn.svenskfotboll.se/img/teamssm/8660.png;21;SK Mjörn;https://staticcdn.svenskfotboll.se/img/teamssm/10625.png;21;2-6;Thåängen A;Thåängen;Thåängen, 1, Tå, Sandhult, Borås kommun, Västra Götalands län, 504 91, Sverige;Y;57.762747;12.823244;Västergötland;football
21;2026-10-03;16:00;135573;Herrar, Div 4 Östra;2;4;6567908;4;/go-to/?fmid=6567908;IFK Tidaholm;https://staticcdn.svenskfotboll.se/img/teamssm/10959.png;21;Falköpings FK;https://staticcdn.svenskfotboll.se/img/teamssm/7983.png;21;2-0;Tidavallen A-plan;Tidavallen;Tidavallen, Malmhultsvägen, Siggestorp, Tidaholm, Tidaholms kommun, Västra Götalands län, 522 37, Sverige;Y;58.171031;13.957982;Västergötland;football
21;2026-10-03;16:00;135575;Herrar, Div 5 Nordöstra;2;4;6568384;4;/go-to/?fmid=6568384;IF Tymer;https://staticcdn.svenskfotboll.se/img/teamssm/10025.png;21;FC Skövde;https://staticcdn.svenskfotboll.se/img/teamssm/12857.png;21;0-1;Timmersdala A;Timmersdala;Timmersdala, Skövde kommun, Västra Götalands län, 540 17, Sverige;Y;58.527719;13.759359;Västergötland;football
7;2026-10-03;16:00;133635;Pojkar 2014(12 år) Grupp G Höst;2;2;6840968;5;/go-to/?fmid=6840968;Finlandia Pallo AIF P14 Vit;https://staticcdn.svenskfotboll.se/img/teamssm/7939.png;7;Romelanda UF;https://staticcdn.svenskfotboll.se/img/teamssm/10427.png;7;-1--1;Tuvevallen 22 Konstgräs;Tuvevallen;Tuvevallen, 417 45 Göteborg;Y;57.750937;11.915436;Göteborg;football
21;2026-10-03;16:00;135575;Herrar, Div 5 Nordöstra;2;4;6568366;4;/go-to/?fmid=6568366;Töreboda IK;https://staticcdn.svenskfotboll.se/img/teamssm/10013.png;21;BK Trix/Mölltorp-Brevik;https://staticcdn.svenskfotboll.se/img/teamssm/7034.png;21;5-2;Töreshov A-plan;Töreshov;Idrottsvägen 29, 545 34 Töreboda;Y;58.707707;14.150274;Västergötland;football
21;2026-10-03;16:00;135573;Herrar, Div 4 Östra;2;4;6567888;4;/go-to/?fmid=6567888;Jula BK;https://staticcdn.svenskfotboll.se/img/teamssm/8693.png;21;Axvalls IF;https://staticcdn.svenskfotboll.se/img/teamssm/8732.png;21;4-1;Ullervads IP A-plan;Ullervads IP;Ullervads handelsträdgård, Fors, Ullervad, Mariestads kommun, Västra Götalands län, Sverige;Y;58.666417;13.854058;Västergötland;football
21;2026-10-03;16:00;135575;Herrar, Div 5 Nordöstra;2;4;6568343;4;/go-to/?fmid=6568343;Mariestads BK;https://staticcdn.svenskfotboll.se/img/teamssm/8679.png;21;IFK Värsås;https://staticcdn.svenskfotboll.se/img/teamssm/10948.png;21;3-2;Vänershofs IP A;Vänershofs IP;Östra Järnvägsgatan 59, 542 33 Mariestad;Y;58.704735;13.837044;Västergötland;football
21;2026-10-03;16:00;135573;Herrar, Div 4 Östra;2;4;6567901;4;/go-to/?fmid=6567901;Götene IF;https://staticcdn.svenskfotboll.se/img/teamssm/8707.png;21;Ulvåkers IF;https://staticcdn.svenskfotboll.se/img/teamssm/10002.png;21;1-0;Västerby IP A-plan;Västerby IP;Västerby idrottsplats, Hökgatan, Götene distrikt, Götene, Götene kommun, Västra Götalands län, 533 33, Sverige;Y;58.525750;13.479589;Västergötland;football
7;2026-10-03;16:00;133577;Pojkar 2011(15 år) Svår Grupp A;2;3;6608365;4;/go-to/?fmid=6608365;Fässbergs IF Lila;https://staticcdn.svenskfotboll.se/img/teamssm/9620.png;7;Västra Frölunda IF Grön;https://staticcdn.svenskfotboll.se/img/teamssm/9853.png;7;5-6;Åbyvallen 2 Konstgräs;Åbyvallen;Idrottsvägen 5, 431 62 Mölndal;Y;57.645363;12.002082;Göteborg;football
7;2026-10-03;16:15;133677;Pojkar 2016(10 år) Grupp A Höst;2;2;6841444;5;/go-to/?fmid=6841444;Brämaregårdens FC Svart;https://staticcdn.svenskfotboll.se/img/teamssm/12563.png;7;Stenkullen GoIK Röd;https://staticcdn.svenskfotboll.se/img/teamssm/10243.png;7;-1--1;Blidvädersplan 12;Blidvädersplan;Ovädersgatan 1A, 418 34 Göteborg;Y;57.707987;11.887592;Göteborg;football
7;2026-10-03;16:15;133709;Pojkar 2017(9 år) Centrum+Härryda+Mölndal+Väster Grupp C Höst;2;2;6847910;5;/go-to/?fmid=6847910;Mölnlycke IF P17 Röd;https://staticcdn.svenskfotboll.se/img/teamssm/10594.png;7;Älvsborg FF P2017 Svart 3;https://staticcdn.svenskfotboll.se/img/teamssm/9622.png;7;-1--1;Djupedalsplan A Konstgräs höger;Djupedals IP;Djupedals Ip, Rullstensvägen 1, 435 41 Mölnlycke;Y;57.652820;12.126316;Göteborg;football
7;2026-10-03;16:15;133527;Junior Pojkar Div 2A;2;3;6538455;4;/go-to/?fmid=6538455;Floda BoIF HJ;https://staticcdn.svenskfotboll.se/img/teamssm/11366.png;7;Lunden Överås BK;https://staticcdn.svenskfotboll.se/img/teamssm/10705.png;7;3-1;Flodala IP 1 Gräs;Flodala IP;Skallsjö Prästväg 14, 448 31 Floda;Y;57.795503;12.346356;Göteborg;football
7;2026-10-03;16:15;133155;Division 7A Herr;2;4;6533622;5;/go-to/?fmid=6533622;Johannebergs IF;https://staticcdn.svenskfotboll.se/img/teamssm/8144.png;7;Götafors BK;https://staticcdn.svenskfotboll.se/img/teamssm/13645.png;7;0-0;Guldheden Södra 1 Konstgräs;Guldheden Södra;Gibraltargatan 41, 412 58 Göteborg;Y;57.681136;11.982964;Göteborg;football
7;2026-10-03;16:15;133811;Flickor 2016(10 år) Grupp B Höst;3;2;6832303;5;/go-to/?fmid=6832303;SG Ruddalen IF Svart;https://staticcdn.svenskfotboll.se/img/teamssm/11284.png;7;Lindome GIF svart;https://staticcdn.svenskfotboll.se/img/teamssm/10741.png;7;-1--1;Ruddalen 21 Konstgräs;Ruddalen;Anna Östvägen 8, 426 68 Västra Frölunda;Y;57.664609;11.909282;Göteborg;football
7;2026-10-03;16:15;133661;Pojkar 2015(11 år) Grupp G Höst;2;2;6850540;5;/go-to/?fmid=6850540;Surte IS FK Svart;https://staticcdn.svenskfotboll.se/img/teamssm/12036.png;7;IK Kongahälla Syd Röd;https://staticcdn.svenskfotboll.se/img/teamssm/9590.png;7;-1--1;Surte IP 22;Surte IP;Idrottsvägen 4, 445 55 Surte;Y;57.836279;12.017412;Göteborg;football
7;2026-10-03;16:15;133609;Pojkar 2013(13 år) Höst Medel Grupp C;2;3;6828781;4;/go-to/?fmid=6828781;Sävedalens IF P2013 Röd;https://staticcdn.svenskfotboll.se/img/teamssm/9545.png;7;Backatorp IF Svart;https://staticcdn.svenskfotboll.se/img/teamssm/11915.png;7;3-7;Vallhamra 22 Konstgräs;Vallhamra IP;Ugglumsleden 48, 433 64 Sävedalen;Y;57.724452;12.079253;Göteborg;football
7;2026-10-03;16:15;133665;Pojkar 2015(11 år) Grupp K Höst;2;2;6850344;5;/go-to/?fmid=6850344;Sävedalens IF blå;https://staticcdn.svenskfotboll.se/img/teamssm/9545.png;7;Götaholms BK Vit;https://staticcdn.svenskfotboll.se/img/teamssm/9615.png;7;-1--1;Vallhamra 21 Konstgräs;Vallhamra IP;Ugglumsleden 48, 433 64 Sävedalen;Y;57.724452;12.079253;Göteborg;football
7;2026-10-03;16:30;133657;Pojkar 2015(11 år) Grupp C Höst;2;2;6845108;5;/go-to/?fmid=6845108;Bergsjö IF;https://staticcdn.svenskfotboll.se/img/teamssm/11586.png;7;GoldCoast FC gul;https://staticcdn.svenskfotboll.se/img/teamssm/13374.png;7;-1--1;Bergsjövallen 22 Konstgräs;Bergsjövallen;Sjustjärnan 20, 415 51 Göteborg;Y;57.750377;12.057010;Göteborg;football
7;2026-10-03;16:30;133656;Pojkar 2015(11 år) Grupp B Höst;2;2;6850425;5;/go-to/?fmid=6850425;Brämaregårdens FC orange 2;https://staticcdn.svenskfotboll.se/img/teamssm/12563.png;7;IK Zenith Turkos;https://staticcdn.svenskfotboll.se/img/teamssm/9829.png;7;-1--1;Blidvädersplan 11;Blidvädersplan;Ovädersgatan 1A, 418 34 Göteborg;Y;57.707987;11.887592;Göteborg;football
7;2026-10-03;16:30;133782;Flickor 2014(12 år) Grupp E Höst;3;2;6836086;5;/go-to/?fmid=6836086;Mölnlycke IF GUL;https://staticcdn.svenskfotboll.se/img/teamssm/10594.png;7;IFK Hindås;https://staticcdn.svenskfotboll.se/img/teamssm/11008.png;7;-1--1;Djupedalsplan A Konstgräs vänster;Djupedals IP;Djupedals Ip, Rullstensvägen 1, 435 41 Mölnlycke;Y;57.652820;12.126316;Göteborg;football
7;2026-10-03;16:30;133588;Pojkar 2012(14 år) Medel Grupp C;2;3;6621472;4;/go-to/?fmid=6621472;IF Mölndal Fotboll Vit;https://staticcdn.svenskfotboll.se/img/teamssm/9569.png;7;IK Kongahälla Vit;https://staticcdn.svenskfotboll.se/img/teamssm/9590.png;7;3-0;Frejaplan 1 K.Gräs;Frejaplan;Fiskargatan, 431 43 Mölndal;Y;57.656471;12.005152;Göteborg;football
7;2026-10-03;16:30;133780;Flickor 2014(12 år) Grupp A Höst;3;2;6834777;5;/go-to/?fmid=6834777;Kållered SK F14;https://staticcdn.svenskfotboll.se/img/teamssm/10787.png;7;Lindome GIF Svartvit;https://staticcdn.svenskfotboll.se/img/teamssm/10741.png;7;-1--1;Kållered Sportcenter 12;Kållered Sportcenter;Tulebovägen 17, 428 34 Kållered;Y;57.611466;12.075548;Göteborg;football
1;2026-10-03;16:30;129332;P19 Div.1 2026 Norra Götaland;2;3;6583504;4;/go-to/?fmid=6583504;Landvetter IS;https://staticcdn.svenskfotboll.se/img/teamssm/10768.png;7;LSW IF;https://staticcdn.svenskfotboll.se/img/teamssm/10249.png;24;7-1;Landvetter IP B-plan;Landvetter IP;Tahultsvägen 60, 438 35 Landvetter;Y;57.702382;12.203031;1;football
7;2026-10-03;16:30;133632;Pojkar 2014(12 år) Grupp D Höst;2;2;6837622;5;/go-to/?fmid=6837622;Azalea BK Röd;https://staticcdn.svenskfotboll.se/img/teamssm/7817.png;7;Västra Frölunda IF Vit;https://staticcdn.svenskfotboll.se/img/teamssm/9853.png;7;-1--1;Majvallen 11 Konstgräs;Majvallen;Ekedalsgatan 20, 414 68 Göteborg;Y;57.689370;11.936171;Göteborg;football
7;2026-10-03;16:30;133632;Pojkar 2014(12 år) Grupp D Höst;2;2;6837624;5;/go-to/?fmid=6837624;Masthuggets BK 2;https://staticcdn.svenskfotboll.se/img/teamssm/10643.png;7;Jitex BK;https://staticcdn.svenskfotboll.se/img/teamssm/7516.png;7;-1--1;Majvallen 12 Konstgräs;Majvallen;Ekedalsgatan 20, 414 68 Göteborg;Y;57.689370;11.936171;Göteborg;football
7;2026-10-03;16:30;133662;Pojkar 2015(11 år) Grupp H Höst;2;2;6846438;5;/go-to/?fmid=6846438;BK Häcken P2015 lag 3 Vit;https://staticcdn.svenskfotboll.se/img/teamssm/11080.png;7;Backatorp IF 1;https://staticcdn.svenskfotboll.se/img/teamssm/11915.png;7;-1--1;Slättadamm 3 konstgräs;Slättadamm;Slättadammsgatan 6, 417 25 Göteborg;Y;57.730565;11.927705;Göteborg;football
7;2026-10-03;16:30;133617;Pojkar 2013(13 år) Höst Lätt Grupp D;2;3;6828602;4;/go-to/?fmid=6828602;Torslanda IK Röd;https://staticcdn.svenskfotboll.se/img/teamssm/10068.png;7;IF Väster P-2013 Orange;https://staticcdn.svenskfotboll.se/img/teamssm/9861.png;7;3-5;Torslandavallen 22 Konstgräs;Torslandavallen;Torslanda Idrottsväg 17, 423 32 Torslanda;Y;57.718280;11.757490;Göteborg;football
7;2026-10-03;16:45;133636;Pojkar 2014(12 år) Grupp H Höst;2;2;6840216;5;/go-to/?fmid=6840216;Öjersjö IF 2;https://staticcdn.svenskfotboll.se/img/teamssm/7552.png;7;Gunnilse IS Svart;https://staticcdn.svenskfotboll.se/img/teamssm/11237.png;7;-1--1;Storegård;Storegård;Ekeblads väg, 433 51 Öjersjö;Y;57.702225;12.142051;Göteborg;football
1;2026-10-03;17:00;133302;F17 Allsvenskan Södra 2026;3;3;6577435;4;/go-to/?fmid=6577435;BK Häcken FF;https://staticcdn.svenskfotboll.se/img/teamssm/9584.png;7;Linköpings FC;https://staticcdn.svenskfotboll.se/img/teamssm/7025.png;24;4-6;Gothia Park 4;Gothia Park;Entreprenadvägen 6, 417 05 Göteborg;Y;57.740380;11.947473;1;football
7;2026-10-03;17:00;133767;Flickor 2012-2013 Stor 9M9 Lätt Gr. C Höst;3;3;6828062;4;/go-to/?fmid=6828062;GAIS F2012;https://staticcdn.svenskfotboll.se/img/teamssm/9614.png;7;Mossens BK/Dalen KFF;https://staticcdn.svenskfotboll.se/img/teamssm/9571.png;7;6-1;Heden 3 Konstgräs;Heden;Heden, 411 38 Göteborg;Y;57.702854;11.978368;Göteborg;football
7;2026-10-03;17:00;133608;Pojkar 2013(13 år) Höst Medel Grupp A;2;3;6828692;4;/go-to/?fmid=6828692;Hovås Billdal IF Röd;https://staticcdn.svenskfotboll.se/img/teamssm/11109.png;7;Partille IF FK Röd;https://staticcdn.svenskfotboll.se/img/teamssm/12478.png;7;3-1;Hovås Billdal Arena 12 Konstgräs;Hovås Billdal Arena;Kruniusvägen, 427 36 Billdal;Y;57.589555;11.946909;Göteborg;football
1;2026-10-03;17:00;138419;P16 Div.1 2026 A-slutspel Norra Götaland;2;3;6911867;4;/go-to/?fmid=6911867;Kinna IF;https://staticcdn.svenskfotboll.se/img/teamssm/10844.png;21;Skövde AIK;https://staticcdn.svenskfotboll.se/img/teamssm/10281.png;21;2-2;Kunskapens Hus, konstgräs;Kunskapens Hus;Kunskapens hus, Varbergsvägen, Skene, Kinna, Marks kommun, Västra Götalands län, 511 56, Sverige;Y;57.497192;12.667653;1;football
7;2026-10-03;17:15;133679;Pojkar 2016(10 år) Grupp C Höst;2;2;6842435;5;/go-to/?fmid=6842435;Älvsborg FF 2;https://staticcdn.svenskfotboll.se/img/teamssm/9622.png;7;Fässbergs IF vit 2016;https://staticcdn.svenskfotboll.se/img/teamssm/9620.png;7;-1--1;Hagenplan 11;Hagenplan;Hagens Prästväg 4, 426 74 Västra Frölunda;Y;57.674967;11.882285;Göteborg;football
1;2026-10-03;17:15;138419;P16 Div.1 2026 A-slutspel Norra Götaland;2;3;6911865;4;/go-to/?fmid=6911865;Ytterby IS;https://staticcdn.svenskfotboll.se/img/teamssm/9832.png;7;Jönköpings Södra IF;https://staticcdn.svenskfotboll.se/img/teamssm/10884.png;15;2-3;Ytterns IP 1 Konstgräs;Ytterns IP;Ytterby, 442 40 Kungälv;Y;57.869280;11.935196;1;football
7;2026-10-03;17:30;133613;Pojkar 2013(13 år) Höst Medel Grupp B;2;3;6828737;4;/go-to/?fmid=6828737;Lundby IF Vit;https://staticcdn.svenskfotboll.se/img/teamssm/11776.png;7;Mölnlycke IF Röd;https://staticcdn.svenskfotboll.se/img/teamssm/10594.png;7;7-5;Fjärdingsplan 11 KG;Fjärdingsplan;Lantmätaregatan 21, 417 06 Göteborg;Y;57.724197;11.939560;Göteborg;football
7;2026-10-03;17:30;133785;Flickor 2014(12 år) Grupp B Höst;3;2;6834866;5;/go-to/?fmid=6834866;Lundby IF;https://staticcdn.svenskfotboll.se/img/teamssm/11776.png;7;IF Warta;https://staticcdn.svenskfotboll.se/img/teamssm/9841.png;7;-1--1;Fjärdingsplan 12 KG;Fjärdingsplan;Lantmätaregatan 21, 417 06 Göteborg;Y;57.724197;11.939560;Göteborg;football
7;2026-10-03;17:30;133575;Pojkar 2011(15 år) Medel Grupp A;2;3;6607781;4;/go-to/?fmid=6607781;Azalea BK Svart;https://staticcdn.svenskfotboll.se/img/teamssm/7817.png;7;BK Häcken Gul;https://staticcdn.svenskfotboll.se/img/teamssm/11080.png;7;1-5;Gröna Vallen 1;Gröna Vallen;Gröna Vallen, Svanebäcksgatan 16, 414 71 Göteborg;Y;57.687961;11.917564;Göteborg;football
7;2026-10-03;17:30;133665;Pojkar 2015(11 år) Grupp K Höst;2;2;6850343;5;/go-to/?fmid=6850343;Sävedalens IF röd;https://staticcdn.svenskfotboll.se/img/teamssm/9545.png;7;Öjersjö IF 1;https://staticcdn.svenskfotboll.se/img/teamssm/7552.png;7;-1--1;Vallhamra 21 Konstgräs;Vallhamra IP;Ugglumsleden 48, 433 64 Sävedalen;Y;57.724452;12.079253;Göteborg;football
7;2026-10-03;17:30;133760;Flickor 2012-2013 Liten 9M9 Medel Gr. A Höst;3;3;6828204;4;/go-to/?fmid=6828204;Nödinge SK Fotboll Blå;https://staticcdn.svenskfotboll.se/img/teamssm/10503.png;7;Romelanda UF/KFF 2;https://staticcdn.svenskfotboll.se/img/teamssm/10427.png;7;3-9;Vimmervi 21 Konstgräs;Vimmervi;Gamla Kilandavägen 62, 449 36 Nödinge;Y;57.886226;12.080329;Göteborg;football
7;2026-10-03;17:45;133632;Pojkar 2014(12 år) Grupp D Höst;2;2;6837625;5;/go-to/?fmid=6837625;Masthuggets BK Rödsvart;https://staticcdn.svenskfotboll.se/img/teamssm/10643.png;7;Landvetter IS P2014 Grön;https://staticcdn.svenskfotboll.se/img/teamssm/10768.png;7;-1--1;Majvallen 12 Konstgräs;Majvallen;Ekedalsgatan 20, 414 68 Göteborg;Y;57.689370;11.936171;Göteborg;football
7;2026-10-03;17:45;133662;Pojkar 2015(11 år) Grupp H Höst;2;2;6846439;5;/go-to/?fmid=6846439;BK Häcken Röd;https://staticcdn.svenskfotboll.se/img/teamssm/11080.png;7;Backatorp IF 2;https://staticcdn.svenskfotboll.se/img/teamssm/11915.png;7;-1--1;Slättadamm 3 konstgräs;Slättadamm;Slättadammsgatan 6, 417 25 Göteborg;Y;57.730565;11.927705;Göteborg;football
1;2026-10-03;18:00;133297;F17 Div.1 2026 - Götaland Norra;3;3;6590949;4;/go-to/?fmid=6590949;FC Trollhättan;https://staticcdn.svenskfotboll.se/img/teamssm/6983.png;21;IF Hallby FK;https://staticcdn.svenskfotboll.se/img/teamssm/6939.png;15;3-0;Edsborgs IP Konstgräs;Edsborgs IP;Edsborgs idrottsplats, Solrosvägen, Stavre, Trollhättan, Trollhättans kommun, Västra Götalands län, 461 43, Sverige;Y;58.290180;12.312179;1;football
7;2026-10-03;18:00;133617;Pojkar 2013(13 år) Höst Lätt Grupp D;2;3;6828601;4;/go-to/?fmid=6828601;Björndammens BK Blå;https://staticcdn.svenskfotboll.se/img/teamssm/9638.png;7;IK Zenith Vit;https://staticcdn.svenskfotboll.se/img/teamssm/9829.png;7;1-7;Furulundsplan 12 Konstgräs;Furulundsplan;Furulundsplan, Timmervägen, 433 47 Partille;Y;57.727253;12.129716;Göteborg;football
7;2026-10-03;18:15;138261;Pojkar 2013(13 år) Höst Medel Grupp F;2;3;6828956;4;/go-to/?fmid=6828956;Landvetter IS Vit P2013;https://staticcdn.svenskfotboll.se/img/teamssm/10768.png;7;Jonsereds IF;https://staticcdn.svenskfotboll.se/img/teamssm/9595.png;7;1-2;Landvetter IP B-plan 22;Landvetter IP;Tahultsvägen 60, 438 35 Landvetter;Y;57.702382;12.203031;Göteborg;football
7;2026-10-03;18:15;133150;Division 5A Herr;2;4;6532421;4;/go-to/?fmid=6532421;Lundby IF;https://staticcdn.svenskfotboll.se/img/teamssm/11776.png;7;Riyyo Atletic FC;https://staticcdn.svenskfotboll.se/img/teamssm/13557.png;7;2-7;Nordic Wellness Arena;Nordic Wellness Arena;Inlandsgatan 48, 417 15 Göteborg;Y;57.719843;11.932408;Göteborg;football
28;2026-10-03;18:30;136231;BDFF P10-12 Blå Nordöstra;2;2;6739918;3;/go-to/?fmid=6739918;Laxarby IF P10 P11;https://staticcdn.svenskfotboll.se/img/teamssm/8493.png;28;Frändefors IF 1;https://staticcdn.svenskfotboll.se/img/teamssm/11337.png;28;-1--1;Bergevi IP;Bergevi IP;Bergevi IP, 666 92 Bengtsfors;Y;59.035714;12.325592;Bohuslän-Dalsland;football
7;2026-10-04;00:00;133685;Pojkar 2016(10 år) Grupp I Höst;2;2;6907902;5;/go-to/?fmid=6907902;Hisingsbacka FC Svart;https://staticcdn.svenskfotboll.se/img/teamssm/11138.png;7;Utbynäs SK Vit;https://staticcdn.svenskfotboll.se/img/teamssm/9983.png;7;-1--1;Backavallen 22(Gratts Arena);Backavallen;Wadköpingsgatan 153, 422 51 Hisings Backa;Y;57.745322;11.967003;Göteborg;football
7;2026-10-04;00:00;133685;Pojkar 2016(10 år) Grupp I Höst;2;2;6907903;5;/go-to/?fmid=6907903;Hisingsbacka FC Vit;https://staticcdn.svenskfotboll.se/img/teamssm/11138.png;7;Utbynäs SK Svart;https://staticcdn.svenskfotboll.se/img/teamssm/9983.png;7;-1--1;Backavallen 22(Gratts Arena);Backavallen;Wadköpingsgatan 153, 422 51 Hisings Backa;Y;57.745322;11.967003;Göteborg;football
7;2026-10-04;00:00;133684;Pojkar 2016(10 år) Grupp H Höst;2;2;6907720;5;/go-to/?fmid=6907720;Sävedalens IF Orange;https://staticcdn.svenskfotboll.se/img/teamssm/9545.png;7;Qviding FIF Vinröd 1;https://staticcdn.svenskfotboll.se/img/teamssm/8089.png;7;-1--1;Furulundsplan 11 Konstgräs;Furulundsplan;Furulundsplan, Timmervägen, 433 47 Partille;Y;57.727253;12.129716;Göteborg;football
7;2026-10-04;00:00;133812;Flickor 2016(10 år) Grupp C Höst;3;2;6829974;5;/go-to/?fmid=6829974;Balltorps FF Vit;https://staticcdn.svenskfotboll.se/img/teamssm/8047.png;7;Balltorps FF Röd;https://staticcdn.svenskfotboll.se/img/teamssm/8047.png;7;-1--1;Förbovallen 12;Förbovallen;Ålegårdsgatan 297, 431 50 Mölndal;Y;57.625892;12.021226;Göteborg;football
7;2026-10-04;00:00;133686;Pojkar 2016(10 år) Grupp J Höst;2;2;6908157;5;/go-to/?fmid=6908157;GAIS 3;https://staticcdn.svenskfotboll.se/img/teamssm/9614.png;7;Assyriska BK Vit;https://staticcdn.svenskfotboll.se/img/teamssm/9608.png;7;-1--1;Gaisgården 22;Gaisgården;Gamla Boråsvägen 75, 412 76 Göteborg;Y;57.680427;12.029061;Göteborg;football
7;2026-10-04;00:00;133685;Pojkar 2016(10 år) Grupp I Höst;2;2;6907900;5;/go-to/?fmid=6907900;Qviding FIF Vinröd 3;https://staticcdn.svenskfotboll.se/img/teamssm/8089.png;7;Jonsereds IF P16 Blå;https://staticcdn.svenskfotboll.se/img/teamssm/9595.png;7;-1--1;Härlanda 21;Härlanda Park;Härlanda Park 6B, 416 52 Göteborg;Y;57.716492;12.017055;Göteborg;football
7;2026-10-04;00:00;133684;Pojkar 2016(10 år) Grupp H Höst;2;2;6907717;5;/go-to/?fmid=6907717;Jonsereds IF P16 Svart;https://staticcdn.svenskfotboll.se/img/teamssm/9595.png;7;Sävedalens IF Vit;https://staticcdn.svenskfotboll.se/img/teamssm/9545.png;7;-1--1;Jonsereds IP III;Jonsereds IP;Jons väg 23, 433 75 Jonsered;Y;57.746215;12.169063;Göteborg;football
7;2026-10-04;00:00;133684;Pojkar 2016(10 år) Grupp H Höst;2;2;6907718;5;/go-to/?fmid=6907718;Jonsereds IF P16 Gul;https://staticcdn.svenskfotboll.se/img/teamssm/9595.png;7;Sävedalens IF Röd;https://staticcdn.svenskfotboll.se/img/teamssm/9545.png;7;-1--1;Jonsereds IP III;Jonsereds IP;Jons väg 23, 433 75 Jonsered;Y;57.746215;12.169063;Göteborg;football
7;2026-10-04;00:00;133677;Pojkar 2016(10 år) Grupp A Höst;2;2;6841437;5;/go-to/?fmid=6841437;Masthuggets BK Röd;https://staticcdn.svenskfotboll.se/img/teamssm/10643.png;7;Marieholm IK Svart;https://staticcdn.svenskfotboll.se/img/teamssm/13640.png;7;-1--1;Karl Johans Torg 12;Karl Johans Torg;Karl Johanstorget 1, 414 61 Göteborg;Y;57.694518;11.929255;Göteborg;football
7;2026-10-04;00:00;136461;Fotbollsligan 7M7 Herr Höst GrpB;2;5;6829521;5;/go-to/?fmid=6829521;SKIF Semberija;https://staticcdn.svenskfotboll.se/img/teamssm/7595.png;7;Hermansby IF;https://staticcdn.svenskfotboll.se/img/teamssm/11150.png;7;0-0;Kortedalavallen 3;Kortedalavallen;Kortedala Idrottsväg 13, 415 37 Göteborg;Y;57.751830;12.040079;Göteborg;football
7;2026-10-04;00:00;133686;Pojkar 2016(10 år) Grupp J Höst;2;2;6908156;5;/go-to/?fmid=6908156;Espanyol Göteborg IF Blå;https://staticcdn.svenskfotboll.se/img/teamssm/13418.png;7;Västra Frölunda IF;https://staticcdn.svenskfotboll.se/img/teamssm/9853.png;7;-1--1;Kortedalavallen 3;Kortedalavallen;Kortedala Idrottsväg 13, 415 37 Göteborg;Y;57.751830;12.040079;Göteborg;football
21;2026-10-04;00:00;137592;Pojkar Div 13 Ulricehamn;2;2;6780147;3;/go-to/?fmid=6780147;Borgstena IF;https://staticcdn.svenskfotboll.se/img/teamssm/11539.png;21;Tranemo IF Fotboll Vit;https://staticcdn.svenskfotboll.se/img/teamssm/10061.png;21;-1--1;Nosseborg;Nosseborg;Länsvägen 2, 513 70 Borgstena;Y;57.883171;13.020792;Västergötland;football
7;2026-10-04;00:00;133686;Pojkar 2016(10 år) Grupp J Höst;2;2;6908159;5;/go-to/?fmid=6908159;Assyriska BK Röd;https://staticcdn.svenskfotboll.se/img/teamssm/9608.png;7;BK Häcken P2016 Lag 1 Svart;https://staticcdn.svenskfotboll.se/img/teamssm/11080.png;7;-1--1;Ruddalen 7M7 nr 4 Konstgräs;Ruddalen;Anna Östvägen 8, 426 68 Västra Frölunda;Y;57.664609;11.909282;Göteborg;football
7;2026-10-04;00:00;133686;Pojkar 2016(10 år) Grupp J Höst;2;2;6908158;5;/go-to/?fmid=6908158;BK Häcken P2016 lag 2 Gul;https://staticcdn.svenskfotboll.se/img/teamssm/11080.png;7;Azalea BK P2016 Orange;https://staticcdn.svenskfotboll.se/img/teamssm/7817.png;7;-1--1;Slättadamm 4 Gräs 7-manna;Slättadamm;Slättadammsgatan 6, 417 25 Göteborg;N;57.730565;11.927705;Göteborg;football
28;2026-10-04;00:00;136233;BDFF P10-12 Svart;2;2;6734580;3;/go-to/?fmid=6734580;Herrestads AIF P2014 Orange;https://staticcdn.svenskfotboll.se/img/teamssm/11149.png;28;Herrestads AIF P2015 Orange;https://staticcdn.svenskfotboll.se/img/teamssm/11149.png;28;-1--1;Undavallen;Undavallen;Stan 101, 451 94 Uddevalla;Y;58.336300;11.826976;Bohuslän-Dalsland;football
7;2026-10-04;09:00;133685;Pojkar 2016(10 år) Grupp I Höst;2;2;6907898;5;/go-to/?fmid=6907898;Lerums IS Vit 2;https://staticcdn.svenskfotboll.se/img/teamssm/10756.png;7;Bergums IF Blå;https://staticcdn.svenskfotboll.se/img/teamssm/11584.png;7;-1--1;Hulan;Hulan;Lilla Bråtavägen, 443 51 Lerum;Y;57.750361;12.243393;Göteborg;football
7;2026-10-04;09:00;133685;Pojkar 2016(10 år) Grupp I Höst;2;2;6907899;5;/go-to/?fmid=6907899;Lerums IS Vit 1;https://staticcdn.svenskfotboll.se/img/teamssm/10756.png;7;Angereds IS;https://staticcdn.svenskfotboll.se/img/teamssm/12744.png;7;-1--1;Hulan;Hulan;Lilla Bråtavägen, 443 51 Lerum;Y;57.750361;12.243393;Göteborg;football
7;2026-10-04;09:00;133795;Flickor 2015(11 år) Grupp B Höst;3;2;6838844;5;/go-to/?fmid=6838844;Landvetter IF 2003 A;https://staticcdn.svenskfotboll.se/img/teamssm/6789.png;7;Näsets SK 1;https://staticcdn.svenskfotboll.se/img/teamssm/10510.png;7;-1--1;Landvetter IP A-plan 11;Landvetter IP;Tahultsvägen 60, 438 35 Landvetter;Y;57.702382;12.203031;Göteborg;football
7;2026-10-04;09:15;133677;Pojkar 2016(10 år) Grupp A Höst;2;2;6841438;5;/go-to/?fmid=6841438;Masthuggets BK Blå;https://staticcdn.svenskfotboll.se/img/teamssm/10643.png;7;Brämaregårdens FC;https://staticcdn.svenskfotboll.se/img/teamssm/12563.png;7;-1--1;Karl Johans Torg 11;Karl Johans Torg;Karl Johanstorget 1, 414 61 Göteborg;Y;57.694518;11.929255;Göteborg;football
7;2026-10-04;09:30;133710;Pojkar 2017(9 år) Centrum+Härryda+Mölndal+Väster Grupp D Höst;2;2;6848165;5;/go-to/?fmid=6848165;Masthuggets BK 3;https://staticcdn.svenskfotboll.se/img/teamssm/10643.png;7;Hällesåker IF;https://staticcdn.svenskfotboll.se/img/teamssm/9605.png;7;-1--1;Karl Johans Torg 12;Karl Johans Torg;Karl Johanstorget 1, 414 61 Göteborg;Y;57.694518;11.929255;Göteborg;football
7;2026-10-04;09:30;133709;Pojkar 2017(9 år) Centrum+Härryda+Mölndal+Väster Grupp C Höst;2;2;6847906;5;/go-to/?fmid=6847906;Mölnlycke IS Ungdom 2;https://staticcdn.svenskfotboll.se/img/teamssm/13695.png;7;Landvetter IS Vit P2017(9år);https://staticcdn.svenskfotboll.se/img/teamssm/10768.png;7;-1--1;Mölnlycke IP höger;Mölnlycke IP;Idrottsgatan 1, 435 35 Mölnlycke;Y;57.660896;12.119026;Göteborg;football
21;2026-10-04;10:00;135592;Damer, Div 5 Västra;3;4;6582900;4;/go-to/?fmid=6582900;Främmestad/Elmer-Fåglum/Nossebro U (9:9);https://staticcdn.svenskfotboll.se/img/teamssm/11338.png;21;Vara SK U (9:9);https://staticcdn.svenskfotboll.se/img/teamssm/9966.png;21;1-2;Bergevi IP A-plan;Bergevi IP;Främmestadsvägen 53, 465 97 Nossebro;Y;58.237928;12.680546;Västergötland;football
7;2026-10-04;10:00;133831;Flickor 2017(9 år) Ale+Kungälv Höst;3;2;6836750;5;/go-to/?fmid=6836750;Kareby IS F17/18 Blå;https://staticcdn.svenskfotboll.se/img/teamssm/10872.png;7;Surte IS FK F17;https://staticcdn.svenskfotboll.se/img/teamssm/12036.png;7;-1--1;Kareby Hed 11;Kareby Hed;442 46 Kareby;Y;57.903192;11.928436;Göteborg;football
7;2026-10-04;10:00;133831;Flickor 2017(9 år) Ale+Kungälv Höst;3;2;6836751;5;/go-to/?fmid=6836751;Kareby IS F17/18 Röd;https://staticcdn.svenskfotboll.se/img/teamssm/10872.png;7;IK Kongahälla 1;https://staticcdn.svenskfotboll.se/img/teamssm/9590.png;7;-1--1;Kareby Hed 12;Kareby Hed;442 46 Kareby;Y;57.903192;11.928436;Göteborg;football
7;2026-10-04;10:00;133795;Flickor 2015(11 år) Grupp B Höst;3;2;6838845;5;/go-to/?fmid=6838845;Landvetter IF 2003 B;https://staticcdn.svenskfotboll.se/img/teamssm/6789.png;7;Näsets SK 2;https://staticcdn.svenskfotboll.se/img/teamssm/10510.png;7;-1--1;Landvetter IP A-plan 12;Landvetter IP;Tahultsvägen 60, 438 35 Landvetter;Y;57.702382;12.203031;Göteborg;football
8;2026-10-04;10:00;136533;P10år Blå Norr;2;2;6738538;5;/go-to/?fmid=6738538;Varbergs BoIS FC Svart;https://staticcdn.svenskfotboll.se/img/teamssm/7701.png;8;IFK Fjärås Röd;https://staticcdn.svenskfotboll.se/img/teamssm/9511.png;8;-1--1;Påskbergsvallen Sahara;Påskbergsvallen;Påskbergsvallen, Kattegattsvägen, Mariedal, Sörse, Varberg, Varbergs kommun, Hallands län, 432 43, Sverige;Y;57.097747;12.265223;Halland;football
7;2026-10-04;10:00;133706;Pojkar 2017(9 år) Hisingen+Öckerö Grupp B Höst;2;2;6848427;5;/go-to/?fmid=6848427;BK Häcken P2017 lag 3 Vit;https://staticcdn.svenskfotboll.se/img/teamssm/11080.png;7;Kärra KIF Svart;https://staticcdn.svenskfotboll.se/img/teamssm/10780.png;7;-1--1;Slättadamm 22 konstgräs;Slättadamm;Slättadammsgatan 6, 417 25 Göteborg;Y;57.730565;11.927705;Göteborg;football
7;2026-10-04;10:00;133706;Pojkar 2017(9 år) Hisingen+Öckerö Grupp B Höst;2;2;6848428;5;/go-to/?fmid=6848428;BK Häcken P2017 lag 4 Röd;https://staticcdn.svenskfotboll.se/img/teamssm/11080.png;7;Kärra KIF Röd;https://staticcdn.svenskfotboll.se/img/teamssm/10780.png;7;-1--1;Slättadamm 21 konstgräs;Slättadamm;Slättadammsgatan 6, 417 25 Göteborg;Y;57.730565;11.927705;Göteborg;football
7;2026-10-04;10:00;133785;Flickor 2014(12 år) Grupp B Höst;3;2;6834864;5;/go-to/?fmid=6834864;Nödinge SK Fotboll Gul;https://staticcdn.svenskfotboll.se/img/teamssm/10503.png;7;IK Kongahälla;https://staticcdn.svenskfotboll.se/img/teamssm/9590.png;7;-1--1;Vimmervi 22 Konstgräs;Vimmervi;Gamla Kilandavägen 62, 449 36 Nödinge;Y;57.886226;12.080329;Göteborg;football
7;2026-10-04;10:00;133798;Flickor 2015(11 år) Grupp D Höst;3;2;6840688;5;/go-to/?fmid=6840688;Ytterby IS Vit;https://staticcdn.svenskfotboll.se/img/teamssm/9832.png;7;Hönö IS F15 HBH Svart;https://staticcdn.svenskfotboll.se/img/teamssm/11038.png;7;-1--1;Ytterns IP 42;Ytterns IP;Ytterby, 442 40 Kungälv;Y;57.869280;11.935196;Göteborg;football
7;2026-10-04;10:00;133713;Pojkar 2017(9 år) Ale+Kungälv Grupp A Höst;2;2;6846645;5;/go-to/?fmid=6846645;Ytterby IS Röd;https://staticcdn.svenskfotboll.se/img/teamssm/9832.png;7;Nol IK 1;https://staticcdn.svenskfotboll.se/img/teamssm/10573.png;7;-1--1;Ytterns IP 43;Ytterns IP;Ytterby, 442 40 Kungälv;Y;57.869280;11.935196;Göteborg;football
8;2026-10-04;10:00;136435;F10år Norr;3;2;6737744;5;/go-to/?fmid=6737744;IFK Fjärås;https://staticcdn.svenskfotboll.se/img/teamssm/9511.png;8;Varbergs BoIS FC Grön;https://staticcdn.svenskfotboll.se/img/teamssm/7701.png;8;-1--1;Ögärdets IP C;Ögärdets IP;Klövervägen 2A, 439 71 Fjärås;Y;57.459731;12.184603;Halland;football
7;2026-10-04;10:00;133631;Pojkar 2014(12 år) Grupp C Höst;2;2;6838440;5;/go-to/?fmid=6838440;Öjersjö IF 3;https://staticcdn.svenskfotboll.se/img/teamssm/7552.png;7;Qviding FIF Svart 2;https://staticcdn.svenskfotboll.se/img/teamssm/8089.png;7;-1--1;Öjersjö IP 11 Konstgräs;Öjersjö IP;Tallmossevägen 9, 433 50 Öjersjö;Y;57.702889;12.149245;Göteborg;football
7;2026-10-04;10:00;133680;Pojkar 2016(10 år) Grupp D Höst;2;2;6843243;5;/go-to/?fmid=6843243;IF Väster Grön;https://staticcdn.svenskfotboll.se/img/teamssm/9861.png;7;Lindome GIF P2016 1;https://staticcdn.svenskfotboll.se/img/teamssm/10741.png;7;-1--1;Önneredsplan 2;Önneredsplan;Ersåsgatan 2, 421 59 Västra Frölunda;Y;57.637219;11.884878;Göteborg;football
8;2026-10-04;10:00;136546;F12år Blå;3;2;6902156;5;/go-to/?fmid=6902156;Lilla Träslövs FF;https://staticcdn.svenskfotboll.se/img/teamssm/9502.png;8;Trönninge IF;https://staticcdn.svenskfotboll.se/img/teamssm/9484.png;8;-1--1;Östervi 2;Östervi;Östervi Idrottsplats, Engelbrektsgatan, Karlberg, Prästkullen, Varberg, Varbergs kommun, Hallands län, 432 31, Sverige;Y;57.104636;12.282999;Halland;football
8;2026-10-04;10:15;137649;P14år Vit;2;3;6781229;4;/go-to/?fmid=6781229;BK Astrio 3;https://staticcdn.svenskfotboll.se/img/teamssm/9529.png;8;Varbergs BoIS FC Svart;https://staticcdn.svenskfotboll.se/img/teamssm/7701.png;8;4-2;Söndrums IP C;Söndrums IP;Söndrums Idrottsplats, Bäckagårdsvägen, Pålsbo, Bäckagård, Halmstad, Halmstads kommun, Hallands län, 302 91, Sverige;Y;56.670271;12.797138;Halland;football
7;2026-10-04;10:30;133632;Pojkar 2014(12 år) Grupp D Höst;2;2;6837629;5;/go-to/?fmid=6837629;Älvsborg FF P2014 - 2 Orange;https://staticcdn.svenskfotboll.se/img/teamssm/9622.png;7;IF Mölndal Fotboll röd;https://staticcdn.svenskfotboll.se/img/teamssm/9569.png;7;-1--1;Hagenplan 11;Hagenplan;Hagens Prästväg 4, 426 74 Västra Frölunda;Y;57.674967;11.882285;Göteborg;football
28;2026-10-04;10:30;137167;BDFF P10-12 Blå Mellersta Västra;2;2;6740084;5;/go-to/?fmid=6740084;Sotenäs Fotboll Södra 1;https://staticcdn.svenskfotboll.se/img/teamssm/10801.png;28;Vallens IF P2014 blå;https://staticcdn.svenskfotboll.se/img/teamssm/8496.png;28;-1--1;Himlavallen;Himlavallen;Himlavallen, Bäckeviksgatan, Bäckevik, Kungshamn, Sotenäs kommun, Västra Götalands län, 456 31, Sverige;Y;58.365254;11.255887;Bohuslän-Dalsland;football
7;2026-10-04;10:30;133612;Pojkar 2013(13 år) Höst Lätt Grupp A;2;3;6827624;4;/go-to/?fmid=6827624;Ahlafors IF;https://staticcdn.svenskfotboll.se/img/teamssm/11662.png;7;IF Mölndal Fotboll vit;https://staticcdn.svenskfotboll.se/img/teamssm/9569.png;7;3-5;Svenska Stenhus Arena 32;Sjövallen IP;Sjövallavägen 111, 449 50 Alafors;Y;57.915942;12.107763;Göteborg;football
8;2026-10-04;10:30;137618;F14år Röd;3;3;6778828;4;/go-to/?fmid=6778828;Trönninge IF;https://staticcdn.svenskfotboll.se/img/teamssm/9484.png;8;IF Centern;https://staticcdn.svenskfotboll.se/img/teamssm/9527.png;8;0-1;Tuvasvallen A1;Tuvasvallen;Tuvasvägen 3, 302 65 Halmstad;Y;56.615975;12.931638;Halland;football
8;2026-10-04;10:30;139377;P14år Röd C Höst;2;3;6888018;5;/go-to/?fmid=6888018;Trönninge IF;https://staticcdn.svenskfotboll.se/img/teamssm/9484.png;8;Träslövsläge IF;https://staticcdn.svenskfotboll.se/img/teamssm/10045.png;8;0-0;Tuvasvallen A1;Tuvasvallen;Tuvasvägen 3, 302 65 Halmstad;Y;56.615975;12.931638;Halland;football
7;2026-10-04;10:30;133657;Pojkar 2015(11 år) Grupp C Höst;2;2;6845111;5;/go-to/?fmid=6845111;Sävedalens IF gul;https://staticcdn.svenskfotboll.se/img/teamssm/9545.png;7;Tollereds IF P-15;https://staticcdn.svenskfotboll.se/img/teamssm/10081.png;7;-1--1;Vallhamra 21 Konstgräs;Vallhamra IP;Ugglumsleden 48, 433 64 Sävedalen;Y;57.724452;12.079253;Göteborg;football
7;2026-10-04;10:30;138261;Pojkar 2013(13 år) Höst Medel Grupp F;2;3;6828954;4;/go-to/?fmid=6828954;Örgryte IS Fotboll Röd;https://staticcdn.svenskfotboll.se/img/teamssm/12910.png;7;Espanyol Göteborg IF;https://staticcdn.svenskfotboll.se/img/teamssm/13418.png;7;6-7;ÖIS-gården 21;ÖIS-gården;Korndalsvägen 3, 412 76 Göteborg;Y;57.675233;12.028495;Göteborg;football
7;2026-10-04;10:45;133663;Pojkar 2015(11 år) Grupp I Höst;2;2;6846542;5;/go-to/?fmid=6846542;Utbynäs FF Svart;https://staticcdn.svenskfotboll.se/img/teamssm/6688.png;7;Backatorp IF 3;https://staticcdn.svenskfotboll.se/img/teamssm/11915.png;7;-1--1;Kviberg 91;Kviberg;Luftvärnsvägen, 415 06 Göteborg;Y;57.737550;12.038540;Göteborg;football
7;2026-10-04;10:45;133781;Flickor 2014(12 år) Grupp D Höst;3;2;6835500;5;/go-to/?fmid=6835500;Lindome GIF Vit;https://staticcdn.svenskfotboll.se/img/teamssm/10741.png;7;Floda BoIF F2014;https://staticcdn.svenskfotboll.se/img/teamssm/11366.png;7;-1--1;Lindevi 22 gräs;Lindevi IP;Hällesåkersvägen 5, 437 91 Lindome;Y;57.585286;12.108877;Göteborg;football
7;2026-10-04;10:45;133709;Pojkar 2017(9 år) Centrum+Härryda+Mölndal+Väster Grupp C Höst;2;2;6847905;5;/go-to/?fmid=6847905;Mölnlycke IS Ungdom 1;https://staticcdn.svenskfotboll.se/img/teamssm/13695.png;7;Landvetter IS P2017 röd;https://staticcdn.svenskfotboll.se/img/teamssm/10768.png;7;-1--1;Mölnlycke IP höger;Mölnlycke IP;Idrottsgatan 1, 435 35 Mölnlycke;Y;57.660896;12.119026;Göteborg;football
8;2026-10-04;10:45;139378;P14år Röd B Höst;2;3;6887982;4;/go-to/?fmid=6887982;Snöstorp Nyhem FF;https://staticcdn.svenskfotboll.se/img/teamssm/7704.png;8;Skottorps IF Grön;https://staticcdn.svenskfotboll.se/img/teamssm/10302.png;8;8-1;Skedalaheds IP 5;Skedalaheds IP;Skedalahed 114, 305 93 Halmstad;Y;56.686715;12.945246;Halland;football
7;2026-10-04;10:45;133831;Flickor 2017(9 år) Ale+Kungälv Höst;3;2;6836755;5;/go-to/?fmid=6836755;Ytterby IS F2017 Blå 2;https://staticcdn.svenskfotboll.se/img/teamssm/9832.png;7;Älvängens IK F17 vit;https://staticcdn.svenskfotboll.se/img/teamssm/9783.png;7;-1--1;Ytterns IP 41;Ytterns IP;Ytterby, 442 40 Kungälv;Y;57.869280;11.935196;Göteborg;football
21;2026-10-04;11:00;136749;Flickor Div 5 Borås;3;3;6862753;4;/go-to/?fmid=6862753;Hestrafors IF;https://staticcdn.svenskfotboll.se/img/teamssm/11145.png;21;Ulricehamns IFK Blå;https://staticcdn.svenskfotboll.se/img/teamssm/7738.png;21;5-4;Bollevi;Bollevi;BRANDSHED 44, 517 92 Bollebygd;Y;57.710389;12.582741;Västergötland;football
21;2026-10-04;11:00;136523;Flickor Div 2 Borås;3;3;6715325;4;/go-to/?fmid=6715325;Brämhults IK;https://staticcdn.svenskfotboll.se/img/teamssm/8727.png;21;Hestrafors IF (9:9);https://staticcdn.svenskfotboll.se/img/teamssm/11145.png;21;6-0;Brämhults IP A;Brämhults IP;Gamla Brämhultsvägen, Hässleholmen, Borås, Borås kommun, Västra Götalands län, 507 44, Sverige;Y;57.726346;12.970209;Västergötland;football
21;2026-10-04;11:00;136749;Flickor Div 5 Borås;3;3;6725195;4;/go-to/?fmid=6725195;Brämhults IK;https://staticcdn.svenskfotboll.se/img/teamssm/8727.png;21;Svenljunga IK;https://staticcdn.svenskfotboll.se/img/teamssm/10153.png;21;7-1;Brämhults IP B;Brämhults IP;Gamla Brämhultsvägen, Hässleholmen, Borås, Borås kommun, Västra Götalands län, 507 44, Sverige;Y;57.726346;12.970209;Västergötland;football
21;2026-10-04;11:00;137605;Flickor Div 6 Ulricehamn;3;2;6783022;5;/go-to/?fmid=6783022;Brämhults IK Vit;https://staticcdn.svenskfotboll.se/img/teamssm/8727.png;21;Gånghester/Målsryd Gul;https://staticcdn.svenskfotboll.se/img/teamssm/8709.png;21;-1--1;Brämhults IP C;Brämhults IP;Gamla Brämhultsvägen, Hässleholmen, Borås, Borås kommun, Västra Götalands län, 507 44, Sverige;Y;57.726346;12.970209;Västergötland;football
21;2026-10-04;11:00;137623;Flickor Div 8 Kinna;3;2;6895995;5;/go-to/?fmid=6895995;Rävlanda AIS;https://staticcdn.svenskfotboll.se/img/teamssm/10390.png;21;IFK Örby;https://staticcdn.svenskfotboll.se/img/teamssm/10940.png;21;-1--1;Bråtaredsvallen 11;Bråtaredsvallen;Bråtaredsvallen, 438 52 Rävlanda;Y;57.658014;12.492537;Västergötland;football
21;2026-10-04;11:00;136517;Pojkar Div 5 Mark;2;3;6709825;5;/go-to/?fmid=6709825;Byttorps IF;https://staticcdn.svenskfotboll.se/img/teamssm/11498.png;21;Ubbhults/Hällingsjö/Hyssna;https://staticcdn.svenskfotboll.se/img/teamssm/8636.png;21;0-0;Byttorps IP A Konstgräs;Byttorps IP;Byttorps idrottsplats, Klingarevägen, Byttorp, Borås, Borås kommun, Västra Götalands län, 504 65, Sverige;Y;57.724228;12.900785;Västergötland;football
28;2026-10-04;11:00;135696;BDFF P13-14 Grön Mellersta;2;3;6653038;4;/go-to/?fmid=6653038;Fjällbacka IK;https://staticcdn.svenskfotboll.se/img/teamssm/11373.png;28;Frändefors/Brålanda Lag 2;https://staticcdn.svenskfotboll.se/img/teamssm/11337.png;28;2-11;Fjällbacka IP Fjällbacka;Fjällbacka IP Fjällbacka;Fjällbacka idrottsplats, Kullenvägen, Fjällbacka, Tanums kommun, Västra Götalands län, 450 71, Sverige;Y;58.588392;11.291398;Bohuslän-Dalsland;football
21;2026-10-04;11:00;136738;Pojkar Div 8 Trollhättan;2;3;6724354;4;/go-to/?fmid=6724354;Skepplanda BTK;https://staticcdn.svenskfotboll.se/img/teamssm/10314.png;21;Lödöse Nygård IK;https://staticcdn.svenskfotboll.se/img/teamssm/8670.png;21;12-0;Forsvallen B-plan;Forsvallen IP;Vadbacka 125, 446 94 Skepplanda;Y;57.977314;12.195539;Västergötland;football
28;2026-10-04;11:00;135704;BDFF F13-14 Grön Östra;3;3;6678376;4;/go-to/?fmid=6678376;Frändefors IF/Brålanda IF;https://staticcdn.svenskfotboll.se/img/teamssm/11337.png;28;Bengtsfors IF Flickor 11-13 år;https://staticcdn.svenskfotboll.se/img/teamssm/8494.png;28;4-10;Frendevi IP;Frendevi IP;Frendevi, 462 94 Frändefors;Y;58.512553;12.451591;Bohuslän-Dalsland;football
8;2026-10-04;11:00;139378;P14år Röd B Höst;2;3;6887968;4;/go-to/?fmid=6887968;Frillesås FF;https://staticcdn.svenskfotboll.se/img/teamssm/9524.png;8;Getinge IF;https://staticcdn.svenskfotboll.se/img/teamssm/11297.png;8;3-4;Frillesås IP B;Frillesås IP;Rya industriväg 39, 439 62 Frillesås;Y;57.322466;12.184797;Halland;football
7;2026-10-04;11:00;133678;Pojkar 2016(10 år) Grupp B Höst;2;2;6841986;5;/go-to/?fmid=6841986;Balltorps FF P16;https://staticcdn.svenskfotboll.se/img/teamssm/8047.png;7;Mossens BK;https://staticcdn.svenskfotboll.se/img/teamssm/9571.png;7;-1--1;Förbovallen 12;Förbovallen;Ålegårdsgatan 297, 431 50 Mölndal;Y;57.625892;12.021226;Göteborg;football
21;2026-10-04;11:00;136671;Pojkar Div 6 Vara;2;3;6722291;4;/go-to/?fmid=6722291;Gerdskens BK Svart;https://staticcdn.svenskfotboll.se/img/teamssm/8712.png;21;Herrljunga SK FK;https://staticcdn.svenskfotboll.se/img/teamssm/7724.png;21;7-0;Gerdskenvallen A-plan;Gerdskenvallen;Gerdskenvallen, Örnvägen 9, 441 40 Alingsås;Y;57.921454;12.538694;Västergötland;football
8;2026-10-04;11:00;137649;P14år Vit;2;3;6781240;5;/go-to/?fmid=6781240;Laholms FK vit;https://staticcdn.svenskfotboll.se/img/teamssm/9504.png;8;IF Centern Blå;https://staticcdn.svenskfotboll.se/img/teamssm/9527.png;8;0-0;Glänninge Park D3;Glänninge Park;Hellbakken 1, 312 36 Laholm;Y;56.501248;13.054870;Halland;football
8;2026-10-04;11:00;138572;P15 Nordvästra A, höst;2;3;6888607;4;/go-to/?fmid=6888607;Skottorps IF;https://staticcdn.svenskfotboll.se/img/teamssm/10302.png;8;BK Olympic röd;https://staticcdn.svenskfotboll.se/img/teamssm/9262.png;14;2-1;Gröningen A;Gröningen;Gröningens väg 1, 312 77 Skottorp;Y;56.449440;12.954590;Halland;football
8;2026-10-04;11:00;139134;F13år Röd B Höst;3;3;6896239;4;/go-to/?fmid=6896239;IS Halmia;https://staticcdn.svenskfotboll.se/img/teamssm/9519.png;8;Värö United;https://staticcdn.svenskfotboll.se/img/teamssm/11508.png;8;2-2;Halmstad Arena P8;Halmstad Arena;Kristinehedsvägen 4B, 302 44 Halmstad;Y;56.675943;12.888513;Halland;football
7;2026-10-04;11:00;133591;Pojkar 2012(14 år) Lätt Grupp D;2;3;6620980;4;/go-to/?fmid=6620980;Qviding FIF 3;https://staticcdn.svenskfotboll.se/img/teamssm/8089.png;7;Lunden Överås BK Svart;https://staticcdn.svenskfotboll.se/img/teamssm/10705.png;7;3-2;Heden 4 Konstgräs;Heden;Heden, 411 38 Göteborg;Y;57.702854;11.978368;Göteborg;football
8;2026-10-04;11:00;136301;F15år;3;3;6614548;4;/go-to/?fmid=6614548;Kornhult/Hishult FF;https://staticcdn.svenskfotboll.se/img/teamssm/7413.png;8;Sennans IF/Oskarströms IS;https://staticcdn.svenskfotboll.se/img/teamssm/9495.png;8;2-2;Hishults IP A;Hishults IP;Västergårdsvägen 6, 312 53 Hishult;Y;56.426584;13.299915;Halland;football
7;2026-10-04;11:00;133831;Flickor 2017(9 år) Ale+Kungälv Höst;3;2;6836753;5;/go-to/?fmid=6836753;Kungälvs FF F2017 1;https://staticcdn.svenskfotboll.se/img/teamssm/8050.png;7;Kode IF F17 :1;https://staticcdn.svenskfotboll.se/img/teamssm/10828.png;7;-1--1;Klövervallen 11;Klövervallen;Munkegärde-Kareby, 442 42 Kungälv;Y;57.890855;11.972701;Göteborg;football
21;2026-10-04;11:00;136664;Pojkar Div 6 Borås;2;3;6721608;4;/go-to/?fmid=6721608;Kronängs IF;https://staticcdn.svenskfotboll.se/img/teamssm/8688.png;21;Rydboholms SK;https://staticcdn.svenskfotboll.se/img/teamssm/10408.png;21;4-0;Kronäng Arena;Kronäng Arena;Schaktgatan 1, 504 41 Borås;Y;57.696516;12.931606;Västergötland;football
21;2026-10-04;11:00;137527;Pojkar Div 9 Fristad;2;2;6773451;5;/go-to/?fmid=6773451;Kronängs IF;https://staticcdn.svenskfotboll.se/img/teamssm/8688.png;21;Fristads GoIF Grön;https://staticcdn.svenskfotboll.se/img/teamssm/11342.png;21;-1--1;Kronäng Arena;Kronäng Arena;Schaktgatan 1, 504 41 Borås;Y;57.696516;12.931606;Västergötland;football
21;2026-10-04;11:00;137557;Pojkar Div 11 Kinna;2;2;6775938;5;/go-to/?fmid=6775938;Kronängs IF Vit;https://staticcdn.svenskfotboll.se/img/teamssm/8688.png;21;Sjömarkens IF Röd;https://staticcdn.svenskfotboll.se/img/teamssm/10325.png;21;-1--1;Kronäng Arena;Kronäng Arena;Schaktgatan 1, 504 41 Borås;Y;57.696516;12.931606;Västergötland;football
8;2026-10-04;11:00;136222;P15år;2;3;6598705;4;/go-to/?fmid=6598705;Kungsbacka IF;https://staticcdn.svenskfotboll.se/img/teamssm/9505.png;8;Skrea IF;https://staticcdn.svenskfotboll.se/img/teamssm/9493.png;8;3-3;Kungsbacka sportcenter 1;Kungsbacka sportcenter;Kungsbacka Sportcenter, Södra Infarten 11, 434 50 Kungsbacka;Y;57.479212;12.076907;Halland;football
7;2026-10-04;11:00;133660;Pojkar 2015(11 år) Grupp F Höst;2;2;6846263;5;/go-to/?fmid=6846263;Kållered SK P15 City;https://staticcdn.svenskfotboll.se/img/teamssm/10787.png;7;Solängens BK P2015 Vit;https://staticcdn.svenskfotboll.se/img/teamssm/9548.png;7;-1--1;Kållered Sportcenter 12;Kållered Sportcenter;Tulebovägen 17, 428 34 Kållered;Y;57.611466;12.075548;Göteborg;football
7;2026-10-04;11:00;133610;Pojkar 2013(13 år) Höst Medel Grupp D;2;3;6828864;4;/go-to/?fmid=6828864;Partille IF FK Blå;https://staticcdn.svenskfotboll.se/img/teamssm/12478.png;7;BK Häcken Vit;https://staticcdn.svenskfotboll.se/img/teamssm/11080.png;7;3-3;Lexby 22 Konstgräs;Lexby;Lexbyvägen 4, 433 31 Partille;Y;57.745219;12.123472;Göteborg;football
7;2026-10-04;11:00;133681;Pojkar 2016(10 år) Grupp E Höst;2;2;6843428;5;/go-to/?fmid=6843428;Lindome GIF P2016 3;https://staticcdn.svenskfotboll.se/img/teamssm/10741.png;7;Landvetter IS P2016 Svart;https://staticcdn.svenskfotboll.se/img/teamssm/10768.png;7;-1--1;Lindevi 5;Lindevi IP;Hällesåkersvägen 5, 437 91 Lindome;Y;57.585286;12.108877;Göteborg;football
21;2026-10-04;11:00;136729;Pojkar Div 8 Alingsås;2;3;6888729;5;/go-to/?fmid=6888729;Annelunds IF;https://staticcdn.svenskfotboll.se/img/teamssm/11630.png;21;Lerums IS;https://staticcdn.svenskfotboll.se/img/teamssm/10756.png;7;0-0;Mörlanda A 9 mot 9;Mörlanda;Mörlanda, Magra distrikt, Alingsås kommun, Västra Götalands län, 466 31, Sverige;Y;58.106467;12.572001;Västergötland;football
8;2026-10-04;11:00;137618;F14år Röd;3;3;6778829;4;/go-to/?fmid=6778829;IF Norvalla;https://staticcdn.svenskfotboll.se/img/teamssm/9499.png;8;SRG Himledalen;https://staticcdn.svenskfotboll.se/img/teamssm/10288.png;8;2-3;Norvalla IP;Norvalla IP;Norvalla idrottsplats, Sofies väg, Löftaskog, Varbergs kommun, Hallands län, 439 65, Sverige;Y;57.279455;12.191179;Halland;football
28;2026-10-04;11:00;135694;BDFF P13-14 Röd;2;3;6648396;5;/go-to/?fmid=6648396;Stenungsunds IF P12;https://staticcdn.svenskfotboll.se/img/teamssm/10236.png;28;Eds FF P födda 2012;https://staticcdn.svenskfotboll.se/img/teamssm/11441.png;28;0-0;SEAB-plan;Olssons Trävaror Arena;Yttre Ringleden 6, 444 32 Stenungsund;Y;58.067866;11.858581;Bohuslän-Dalsland;football
28;2026-10-04;11:00;139707;BDFF P13-14 Blå Höst 1;2;3;6906077;4;/go-to/?fmid=6906077;Melleruds IF;https://staticcdn.svenskfotboll.se/img/teamssm/10635.png;28;IFK Åmål lag 2 P 13-14;https://staticcdn.svenskfotboll.se/img/teamssm/10942.png;28;4-3;Dalslands Sparbanks Arena;Rådavallen;ÄNGGATAN 2, 464 30 Mellerud;Y;58.704288;12.457587;Bohuslän-Dalsland;football
21;2026-10-04;11:00;137553;Pojkar Div 11 Borås;2;2;6775547;5;/go-to/?fmid=6775547;Sandareds IF Vit;https://staticcdn.svenskfotboll.se/img/teamssm/10368.png;21;Gånghester/Målsryd Svart;https://staticcdn.svenskfotboll.se/img/teamssm/8709.png;21;-1--1;Sandevi B-plan;Sandevi;Sandevi, Alingsåsvägen, Torp, Sandared, Borås kommun, Västra Götalands län, 518 33, Sverige;Y;57.719494;12.788878;Västergötland;football
21;2026-10-04;11:00;137595;Flickor Div 6 Alingsås;3;2;6782073;5;/go-to/?fmid=6782073;Skogsbygdens IF;https://staticcdn.svenskfotboll.se/img/teamssm/10306.png;21;Floby-Grolanda IF;https://staticcdn.svenskfotboll.se/img/teamssm/13639.png;21;-1--1;Skogsbygdens IP 2;Skogsbygdens IP;Skogsbygdens distrikt, Vårgårda kommun, Västra Götalands län, Sverige;Y;57.895268;12.710567;Västergötland;football
7;2026-10-04;11:00;133705;Pojkar 2017(9 år) Hisingen+Öckerö Grupp A Höst;2;2;6848239;5;/go-to/?fmid=6848239;Torslanda IK Blå;https://staticcdn.svenskfotboll.se/img/teamssm/10068.png;7;BK Häcken P2017 lag 1 Svart;https://staticcdn.svenskfotboll.se/img/teamssm/11080.png;7;-1--1;Slättadamm 21 konstgräs;Slättadamm;Slättadammsgatan 6, 417 25 Göteborg;Y;57.730565;11.927705;Göteborg;football
7;2026-10-04;11:00;133705;Pojkar 2017(9 år) Hisingen+Öckerö Grupp A Höst;2;2;6848240;5;/go-to/?fmid=6848240;Torslanda IK Gul;https://staticcdn.svenskfotboll.se/img/teamssm/10068.png;7;BK Häcken P2017 lag 2 Gul;https://staticcdn.svenskfotboll.se/img/teamssm/11080.png;7;-1--1;Slättadamm 22 konstgräs;Slättadamm;Slättadammsgatan 6, 417 25 Göteborg;Y;57.730565;11.927705;Göteborg;football
7;2026-10-04;11:00;133711;Pojkar 2017(9 år) Lerum+Partille+Öster Grupp D Höst;2;2;6850079;5;/go-to/?fmid=6850079;Stenkullen GoIK;https://staticcdn.svenskfotboll.se/img/teamssm/10243.png;7;Partille IF FK P17;https://staticcdn.svenskfotboll.se/img/teamssm/12478.png;7;-1--1;Stenkullens IP 22 KG;Stenkullens IP;Granitvägen 3, 443 61 Stenkullen;Y;57.795326;12.310226;Göteborg;football
21;2026-10-04;11:00;136524;Flickor Div 2 Skövde;3;3;6715446;4;/go-to/?fmid=6715446;Skövde KIK;https://staticcdn.svenskfotboll.se/img/teamssm/6738.png;21;Skara FC;https://staticcdn.svenskfotboll.se/img/teamssm/7451.png;21;5-3;Södermalms IP A;Södermalms IP;Södermalms idrottsplats, Skaraborgsgatan, Södermalm, Skövde, Skövde kommun, Västra Götalands län, 541 52, Sverige;Y;58.378431;13.840427;Västergötland;football
28;2026-10-04;11:00;136357;BDFF F13-14 Grön Västra;3;3;6678284;4;/go-to/?fmid=6678284;Skärhamns IK F13;https://staticcdn.svenskfotboll.se/img/teamssm/10285.png;28;Hamburgsunds IF F13-15;https://staticcdn.svenskfotboll.se/img/teamssm/11195.png;28;8-2;Tjörns Sparbank Arena;Tjörns Sparbank Arena;Hamngatan, 471 95 Skärhamn;Y;57.971096;11.555368;Bohuslän-Dalsland;football
28;2026-10-04;11:00;136359;BDFF P15-19 Blå Södra;2;3;6638707;4;/go-to/?fmid=6638707;Herrestads AIF P15-16 år;https://staticcdn.svenskfotboll.se/img/teamssm/11149.png;28;Stenungsund IF/Vallens IF P15;https://staticcdn.svenskfotboll.se/img/teamssm/10236.png;28;4-2;Undavallen Konstgräs;Undavallen;Stan 101, 451 94 Uddevalla;Y;58.336300;11.826976;Bohuslän-Dalsland;football
8;2026-10-04;11:00;139571;P13år Röd A Höst;2;3;6898504;5;/go-to/?fmid=6898504;Tvååker/Galtabäck;https://staticcdn.svenskfotboll.se/img/teamssm/9483.png;8;Skottorps IF;https://staticcdn.svenskfotboll.se/img/teamssm/10302.png;8;0-0;Övrevi B;Övrevi;Övrevi idrottsplats, N 760, Stenen, Övreby, Tvååker, Varbergs kommun, Hallands län, 432 78, Sverige;Y;57.046115;12.379083;Halland;football
7;2026-10-04;11:15;133640;Pojkar 2014(12 år) Grupp B Höst;2;2;6838235;5;/go-to/?fmid=6838235;BK Häcken Gul;https://staticcdn.svenskfotboll.se/img/teamssm/11080.png;7;Älvängens IK P14 vit;https://staticcdn.svenskfotboll.se/img/teamssm/9783.png;7;-1--1;Slättadamm 3 konstgräs;Slättadamm;Slättadammsgatan 6, 417 25 Göteborg;Y;57.730565;11.927705;Göteborg;football
7;2026-10-04;11:15;133523;Junior Pojkar Div 3;2;3;6543060;4;/go-to/?fmid=6543060;Fässbergs IF U17;https://staticcdn.svenskfotboll.se/img/teamssm/9620.png;7;Romelanda UF;https://staticcdn.svenskfotboll.se/img/teamssm/10427.png;7;5-3;Åbyvallen 1 Konstgräs;Åbyvallen;Idrottsvägen 5, 431 62 Mölndal;Y;57.645363;12.002082;Göteborg;football
7;2026-10-04;11:15;133679;Pojkar 2016(10 år) Grupp C Höst;2;2;6842438;5;/go-to/?fmid=6842438;IF Väster Orange;https://staticcdn.svenskfotboll.se/img/teamssm/9861.png;7;Dalen/Krokslätts FF Blå;https://staticcdn.svenskfotboll.se/img/teamssm/9632.png;7;-1--1;Önneredsplan 2;Önneredsplan;Ersåsgatan 2, 421 59 Västra Frölunda;Y;57.637219;11.884878;Göteborg;football
7;2026-10-04;11:30;133763;Flickor 2012-2013 Liten 9M9 Lätt Gr. A Höst;3;3;6828308;4;/go-to/?fmid=6828308;Galacticos FC F2013;https://staticcdn.svenskfotboll.se/img/teamssm/13691.png;7;IF Warta;https://staticcdn.svenskfotboll.se/img/teamssm/9841.png;7;2-7;Bergsjövallen 21 Konstgräs;Bergsjövallen;Sjustjärnan 20, 415 51 Göteborg;Y;57.750377;12.057010;Göteborg;football
7;2026-10-04;11:30;133663;Pojkar 2015(11 år) Grupp I Höst;2;2;6846540;5;/go-to/?fmid=6846540;IK Kongahälla Nord Röd;https://staticcdn.svenskfotboll.se/img/teamssm/9590.png;7;Torslanda IK D;https://staticcdn.svenskfotboll.se/img/teamssm/10068.png;7;-1--1;Munkegärdesplan 22 Konstgräs;Munkegärdesplan;Räfsalsvägen 11, 442 42 Kungälv;Y;57.890004;11.967916;Göteborg;football
8;2026-10-04;11:30;139134;F13år Röd B Höst;3;3;6896237;4;/go-to/?fmid=6896237;VGLT;https://staticcdn.svenskfotboll.se/img/teamssm/7223.png;8;Getinge IF;https://staticcdn.svenskfotboll.se/img/teamssm/11297.png;8;4-0;Veinge IP A;Veinge IP;Veinge, Laholms kommun, Hallands län, 312 35, Sverige;Y;56.554026;13.076165;Halland;football
7;2026-10-04;11:30;133713;Pojkar 2017(9 år) Ale+Kungälv Grupp A Höst;2;2;6846641;5;/go-to/?fmid=6846641;Nödinge SK Fotboll P17 Vit;https://staticcdn.svenskfotboll.se/img/teamssm/10503.png;7;Älvängens IK Blå P17;https://staticcdn.svenskfotboll.se/img/teamssm/9783.png;7;-1--1;Vimmervi 22 Konstgräs;Vimmervi;Gamla Kilandavägen 62, 449 36 Nödinge;Y;57.886226;12.080329;Göteborg;football
7;2026-10-04;11:45;133813;Flickor 2016(10 år) Grupp D Höst;3;2;6834579;5;/go-to/?fmid=6834579;Ytterby IS Röd;https://staticcdn.svenskfotboll.se/img/teamssm/9832.png;7;Kärra KIF Gul;https://staticcdn.svenskfotboll.se/img/teamssm/10780.png;7;-1--1;Ytterns IP 41;Ytterns IP;Ytterby, 442 40 Kungälv;Y;57.869280;11.935196;Göteborg;football
7;2026-10-04;11:45;133798;Flickor 2015(11 år) Grupp D Höst;3;2;6840697;5;/go-to/?fmid=6840697;Ytterby IS Röd;https://staticcdn.svenskfotboll.se/img/teamssm/9832.png;7;Hönö IS HBH Röd;https://staticcdn.svenskfotboll.se/img/teamssm/11038.png;7;-1--1;Ytterns IP 42;Ytterns IP;Ytterby, 442 40 Kungälv;Y;57.869280;11.935196;Göteborg;football
7;2026-10-04;12:00;133157;Division 7C Herr;2;4;6534542;4;/go-to/?fmid=6534542;Marieholm IK;https://staticcdn.svenskfotboll.se/img/teamssm/13640.png;7;Säve SK;https://staticcdn.svenskfotboll.se/img/teamssm/10135.png;7;5-0;Bläsebovallen 1 Konstgräs;;;N;;;Göteborg;football
7;2026-10-04;12:00;133708;Pojkar 2017(9 år) Centrum+Härryda+Mölndal+Väster Grupp B Höst;2;2;6847266;5;/go-to/?fmid=6847266;Näsets SK P2017 Lag 1;https://staticcdn.svenskfotboll.se/img/teamssm/10510.png;7;Hovås Billdal IF Lag 4 Blå;https://staticcdn.svenskfotboll.se/img/teamssm/11109.png;7;-1--1;ICA Åkeredshallen Arena;;;N;;;Göteborg;football
7;2026-10-04;12:00;133678;Pojkar 2016(10 år) Grupp B Höst;2;2;6842067;5;/go-to/?fmid=6842067;Guldhedens IK P16;https://staticcdn.svenskfotboll.se/img/teamssm/11249.png;7;Öjersjö IF P16 Vit;https://staticcdn.svenskfotboll.se/img/teamssm/7552.png;7;-1--1;Anders Svensson vallen;Anders Svensson vallen;Anders Svenssonvallen, Doktor Heymans Gata 1F, 413 22 Göteborg;Y;57.687279;11.968893;Göteborg;football
7;2026-10-04;12:00;133765;Flickor 2012-2013 Liten 9M9 Lätt Gr. C Höst;3;3;6829086;4;/go-to/?fmid=6829086;Kungsladugårds BK Vit;https://staticcdn.svenskfotboll.se/img/teamssm/10799.png;7;Askims IK Svart;https://staticcdn.svenskfotboll.se/img/teamssm/11617.png;7;7-0;Apelsinplan 21 Konstgräs;Apelsinplan;Apelsingatan 6, 426 54 Västra Frölunda;Y;57.655054;11.882940;Göteborg;football
7;2026-10-04;12:00;133812;Flickor 2016(10 år) Grupp C Höst;3;2;6829970;5;/go-to/?fmid=6829970;Lerums IS F2016 3;https://staticcdn.svenskfotboll.se/img/teamssm/10756.png;7;Kungsladugårds BK;https://staticcdn.svenskfotboll.se/img/teamssm/10799.png;7;-1--1;Aspevallen B-plan;Aspevallen;Strandvägen 7, 443 31 Lerum;Y;57.768427;12.253218;Göteborg;football
7;2026-10-04;12:00;138259;Pojkar 2013(13 år) Höst Lätt Grupp E;2;3;6828650;4;/go-to/?fmid=6828650;Bergums IF P-13 2;https://staticcdn.svenskfotboll.se/img/teamssm/11584.png;7;Älvsborg FF Blå;https://staticcdn.svenskfotboll.se/img/teamssm/9622.png;7;8-4;Bergumsvallen 21;Bergumsvallen;Grönkullavägen 21, 424 70 Olofstorp;Y;57.801061;12.166928;Göteborg;football
7;2026-10-04;12:00;133799;Flickor 2015(11 år) Grupp A Höst;3;2;6840867;5;/go-to/?fmid=6840867;Hovås Billdal IF Blå;https://staticcdn.svenskfotboll.se/img/teamssm/11109.png;7;Dalen/Krokslätts FF;https://staticcdn.svenskfotboll.se/img/teamssm/9632.png;7;-1--1;Billdalsvallen 5 (stor 7 mot 7);Billdalsvallen;Påls väg, 427 36 Göteborg;Y;57.588232;11.949791;Göteborg;football
7;2026-10-04;12:00;133583;Pojkar 2012(14 år) Medel Grupp A;2;3;6621205;4;/go-to/?fmid=6621205;Solängens BK;https://staticcdn.svenskfotboll.se/img/teamssm/9548.png;7;Ale United;https://staticcdn.svenskfotboll.se/img/teamssm/10573.png;7;3-2;Eklandavallen Konstgräs 1;Eklandavallen;Bäckstensgatan 15, 431 49 Mölndal;Y;57.654780;11.959687;Göteborg;football
7;2026-10-04;12:00;133811;Flickor 2016(10 år) Grupp B Höst;3;2;6832295;5;/go-to/?fmid=6832295;IF Mölndal Fotboll röd;https://staticcdn.svenskfotboll.se/img/teamssm/9569.png;7;Mölnlycke IF 1;https://staticcdn.svenskfotboll.se/img/teamssm/10594.png;7;-1--1;Enerbacksplan Gräs 7M7;Enerbacksplan;Enerbacksvallen, Gunnebogatan 63, 431 66 Mölndal;Y;57.664940;12.023417;Göteborg;football
7;2026-10-04;12:00;133810;Flickor 2016(10 år) Grupp A Höst;3;2;6832956;5;/go-to/?fmid=6832956;IFK Hindås F16/17;https://staticcdn.svenskfotboll.se/img/teamssm/11008.png;7;Surte IS FK 1;https://staticcdn.svenskfotboll.se/img/teamssm/12036.png;7;-1--1;Fagervallen 22 Konstgräs;Fagervallen;Sportvägen 9, 438 98 Hindås;Y;57.695964;12.435282;Göteborg;football
7;2026-10-04;12:00;133684;Pojkar 2016(10 år) Grupp H Höst;2;2;6907719;5;/go-to/?fmid=6907719;Sävedalens IF Gul;https://staticcdn.svenskfotboll.se/img/teamssm/9545.png;7;Qviding FIF Vinröd 2;https://staticcdn.svenskfotboll.se/img/teamssm/8089.png;7;-1--1;Furulundsplan 11 Konstgräs;Furulundsplan;Furulundsplan, Timmervägen, 433 47 Partille;Y;57.727253;12.129716;Göteborg;football
7;2026-10-04;12:00;133685;Pojkar 2016(10 år) Grupp I Höst;2;2;6907905;5;/go-to/?fmid=6907905;Sävedalens IF Blå;https://staticcdn.svenskfotboll.se/img/teamssm/9545.png;7;Gunnilse IS Vit;https://staticcdn.svenskfotboll.se/img/teamssm/11237.png;7;-1--1;Furulundsplan 12 Konstgräs;Furulundsplan;Furulundsplan, Timmervägen, 433 47 Partille;Y;57.727253;12.129716;Göteborg;football
7;2026-10-04;12:00;133704;Pojkar 2017(9 år) Hisingen+Öckerö Grupp C;2;2;6848655;5;/go-to/?fmid=6848655;Finlandia Pallo AIF Blå;https://staticcdn.svenskfotboll.se/img/teamssm/7939.png;7;Lindholmens BK P17;https://staticcdn.svenskfotboll.se/img/teamssm/9581.png;7;-1--1;Färjenäsplan 11:2;Färjenäsplan;Pölsebogatan, 417 67 Göteborg;Y;57.697441;11.901198;Göteborg;football
7;2026-10-04;12:00;133704;Pojkar 2017(9 år) Hisingen+Öckerö Grupp C;2;2;6848656;5;/go-to/?fmid=6848656;Eriksbergs IF 5;https://staticcdn.svenskfotboll.se/img/teamssm/9629.png;7;Säve SK P17;https://staticcdn.svenskfotboll.se/img/teamssm/10135.png;7;-1--1;Färjenäsplan 12:1;Färjenäsplan;Pölsebogatan, 417 67 Göteborg;Y;57.697441;11.901198;Göteborg;football
28;2026-10-04;12:00;139709;BDFF P13-14 Blå Höst 3;2;3;6906107;4;/go-to/?fmid=6906107;Groheds IF LSK P12 Blå;https://staticcdn.svenskfotboll.se/img/teamssm/11268.png;28;IFK Strömstad 9v9;https://staticcdn.svenskfotboll.se/img/teamssm/10963.png;28;5-4;Grohedsvallen Konstgräs;Grohedsvallen;Grohedsvallen A-plan, O 679, Skäret, Röd, Ammenäs, Forshälla distrikt, Uddevalla kommun, Västra Götalands län, 459 94, Sverige;Y;58.290104;11.849797;Bohuslän-Dalsland;football
7;2026-10-04;12:00;133780;Flickor 2014(12 år) Grupp A Höst;3;2;6834781;5;/go-to/?fmid=6834781;Älvsborg FF Asllani;https://staticcdn.svenskfotboll.se/img/teamssm/9622.png;7;Mossens BK F14;https://staticcdn.svenskfotboll.se/img/teamssm/9571.png;7;-1--1;Hagenplan 12;Hagenplan;Hagens Prästväg 4, 426 74 Västra Frölunda;Y;57.674967;11.882285;Göteborg;football
7;2026-10-04;12:00;133708;Pojkar 2017(9 år) Centrum+Härryda+Mölndal+Väster Grupp B Höst;2;2;6847259;5;/go-to/?fmid=6847259;Älvsborg FF Blå 1;https://staticcdn.svenskfotboll.se/img/teamssm/9622.png;7;Balltorps FF P2017;https://staticcdn.svenskfotboll.se/img/teamssm/8047.png;7;-1--1;Hagenplan 11;Hagenplan;Hagens Prästväg 4, 426 74 Västra Frölunda;Y;57.674967;11.882285;Göteborg;football
7;2026-10-04;12:00;133799;Flickor 2015(11 år) Grupp A Höst;3;2;6840872;5;/go-to/?fmid=6840872;Masthuggets BK 1;https://staticcdn.svenskfotboll.se/img/teamssm/10643.png;7;Öjersjö IF 1;https://staticcdn.svenskfotboll.se/img/teamssm/7552.png;7;-1--1;Heden 32 Konstgräs;Heden;Heden, 411 38 Göteborg;Y;57.702854;11.978368;Göteborg;football
7;2026-10-04;12:00;133832;Flickor 2017(9 år) Centrum+Härryda+Mölndal+Väster Grupp B Höst;3;2;6833548;5;/go-to/?fmid=6833548;Hällesåker IF;https://staticcdn.svenskfotboll.se/img/teamssm/9605.png;7;GAIS F9 Födda 2017;https://staticcdn.svenskfotboll.se/img/teamssm/9614.png;7;-1--1;Hällesåker 11;Hällesåker;Raneredsvägen 5, 437 92 Lindome;Y;57.602744;12.195022;Göteborg;football
7;2026-10-04;12:00;133587;Pojkar 2012(14 år) Medel Grupp B;2;3;6621341;4;/go-to/?fmid=6621341;Qviding FIF 1;https://staticcdn.svenskfotboll.se/img/teamssm/8089.png;7;Älvängens IK Blå;https://staticcdn.svenskfotboll.se/img/teamssm/9783.png;7;3-0;Härlanda Park 1 Konstgräs;Härlanda Park;Härlanda Park 6B, 416 52 Göteborg;Y;57.716492;12.017055;Göteborg;football
7;2026-10-04;12:00;133814;Flickor 2016(10 år) Grupp E Höst;3;2;6829818;5;/go-to/?fmid=6829818;Qviding FIF 2;https://staticcdn.svenskfotboll.se/img/teamssm/8089.png;7;Lerums IS F2016 2;https://staticcdn.svenskfotboll.se/img/teamssm/10756.png;7;-1--1;Härlanda 22;Härlanda Park;Härlanda Park 6B, 416 52 Göteborg;Y;57.716492;12.017055;Göteborg;football
7;2026-10-04;12:00;133814;Flickor 2016(10 år) Grupp E Höst;3;2;6829819;5;/go-to/?fmid=6829819;Qviding FIF 1;https://staticcdn.svenskfotboll.se/img/teamssm/8089.png;7;Lerums IS F2016 1;https://staticcdn.svenskfotboll.se/img/teamssm/10756.png;7;-1--1;Härlanda 22;Härlanda Park;Härlanda Park 6B, 416 52 Göteborg;Y;57.716492;12.017055;Göteborg;football
7;2026-10-04;12:00;133835;Flickor 2017(9 år) Centrum+Härryda+Mölndal+Väster Grupp A Höst;3;2;6836423;5;/go-to/?fmid=6836423;Qviding FIF 3;https://staticcdn.svenskfotboll.se/img/teamssm/8089.png;7;Azalea BK Svart;https://staticcdn.svenskfotboll.se/img/teamssm/7817.png;7;-1--1;Härlanda Park 4;Härlanda Park;Härlanda Park 6B, 416 52 Göteborg;Y;57.716492;12.017055;Göteborg;football
7;2026-10-04;12:00;133663;Pojkar 2015(11 år) Grupp I Höst;2;2;6846544;5;/go-to/?fmid=6846544;Hönö IS P15 Röd;https://staticcdn.svenskfotboll.se/img/teamssm/11038.png;7;Hjuviks AIK P2015 Vit;https://staticcdn.svenskfotboll.se/img/teamssm/8330.png;7;-1--1;Hönö Arena 22;Hönö Arena;Lindblomsvägen 30, 475 42 Hönö;Y;57.687870;11.652948;Göteborg;football
7;2026-10-04;12:00;133655;Pojkar 2015(11 år) Grupp A Höst;2;2;6844882;5;/go-to/?fmid=6844882;Masthuggets BK;https://staticcdn.svenskfotboll.se/img/teamssm/10643.png;7;IK Zenith Röd;https://staticcdn.svenskfotboll.se/img/teamssm/9829.png;7;-1--1;Karl Johans Torg 11;Karl Johans Torg;Karl Johanstorget 1, 414 61 Göteborg;Y;57.694518;11.929255;Göteborg;football
7;2026-10-04;12:00;133683;Pojkar 2016(10 år) Grupp G Höst;2;2;6844285;5;/go-to/?fmid=6844285;Kärra KIF Svart;https://staticcdn.svenskfotboll.se/img/teamssm/10780.png;7;Nödinge SK Fotboll NSK 2;https://staticcdn.svenskfotboll.se/img/teamssm/10503.png;7;-1--1;Klarebergsvallen 3 Konstgräs 7M7;Klarebergsvallen;Burmans Gata 3, 425 33 Hisings Kärra;Y;57.798761;11.987168;Göteborg;football
7;2026-10-04;12:00;133810;Flickor 2016(10 år) Grupp A Höst;3;2;6832955;5;/go-to/?fmid=6832955;Kungälvs FF;https://staticcdn.svenskfotboll.se/img/teamssm/8050.png;7;Kode IF F16;https://staticcdn.svenskfotboll.se/img/teamssm/10828.png;7;-1--1;Klövervallen 11;Klövervallen;Munkegärde-Kareby, 442 42 Kungälv;Y;57.890855;11.972701;Göteborg;football
7;2026-10-04;12:00;133810;Flickor 2016(10 år) Grupp A Höst;3;2;6832954;5;/go-to/?fmid=6832954;GoldCoast FC gul;https://staticcdn.svenskfotboll.se/img/teamssm/13374.png;7;Öckerö IF F2016;https://staticcdn.svenskfotboll.se/img/teamssm/9774.png;7;-1--1;Kortedalavallen 3;Kortedalavallen;Kortedala Idrottsväg 13, 415 37 Göteborg;Y;57.751830;12.040079;Göteborg;football
7;2026-10-04;12:00;133590;Pojkar 2012(14 år) Lätt Grupp C;2;3;6622075;4;/go-to/?fmid=6622075;Dalen/Krokslätts FF Gul;https://staticcdn.svenskfotboll.se/img/teamssm/9632.png;7;Näsets SK P2012 -2 Näsets SK P2012 - Svart;https://staticcdn.svenskfotboll.se/img/teamssm/10510.png;7;2-0;Krokslättsvallen konstgräs;Krokslättsvallen;Krokslätts Storgata 44, 431 38 Mölndal;Y;57.671326;11.997967;Göteborg;football
7;2026-10-04;12:00;133634;Pojkar 2014(12 år) Grupp F Höst;2;2;6842913;5;/go-to/?fmid=6842913;Eriksbergs IF 2;https://staticcdn.svenskfotboll.se/img/teamssm/9629.png;7;Kärra KIF Gul;https://staticcdn.svenskfotboll.se/img/teamssm/10780.png;7;-1--1;Krokängsplan 12 Konstgräs;Krokängsplan;Säterigatan 15, 417 69 Göteborg;Y;57.702920;11.910432;Göteborg;football
7;2026-10-04;12:00;133634;Pojkar 2014(12 år) Grupp F Höst;2;2;6842914;5;/go-to/?fmid=6842914;Eriksbergs IF 1;https://staticcdn.svenskfotboll.se/img/teamssm/9629.png;7;Kärra KIF Blå;https://staticcdn.svenskfotboll.se/img/teamssm/10780.png;7;-1--1;Krokängsplan 11 Konstgräs;Krokängsplan;Säterigatan 15, 417 69 Göteborg;Y;57.702920;11.910432;Göteborg;football
7;2026-10-04;12:00;133637;Pojkar 2014(12 år) Grupp I Höst;2;2;6838100;5;/go-to/?fmid=6838100;Utbynäs SK Gul;https://staticcdn.svenskfotboll.se/img/teamssm/9983.png;7;GoldCoast FC Svart;https://staticcdn.svenskfotboll.se/img/teamssm/13374.png;7;-1--1;Kviberg 3:1 gräs 7M7;Kviberg;Luftvärnsvägen, 415 06 Göteborg;Y;57.737550;12.038540;Göteborg;football
1;2026-10-04;12:00;133301;F17 div. 1 2026 - Götaland Västra;3;3;6595703;4;/go-to/?fmid=6595703;Lerkils IF;https://staticcdn.svenskfotboll.se/img/teamssm/10757.png;8;Älvsborg FF;https://staticcdn.svenskfotboll.se/img/teamssm/9622.png;7;2-1;Ledets IP;Ledets IP;Källåsvägen 25, 434 93 Vallda;Y;57.457754;11.940111;1;football
7;2026-10-04;12:00;133764;Flickor 2012-2013 Liten 9M9 Lätt Gr. B Höst;3;3;6828266;4;/go-to/?fmid=6828266;Backatorp IF RÖD;https://staticcdn.svenskfotboll.se/img/teamssm/11915.png;7;Kungälvs FF/Romelanda UF;https://staticcdn.svenskfotboll.se/img/teamssm/8050.png;7;0-12;Lillhagsplan 11;Lillhagsplan;Lillhagsvägen, 422 57 Hisings Backa;Y;57.763300;11.956822;Göteborg;football
7;2026-10-04;12:00;133812;Flickor 2016(10 år) Grupp C Höst;3;2;6829971;5;/go-to/?fmid=6829971;Backatorp IF F16;https://staticcdn.svenskfotboll.se/img/teamssm/11915.png;7;Qviding FIF 3;https://staticcdn.svenskfotboll.se/img/teamssm/8089.png;7;-1--1;Lillhagsplan 12;Lillhagsplan;Lillhagsvägen, 422 57 Hisings Backa;Y;57.763300;11.956822;Göteborg;football
7;2026-10-04;12:00;133590;Pojkar 2012(14 år) Lätt Grupp C;2;3;6622072;4;/go-to/?fmid=6622072;Lindome GIF vit;https://staticcdn.svenskfotboll.se/img/teamssm/10741.png;7;Utbynäs SK Röd;https://staticcdn.svenskfotboll.se/img/teamssm/9983.png;7;3-9;Lindevi IP 3 Konstgräs;Lindevi IP;Hällesåkersvägen 5, 437 91 Lindome;Y;57.585286;12.108877;Göteborg;football
7;2026-10-04;12:00;133703;Pojkar 2017(9 år) Lerum+Partille+Öster Grupp A Höst;2;2;6848799;5;/go-to/?fmid=6848799;Marieholm IK Röd;https://staticcdn.svenskfotboll.se/img/teamssm/13640.png;7;GoldCoast FC svart;https://staticcdn.svenskfotboll.se/img/teamssm/13374.png;7;-1--1;Lövgärdesplan 11 Gräs;Lövgärdesplan;Svarte Filips Gata 10, 424 44 Angered;Y;57.814492;12.031817;Göteborg;football
7;2026-10-04;12:00;133632;Pojkar 2014(12 år) Grupp D Höst;2;2;6837632;5;/go-to/?fmid=6837632;Mölnlycke IF Blå;https://staticcdn.svenskfotboll.se/img/teamssm/10594.png;7;Askims IK P2014 U12 Svart;https://staticcdn.svenskfotboll.se/img/teamssm/11617.png;7;-1--1;Mölnlycke IP vänster;Mölnlycke IP;Idrottsgatan 1, 435 35 Mölnlycke;Y;57.660896;12.119026;Göteborg;football
7;2026-10-04;12:00;133632;Pojkar 2014(12 år) Grupp D Höst;2;2;6837633;5;/go-to/?fmid=6837633;Mölnlycke IF Grön;https://staticcdn.svenskfotboll.se/img/teamssm/10594.png;7;Askims IK P2014 U12 Vit;https://staticcdn.svenskfotboll.se/img/teamssm/11617.png;7;-1--1;Mölnlycke IP höger;Mölnlycke IP;Idrottsgatan 1, 435 35 Mölnlycke;Y;57.660896;12.119026;Göteborg;football
21;2026-10-04;12:00;137628;Flickor Div 8 Trollhättan;3;2;6784276;5;/go-to/?fmid=6784276;Alingsås KIK Blå;https://staticcdn.svenskfotboll.se/img/teamssm/8345.png;21;Edet FK;https://staticcdn.svenskfotboll.se/img/teamssm/8683.png;21;-1--1;Noltorpsvallen D;Noltorpsvallen;Noltorpsvallen, Mjörnstigen, Noltorp, Alingsås distrikt, Alingsås, Alingsås kommun, Västra Götalands län, 441 56, Sverige;Y;57.936860;12.515810;Västergötland;football
7;2026-10-04;12:00;133813;Flickor 2016(10 år) Grupp D Höst;3;2;6834575;5;/go-to/?fmid=6834575;Nol IK 1;https://staticcdn.svenskfotboll.se/img/teamssm/10573.png;7;BK Häcken F2016 Lag 2 Gul;https://staticcdn.svenskfotboll.se/img/teamssm/11080.png;7;-1--1;Nolängens IP 7M7 Konstgräs;Nolängens IP;Gallåsvägen 4, 449 40 Nol;Y;57.908182;12.066376;Göteborg;football
7;2026-10-04;12:00;133757;Flickor 2012-2013 Stor 9M9 Medel Gr. A Höst;3;3;6828020;4;/go-to/?fmid=6828020;Öckerö IF flickor 2012;https://staticcdn.svenskfotboll.se/img/teamssm/9774.png;7;IF Väster Orange;https://staticcdn.svenskfotboll.se/img/teamssm/9861.png;7;5-2;Prästängen 3 9M9 Konstgräs;Prästängen;PRÄSTÄNGEN 1, 475 31 Öckerö;Y;57.717030;11.641158;Göteborg;football
7;2026-10-04;12:00;133589;Pojkar 2012(14 år) Lätt Grupp B;2;3;6621938;4;/go-to/?fmid=6621938;Älvsborg FF Svart;https://staticcdn.svenskfotboll.se/img/teamssm/9622.png;7;Lundby IF P2012 Vit;https://staticcdn.svenskfotboll.se/img/teamssm/11776.png;7;1-9;Påvelund 1 Konstgräs;Påvelund;Redegatan 18, 426 77 Västra Frölunda;Y;57.668781;11.881476;Göteborg;football
7;2026-10-04;12:00;133707;Pojkar 2017(9 år) Centrum+Härryda+Mölndal+Väster Grupp A Höst;2;2;6846894;5;/go-to/?fmid=6846894;SG Ruddalen IF 2;https://staticcdn.svenskfotboll.se/img/teamssm/11284.png;7;Landvetter IS P2017 grön;https://staticcdn.svenskfotboll.se/img/teamssm/10768.png;7;-1--1;Ruddalen 7M7 nr 4 Konstgräs;Ruddalen;Anna Östvägen 8, 426 68 Västra Frölunda;Y;57.664609;11.909282;Göteborg;football
7;2026-10-04;12:00;133810;Flickor 2016(10 år) Grupp A Höst;3;2;6832959;5;/go-to/?fmid=6832959;Lundby IF F2016 Grön;https://staticcdn.svenskfotboll.se/img/teamssm/11776.png;7;Sandarna BK;https://staticcdn.svenskfotboll.se/img/teamssm/10367.png;7;-1--1;Sannaplan 2;Sannaplan;Ostindiegatan 28, 414 72 Göteborg;Y;57.685701;11.913302;Göteborg;football
7;2026-10-04;12:00;133799;Flickor 2015(11 år) Grupp A Höst;3;2;6840869;5;/go-to/?fmid=6840869;Ahlafors IF;https://staticcdn.svenskfotboll.se/img/teamssm/11662.png;7;Säve SK;https://staticcdn.svenskfotboll.se/img/teamssm/10135.png;7;-1--1;Svenska Stenhus Arena 4;Sjövallen IP;Sjövallavägen 111, 449 50 Alafors;Y;57.915942;12.107763;Göteborg;football
7;2026-10-04;12:00;133583;Pojkar 2012(14 år) Medel Grupp A;2;3;6621206;4;/go-to/?fmid=6621206;Surte IS FK;https://staticcdn.svenskfotboll.se/img/teamssm/12036.png;7;Mölnlycke IF P12 Vit;https://staticcdn.svenskfotboll.se/img/teamssm/10594.png;7;8-1;Surte 2 Konstgräs;Surte IP;Idrottsvägen 4, 445 55 Surte;Y;57.836279;12.017412;Göteborg;football
7;2026-10-04;12:00;133678;Pojkar 2016(10 år) Grupp B Höst;2;2;6842045;5;/go-to/?fmid=6842045;IF Warta Svart;https://staticcdn.svenskfotboll.se/img/teamssm/9841.png;7;Hjuviks AIK P2016 Vit;https://staticcdn.svenskfotboll.se/img/teamssm/8330.png;7;-1--1;Sälöfjordsvallen 22 K.Gräs;Sälöfjordsvallen;Södra Sälöfjordsgatan 33, 418 73 Göteborg;Y;57.713415;11.904523;Göteborg;football
7;2026-10-04;12:00;133813;Flickor 2016(10 år) Grupp D Höst;3;2;6834572;5;/go-to/?fmid=6834572;Torslanda IK 2;https://staticcdn.svenskfotboll.se/img/teamssm/10068.png;7;Hermansby IF;https://staticcdn.svenskfotboll.se/img/teamssm/11150.png;7;-1--1;Torslandavallen 3 Konstgräs 7M7;Torslandavallen;Torslanda Idrottsväg 17, 423 32 Torslanda;Y;57.718280;11.757490;Göteborg;football
7;2026-10-04;12:00;133704;Pojkar 2017(9 år) Hisingen+Öckerö Grupp C;2;2;6848659;5;/go-to/?fmid=6848659;Torslanda IK Vit;https://staticcdn.svenskfotboll.se/img/teamssm/10068.png;7;Solväders FC P 2017;https://staticcdn.svenskfotboll.se/img/teamssm/12147.png;7;-1--1;Torslandavallen 41 Gräs;Torslandavallen;Torslanda Idrottsväg 17, 423 32 Torslanda;Y;57.718280;11.757490;Göteborg;football
7;2026-10-04;12:00;133614;Pojkar 2013(13 år) Höst Svår Grupp A;2;3;6828827;4;/go-to/?fmid=6828827;Sävedalens IF Svart;https://staticcdn.svenskfotboll.se/img/teamssm/9545.png;7;Lerums IS 5;https://staticcdn.svenskfotboll.se/img/teamssm/10756.png;7;7-1;Vallhamra 21 Konstgräs;Vallhamra IP;Ugglumsleden 48, 433 64 Sävedalen;Y;57.724452;12.079253;Göteborg;football
7;2026-10-04;12:00;133685;Pojkar 2016(10 år) Grupp I Höst;2;2;6907904;5;/go-to/?fmid=6907904;Sävedalens IF Grön;https://staticcdn.svenskfotboll.se/img/teamssm/9545.png;7;Gunnilse IS Röd;https://staticcdn.svenskfotboll.se/img/teamssm/11237.png;7;-1--1;Vallhamra 22 Konstgräs;Vallhamra IP;Ugglumsleden 48, 433 64 Sävedalen;Y;57.724452;12.079253;Göteborg;football
7;2026-10-04;12:00;133767;Flickor 2012-2013 Stor 9M9 Lätt Gr. C Höst;3;3;6828064;4;/go-to/?fmid=6828064;Nödinge SK Fotboll;https://staticcdn.svenskfotboll.se/img/teamssm/10503.png;7;Floda BoIF Blå;https://staticcdn.svenskfotboll.se/img/teamssm/11366.png;7;4-1;Vimmervi 2 Konstgräs;Vimmervi;Gamla Kilandavägen 62, 449 36 Nödinge;Y;57.886226;12.080329;Göteborg;football
7;2026-10-04;12:00;133614;Pojkar 2013(13 år) Höst Svår Grupp A;2;3;6828826;4;/go-to/?fmid=6828826;Västra Frölunda IF Grön;https://staticcdn.svenskfotboll.se/img/teamssm/9853.png;7;IFK Göteborg;https://staticcdn.svenskfotboll.se/img/teamssm/11012.png;7;2-7;Välens Nya konstgräs 51;Välen;Klubbvägen 20, 421 47 Västra Frölunda;Y;57.642584;11.919773;Göteborg;football
7;2026-10-04;12:00;133708;Pojkar 2017(9 år) Centrum+Härryda+Mölndal+Väster Grupp B Höst;2;2;6847263;5;/go-to/?fmid=6847263;Västra Frölunda IF;https://staticcdn.svenskfotboll.se/img/teamssm/9853.png;7;Landvetter IS P2017 gul;https://staticcdn.svenskfotboll.se/img/teamssm/10768.png;7;-1--1;Välen 11;Välen;Klubbvägen 20, 421 47 Västra Frölunda;Y;57.642584;11.919773;Göteborg;football
7;2026-10-04;12:00;133767;Flickor 2012-2013 Stor 9M9 Lätt Gr. C Höst;3;3;6828065;4;/go-to/?fmid=6828065;Ytterby IS Röd F2012;https://staticcdn.svenskfotboll.se/img/teamssm/9832.png;7;IK Zenith Vit;https://staticcdn.svenskfotboll.se/img/teamssm/9829.png;7;5-4;Ytterns IP 1 Konstgräs;Ytterns IP;Ytterby, 442 40 Kungälv;Y;57.869280;11.935196;Göteborg;football
7;2026-10-04;12:00;133616;Pojkar 2013(13 år) Höst Lätt Grupp C;2;3;6828560;4;/go-to/?fmid=6828560;Ytterby IS Vit;https://staticcdn.svenskfotboll.se/img/teamssm/9832.png;7;Öckerö IF Vinröd 2013;https://staticcdn.svenskfotboll.se/img/teamssm/9774.png;7;2-7;Ytterns IP 32;Ytterns IP;Ytterby, 442 40 Kungälv;Y;57.869280;11.935196;Göteborg;football
7;2026-10-04;12:00;133576;Pojkar 2011(15 år) Medel Grupp B;2;3;6607912;5;/go-to/?fmid=6607912;Älvängens/Ahlafors/Nol;https://staticcdn.svenskfotboll.se/img/teamssm/9783.png;7;Fässbergs IF Vit;https://staticcdn.svenskfotboll.se/img/teamssm/9620.png;7;0-0;Älvevi 2 Konstgräs;Älvevi;Hövägen 23, 446 32 Älvängen;Y;57.954092;12.123567;Göteborg;football
7;2026-10-04;12:00;133813;Flickor 2016(10 år) Grupp D Höst;3;2;6834581;5;/go-to/?fmid=6834581;Älvängens IK F16 vit;https://staticcdn.svenskfotboll.se/img/teamssm/9783.png;7;Romelanda UF F16 GUL;https://staticcdn.svenskfotboll.se/img/teamssm/10427.png;7;-1--1;Älvevi 3 7M7 Konstgräs;Älvevi;Hövägen 23, 446 32 Älvängen;Y;57.954092;12.123567;Göteborg;football
7;2026-10-04;12:00;133811;Flickor 2016(10 år) Grupp B Höst;3;2;6832297;5;/go-to/?fmid=6832297;Jitex BK Lila;https://staticcdn.svenskfotboll.se/img/teamssm/7516.png;7;Landvetter IF 2003 F2016 Röd;https://staticcdn.svenskfotboll.se/img/teamssm/6789.png;7;-1--1;Åbyvallen 8 Konstgräs 7M7;Åbyvallen;Idrottsvägen 5, 431 62 Mölndal;Y;57.645363;12.002082;Göteborg;football
7;2026-10-04;12:00;133583;Pojkar 2012(14 år) Medel Grupp A;2;3;6621210;4;/go-to/?fmid=6621210;Örgryte IS Fotboll Vit;https://staticcdn.svenskfotboll.se/img/teamssm/12910.png;7;Mossens BK Svart;https://staticcdn.svenskfotboll.se/img/teamssm/9571.png;7;1-1;ÖIS-gården 2;ÖIS-gården;Korndalsvägen 3, 412 76 Göteborg;Y;57.675233;12.028495;Göteborg;football
1;2026-10-04;12:00;139914;P16 Allsvenskan B-slutspel Mellersta 2026;2;3;6911916;4;/go-to/?fmid=6911916;Örgryte IS Fotboll;https://staticcdn.svenskfotboll.se/img/teamssm/12910.png;7;Husqvarna FF;https://staticcdn.svenskfotboll.se/img/teamssm/11098.png;15;2-3;Hammarviken Arena;ÖIS-gården;Korndalsvägen 3, 412 76 Göteborg;Y;57.675233;12.028495;1;football
7;2026-10-04;12:00;138260;Pojkar 2013(13 år) Höst Lätt Grupp F;2;3;6828476;4;/go-to/?fmid=6828476;Öjersjö IF 1;https://staticcdn.svenskfotboll.se/img/teamssm/7552.png;7;Lerums IS 6;https://staticcdn.svenskfotboll.se/img/teamssm/10756.png;7;7-4;Öjersjö IP 12 Konstgräs;Öjersjö IP;Tallmossevägen 9, 433 50 Öjersjö;Y;57.702889;12.149245;Göteborg;football
7;2026-10-04;12:00;133814;Flickor 2016(10 år) Grupp E Höst;3;2;6829821;5;/go-to/?fmid=6829821;Öjersjö IF F16 Vit;https://staticcdn.svenskfotboll.se/img/teamssm/7552.png;7;Sävedalens IF Röd;https://staticcdn.svenskfotboll.se/img/teamssm/9545.png;7;-1--1;Öjersjö IP 11 Konstgräs;Öjersjö IP;Tallmossevägen 9, 433 50 Öjersjö;Y;57.702889;12.149245;Göteborg;football
7;2026-10-04;12:00;133585;Pojkar 2012(14 år) Lätt Grupp A;2;3;6621889;4;/go-to/?fmid=6621889;IF Väster Grön;https://staticcdn.svenskfotboll.se/img/teamssm/9861.png;7;Askims IK P2012 U14 Gul;https://staticcdn.svenskfotboll.se/img/teamssm/11617.png;7;9-3;Önneredsplan 1 Konstgräs;Önneredsplan;Ersåsgatan 2, 421 59 Västra Frölunda;Y;57.637219;11.884878;Göteborg;football
7;2026-10-04;12:00;133810;Flickor 2016(10 år) Grupp A Höst;3;2;6832951;5;/go-to/?fmid=6832951;Lunden Överås BK Vit;https://staticcdn.svenskfotboll.se/img/teamssm/10705.png;7;Kållered SK;https://staticcdn.svenskfotboll.se/img/teamssm/10787.png;7;-1--1;Överåsvallen 11 Konstgräs;Överåsvallen;Skogshyddegatan 16, 412 74 Göteborg;Y;57.707876;12.002439;Göteborg;football
7;2026-10-04;12:15;133148;Division 4A Herr;2;4;6529338;4;/go-to/?fmid=6529338;IFK Björkö;https://staticcdn.svenskfotboll.se/img/teamssm/11021.png;7;KF Velebit;https://staticcdn.svenskfotboll.se/img/teamssm/9949.png;7;2-0;Björkö 1 Gräs;Björkö;Bogetvägen, 475 37 Bohus-björkö;Y;57.727796;11.681474;Göteborg;football
7;2026-10-04;12:15;133663;Pojkar 2015(11 år) Grupp I Höst;2;2;6846543;5;/go-to/?fmid=6846543;Brämaregårdens FC svart;https://staticcdn.svenskfotboll.se/img/teamssm/12563.png;7;Lundby IF Vit;https://staticcdn.svenskfotboll.se/img/teamssm/11776.png;7;-1--1;Blidvädersplan 12;Blidvädersplan;Ovädersgatan 1A, 418 34 Göteborg;Y;57.707987;11.887592;Göteborg;football
7;2026-10-04;12:15;133148;Division 4A Herr;2;4;6529337;4;/go-to/?fmid=6529337;Floda BoIF;https://staticcdn.svenskfotboll.se/img/teamssm/11366.png;7;Gunnilse IS;https://staticcdn.svenskfotboll.se/img/teamssm/11237.png;7;4-5;Flodala IP 1 Gräs;Flodala IP;Skallsjö Prästväg 14, 448 31 Floda;Y;57.795503;12.346356;Göteborg;football
7;2026-10-04;12:15;133116;Träningsmatcher Ungdomar Göteborg Flick;3;3;6920546;4;/go-to/?fmid=6920546;Jitex BK (F2011);https://staticcdn.svenskfotboll.se/img/teamssm/7516.png;7;Junior Lions FootballClub F15-U;https://staticcdn.svenskfotboll.se/img/teamssm/13588.png;21;6-3;Förbovallen 1;Förbovallen;Ålegårdsgatan 297, 431 50 Mölndal;Y;57.625892;12.021226;Göteborg;football
7;2026-10-04;12:15;133148;Division 4A Herr;2;4;6529339;4;/go-to/?fmid=6529339;IF Vardar/Makedonija;https://staticcdn.svenskfotboll.se/img/teamssm/9963.png;7;Lerums IS;https://staticcdn.svenskfotboll.se/img/teamssm/10756.png;7;1-4;Generatorsplan;Generatorsplan;Minelundsvägen 14, 417 05 Göteborg;Y;57.730133;11.950968;Göteborg;football
7;2026-10-04;12:15;133950;Division 5B Dam;3;4;6534149;4;/go-to/?fmid=6534149;Guldhedens IK;https://staticcdn.svenskfotboll.se/img/teamssm/11249.png;7;Floda BoIF (U);https://staticcdn.svenskfotboll.se/img/teamssm/11366.png;7;3-1;Guldheden Södra 1 Konstgräs;Guldheden Södra;Gibraltargatan 41, 412 58 Göteborg;Y;57.681136;11.982964;Göteborg;football
7;2026-10-04;12:15;133613;Pojkar 2013(13 år) Höst Medel Grupp B;2;3;6828738;4;/go-to/?fmid=6828738;Angereds IS;https://staticcdn.svenskfotboll.se/img/teamssm/12744.png;7;Proletären FF 1;https://staticcdn.svenskfotboll.se/img/teamssm/10466.png;7;5-4;Gunnaredsplan 12 Konstgräs;Gunnaredsplan;Gunnaredsvallen 4, 413 22 Göteborg;Y;57.800277;12.065439;Göteborg;football
7;2026-10-04;12:15;133148;Division 4A Herr;2;4;6529340;4;/go-to/?fmid=6529340;Hjuviks AIK;https://staticcdn.svenskfotboll.se/img/teamssm/8330.png;7;Partille IF FK;https://staticcdn.svenskfotboll.se/img/teamssm/12478.png;7;2-2;21:47 Arena 1;Hästevik;Torslanda Hästeviks väg, 423 41 Torslanda;Y;57.718779;11.721591;Göteborg;football
7;2026-10-04;12:15;133148;Division 4A Herr;2;4;6529342;4;/go-to/?fmid=6529342;Kareby IS;https://staticcdn.svenskfotboll.se/img/teamssm/10872.png;7;Ytterby IS;https://staticcdn.svenskfotboll.se/img/teamssm/9832.png;7;3-0;Kareby Hed;Kareby Hed;442 46 Kareby;Y;57.903192;11.928436;Göteborg;football
7;2026-10-04;12:15;133811;Flickor 2016(10 år) Grupp B Höst;3;2;6832299;5;/go-to/?fmid=6832299;Askims IK F2016 U10 Vit;https://staticcdn.svenskfotboll.se/img/teamssm/11617.png;7;Näsets SK Röd;https://staticcdn.svenskfotboll.se/img/teamssm/10510.png;7;-1--1;Kobbegården 3 Konstgräs 7M7;Kobbegården;Stora Åvägen 1, 436 34 Askim;Y;57.639723;11.944383;Göteborg;football
7;2026-10-04;12:15;133811;Flickor 2016(10 år) Grupp B Höst;3;2;6832300;5;/go-to/?fmid=6832300;Askims IK F2016 U10 Svart;https://staticcdn.svenskfotboll.se/img/teamssm/11617.png;7;Näsets SK Gul;https://staticcdn.svenskfotboll.se/img/teamssm/10510.png;7;-1--1;Kobbegården 3 Konstgräs 7M7;Kobbegården;Stora Åvägen 1, 436 34 Askim;Y;57.639723;11.944383;Göteborg;football
7;2026-10-04;12:15;133148;Division 4A Herr;2;4;6529341;4;/go-to/?fmid=6529341;Stenkullen GoIK;https://staticcdn.svenskfotboll.se/img/teamssm/10243.png;7;Hisingsbacka FC;https://staticcdn.svenskfotboll.se/img/teamssm/11138.png;7;1-2;Stenkullens IP 2 KG;Stenkullens IP;Granitvägen 3, 443 61 Stenkullen;Y;57.795326;12.310226;Göteborg;football
7;2026-10-04;12:30;133577;Pojkar 2011(15 år) Svår Grupp A;2;3;6608322;4;/go-to/?fmid=6608322;Mölnlycke IS Ungdom;https://staticcdn.svenskfotboll.se/img/teamssm/13695.png;7;Qviding FIF 1;https://staticcdn.svenskfotboll.se/img/teamssm/8089.png;7;8-0;Djupedalsplan A Konstgräs;Djupedals IP;Djupedals Ip, Rullstensvägen 1, 435 41 Mölnlycke;Y;57.652820;12.126316;Göteborg;football
7;2026-10-04;12:30;133765;Flickor 2012-2013 Liten 9M9 Lätt Gr. C Höst;3;3;6829088;4;/go-to/?fmid=6829088;Mölnlycke IF Svart 2013;https://staticcdn.svenskfotboll.se/img/teamssm/10594.png;7;Surte IS FK F13;https://staticcdn.svenskfotboll.se/img/teamssm/12036.png;7;5-7;Djupedalsplan B Konstgräs höger;Djupedals IP;Djupedals Ip, Rullstensvägen 1, 435 41 Mölnlycke;Y;57.652820;12.126316;Göteborg;football
7;2026-10-04;12:30;133581;Pojkar 2011(15 år) Medel Grupp C;2;3;6608194;4;/go-to/?fmid=6608194;Sandarna BK Röd;https://staticcdn.svenskfotboll.se/img/teamssm/10367.png;7;Mölnlycke IF P11;https://staticcdn.svenskfotboll.se/img/teamssm/10594.png;7;3-1;Gröna Vallen 1;Gröna Vallen;Gröna Vallen, Svanebäcksgatan 16, 414 71 Göteborg;Y;57.687961;11.917564;Göteborg;football
7;2026-10-04;12:30;138261;Pojkar 2013(13 år) Höst Medel Grupp F;2;3;6828945;4;/go-to/?fmid=6828945;Kållered SK P13;https://staticcdn.svenskfotboll.se/img/teamssm/10787.png;7;Qviding FIF 1;https://staticcdn.svenskfotboll.se/img/teamssm/8089.png;7;3-2;Kållered Sportcenter 12;Kållered Sportcenter;Tulebovägen 17, 428 34 Kållered;Y;57.611466;12.075548;Göteborg;football
7;2026-10-04;12:30;133684;Pojkar 2016(10 år) Grupp H Höst;2;2;6907722;5;/go-to/?fmid=6907722;Partille IF FK Svart;https://staticcdn.svenskfotboll.se/img/teamssm/12478.png;7;Gunnilse IS Blå;https://staticcdn.svenskfotboll.se/img/teamssm/11237.png;7;-1--1;Lexby 22 Konstgräs;Lexby;Lexbyvägen 4, 433 31 Partille;Y;57.745219;12.123472;Göteborg;football
7;2026-10-04;12:30;133634;Pojkar 2014(12 år) Grupp F Höst;2;2;6842919;5;/go-to/?fmid=6842919;BK Häcken Vit;https://staticcdn.svenskfotboll.se/img/teamssm/11080.png;7;Hönö IS Vit;https://staticcdn.svenskfotboll.se/img/teamssm/11038.png;7;-1--1;Slättadamm 3 konstgräs;Slättadamm;Slättadammsgatan 6, 417 25 Göteborg;Y;57.730565;11.927705;Göteborg;football
7;2026-10-04;12:30;133761;Flickor 2012-2013 Stor 9M9 Svår Höst;3;3;6827812;4;/go-to/?fmid=6827812;IF Mölndal Fotboll F12 Röd;https://staticcdn.svenskfotboll.se/img/teamssm/9569.png;7;Jitex BK;https://staticcdn.svenskfotboll.se/img/teamssm/7516.png;7;3-1;Åbyvallen 2 Konstgräs;Åbyvallen;Idrottsvägen 5, 431 62 Mölndal;Y;57.645363;12.002082;Göteborg;football
7;2026-10-04;12:30;133679;Pojkar 2016(10 år) Grupp C Höst;2;2;6842437;5;/go-to/?fmid=6842437;IF Väster Svart;https://staticcdn.svenskfotboll.se/img/teamssm/9861.png;7;Dalen/Krokslätts FF Gul;https://staticcdn.svenskfotboll.se/img/teamssm/9632.png;7;-1--1;Önneredsplan 2;Önneredsplan;Ersåsgatan 2, 421 59 Västra Frölunda;Y;57.637219;11.884878;Göteborg;football
7;2026-10-04;13:00;133708;Pojkar 2017(9 år) Centrum+Härryda+Mölndal+Väster Grupp B Höst;2;2;6847265;5;/go-to/?fmid=6847265;Näsets SK P2017 Lag 2;https://staticcdn.svenskfotboll.se/img/teamssm/10510.png;7;IF Mölndal Fotboll Vit;https://staticcdn.svenskfotboll.se/img/teamssm/9569.png;7;-1--1;ICA Åkeredshallen Arena;;;N;;;Göteborg;football
1;2026-10-04;13:00;138291;SFL (herr) 2026/27;2;4;6859713;4;/go-to/?fmid=6859713;Uddevalla Futsal Club;https://staticcdn.svenskfotboll.se/img/teamssm/11865.png;28;Norrköping Futsal Klubb;https://staticcdn.svenskfotboll.se/img/teamssm/12324.png;24;5-2;Agnebergshallen;;;N;;;1;football
8;2026-10-04;13:00;133922;Division 6 Herr Södra Halland;2;4;6563780;4;/go-to/?fmid=6563780;IS Örnia;https://staticcdn.svenskfotboll.se/img/teamssm/9753.png;8;Unnaryds GoIF;https://staticcdn.svenskfotboll.se/img/teamssm/9994.png;15;1-2;Alevallen A;Alevallen;Alevallen, Järnvägsleden, Rotorp, Halmstad, Halmstads kommun, Hallands län, 302 39, Sverige;Y;56.667937;12.840292;Halland;football
21;2026-10-04;13:00;135574;Herrar, Div 5 Nordvästra;2;4;6568132;4;/go-to/?fmid=6568132;Ardala GoIF;https://staticcdn.svenskfotboll.se/img/teamssm/11623.png;21;Arentorp/Helås FK;https://staticcdn.svenskfotboll.se/img/teamssm/8703.png;21;0-5;Ardala IP A;Ardala IP;Ardala, Skara kommun, Västra Götalands län, 532 74, Sverige;Y;58.362007;13.338056;Västergötland;football
1;2026-10-04;13:00;129333;P19 Div.1 2026 Västra Götaland;2;3;6585944;4;/go-to/?fmid=6585944;IK Oddevold;https://staticcdn.svenskfotboll.se/img/teamssm/10500.png;28;Qviding FIF;https://staticcdn.svenskfotboll.se/img/teamssm/8089.png;7;1-3;Arwidsroplanen;Arwidsroplanen;Fossums Kvarnväg 4, 451 34 Uddevalla;Y;58.348766;11.975349;1;football
21;2026-10-04;13:00;135583;Herrar, Div 6 Ulricehamn;2;4;6581435;4;/go-to/?fmid=6581435;Marbäcks IF;https://staticcdn.svenskfotboll.se/img/teamssm/10656.png;21;Sexdrega/Hillared;https://staticcdn.svenskfotboll.se/img/teamssm/10345.png;21;4-0;Bäckavallen A;Backavallen;Wadköpingsgatan 153, 422 51 Hisings Backa;Y;57.745322;11.967003;Västergötland;football
7;2026-10-04;13:00;133705;Pojkar 2017(9 år) Hisingen+Öckerö Grupp A Höst;2;2;6848231;5;/go-to/?fmid=6848231;Brämaregårdens FC Svart;https://staticcdn.svenskfotboll.se/img/teamssm/12563.png;7;Öckerö IF P17 Vit;https://staticcdn.svenskfotboll.se/img/teamssm/9774.png;7;-1--1;Blidvädersplan 11;Blidvädersplan;Ovädersgatan 1A, 418 34 Göteborg;Y;57.707987;11.887592;Göteborg;football
7;2026-10-04;13:00;133705;Pojkar 2017(9 år) Hisingen+Öckerö Grupp A Höst;2;2;6848232;5;/go-to/?fmid=6848232;Brämaregårdens FC Orange;https://staticcdn.svenskfotboll.se/img/teamssm/12563.png;7;Öckerö IF P17 Vinröd;https://staticcdn.svenskfotboll.se/img/teamssm/9774.png;7;-1--1;Blidvädersplan 11;Blidvädersplan;Ovädersgatan 1A, 418 34 Göteborg;Y;57.707987;11.887592;Göteborg;football
21;2026-10-04;13:00;135572;Herrar, Div 4 Västra;2;4;6567754;4;/go-to/?fmid=6567754;Holmalunds City FF;https://staticcdn.svenskfotboll.se/img/teamssm/11125.png;21;Gerdskens BK;https://staticcdn.svenskfotboll.se/img/teamssm/8712.png;21;3-2;Brogårdsvallen A-plan;Brogårdsvallen;Brogårdsvallen, Mångatan, Östlyckan, Alingsås distrikt, Alingsås, Alingsås kommun, Västra Götalands län, 441 35, Sverige;Y;57.931561;12.549578;Västergötland;football
21;2026-10-04;13:00;135574;Herrar, Div 5 Nordvästra;2;4;6568119;4;/go-to/?fmid=6568119;Edet FK;https://staticcdn.svenskfotboll.se/img/teamssm/8683.png;21;Nossebro IF;https://staticcdn.svenskfotboll.se/img/teamssm/10536.png;21;5-3;Ekaråsen A;Ekaråsen;Kullåsgatan 13, 463 31 Lilla Edet;Y;58.133838;12.129724;Västergötland;football
21;2026-10-04;13:00;135579;Herrar, Div 6 Lidköping;2;4;6581345;5;/go-to/?fmid=6581345;Källby IF;https://staticcdn.svenskfotboll.se/img/teamssm/10783.png;21;Norra Härene BK;https://staticcdn.svenskfotboll.se/img/teamssm/8673.png;21;0-0;Eolsborg A-plan;Eolsborg;Källby Idrottsförening,Eolsborg, 533 73 Källby;Y;58.505503;13.305415;Västergötland;football
8;2026-10-04;13:00;133920;Division 5 Herr Södra Halland;2;4;6526938;4;/go-to/?fmid=6526938;Oskarström IS;https://staticcdn.svenskfotboll.se/img/teamssm/10488.png;8;Trönninge IF;https://staticcdn.svenskfotboll.se/img/teamssm/9484.png;8;4-0;Esperedsvallen;Esperedsvallen;Esperedsvallen, Sennanvägen, Oskarström, Halmstads kommun, Hallands län, 313 31, Sverige;Y;56.796444;12.976225;Halland;football
1;2026-10-04;13:00;131966;Div 1 Södra, dam 2026;3;4;6545853;4;/go-to/?fmid=6545853;Skepplanda BTK;https://staticcdn.svenskfotboll.se/img/teamssm/10314.png;21;IK Zenith;https://staticcdn.svenskfotboll.se/img/teamssm/9829.png;7;1-0;Forsvallen A-plan;Forsvallen IP;Vadbacka 125, 446 94 Skepplanda;Y;57.977314;12.195539;1;football
21;2026-10-04;13:00;135577;Herrar, Div 5 Sydöstra;2;4;6569822;4;/go-to/?fmid=6569822;Limmareds IF;https://staticcdn.svenskfotboll.se/img/teamssm/10743.png;21;Äspereds IF;https://staticcdn.svenskfotboll.se/img/teamssm/9775.png;21;6-4;Glasvallen A-plan;Glasvallen;Glasvallen, Sparregatan, Limmared, Tranemo kommun, Västra Götalands län, 514 41, Sverige;Y;57.535926;13.367385;Västergötland;football
21;2026-10-04;13:00;135572;Herrar, Div 4 Västra;2;4;6567747;4;/go-to/?fmid=6567747;Trollhättan Syrianska FK;https://staticcdn.svenskfotboll.se/img/teamssm/13203.png;21;Levene-Skogslunds IF;https://staticcdn.svenskfotboll.se/img/teamssm/6924.png;21;2-2;Granngårdens Konstgräs;Granngårdens;Granngårdens Idrottsanläggning, Lextorpsvägen, Lextorp, Trollhättan, Trollhättans kommun, Västra Götalands län, 461 63, Sverige;Y;58.261543;12.297018;Västergötland;football
21;2026-10-04;13:00;135579;Herrar, Div 6 Lidköping;2;4;6581344;4;/go-to/?fmid=6581344;Kållandsö GIF;https://staticcdn.svenskfotboll.se/img/teamssm/8687.png;21;Rackeby IK;https://staticcdn.svenskfotboll.se/img/teamssm/8665.png;21;8-0;Hagavallen, Kållandsö A-plan;Hagavallen;Hagavallen, 531 99 Lidköping;Y;58.659660;13.170273;Västergötland;football
7;2026-10-04;13:00;133810;Flickor 2016(10 år) Grupp A Höst;3;2;6832964;5;/go-to/?fmid=6832964;Älvsborg FF Blå;https://staticcdn.svenskfotboll.se/img/teamssm/9622.png;7;Älvsborg FF Svart;https://staticcdn.svenskfotboll.se/img/teamssm/9622.png;7;-1--1;Hagenplan 11;Hagenplan;Hagens Prästväg 4, 426 74 Västra Frölunda;Y;57.674967;11.882285;Göteborg;football
21;2026-10-04;13:00;135572;Herrar, Div 4 Västra;2;4;6567724;4;/go-to/?fmid=6567724;Halvorstorps IS;https://staticcdn.svenskfotboll.se/img/teamssm/8705.png;21;Sjuntorps IF;https://staticcdn.svenskfotboll.se/img/teamssm/8658.png;21;3-4;Halvorstorps IP A;Halvorstorps IP;Halvorstorps idrottsplats, Hedeängsvägen, Kardanvägens Industriområde, Halvorstorp, Trollhättan, Trollhättans kommun, Västra Götalands län, 461 44, Sverige;Y;58.294961;12.340307;Västergötland;football
21;2026-10-04;13:00;135574;Herrar, Div 5 Nordvästra;2;4;6568109;4;/go-to/?fmid=6568109;Emtunga/Tråvad/Larv;https://staticcdn.svenskfotboll.se/img/teamssm/8698.png;21;Sollebrunns AIK;https://staticcdn.svenskfotboll.se/img/teamssm/10266.png;21;4-2;Hedensborg A;Hedensborg;Hedensborg, Larvs distrikt, Larv, Vara kommun, Västra Götalands län, 534 62, Sverige;Y;58.191394;13.142423;Västergötland;football
28;2026-10-04;13:00;136360;BDFF P15-19 Grön Östra;2;3;6644582;4;/go-to/?fmid=6644582;Rosseröds IK U-17;https://staticcdn.svenskfotboll.se/img/teamssm/8499.png;28;IF Viken P 15-19;https://staticcdn.svenskfotboll.se/img/teamssm/9927.png;28;4-4;Hedevallen Uddevalla;Hedevallen;Hedevallen, O 688, Stenshult, Uddevalla distrikt, Uddevalla kommun, Västra Götalands län, 451 55, Sverige;Y;58.325240;12.004375;Bohuslän-Dalsland;football
21;2026-10-04;13:00;135579;Herrar, Div 6 Lidköping;2;4;6581341;4;/go-to/?fmid=6581341;Hällekis/Trolmen;https://staticcdn.svenskfotboll.se/img/teamssm/11070.png;21;Mellby IK;https://staticcdn.svenskfotboll.se/img/teamssm/8678.png;21;2-1;Hellehof A-plan;Hellehof;Hellehof, Slanthagsvägen, 533 74 Hällekis;Y;58.622241;13.439206;Västergötland;football
21;2026-10-04;13:00;135579;Herrar, Div 6 Lidköping;2;4;6581346;4;/go-to/?fmid=6581346;Edsvära-Norra Vånga FF;https://staticcdn.svenskfotboll.se/img/teamssm/7102.png;21;Örslösa-Söne IK;https://staticcdn.svenskfotboll.se/img/teamssm/12698.png;21;2-6;Holmavallen, Norra Vånga;Holmavallen;Holmavallen, O 2670, Norra Vånga, Norra Vånga distrikt, Vara kommun, Västra Götalands län, Sverige;Y;58.267545;13.301128;Västergötland;football
7;2026-10-04;13:00;133765;Flickor 2012-2013 Liten 9M9 Lätt Gr. C Höst;3;3;6829087;4;/go-to/?fmid=6829087;IK Zenith F2013 Grön;https://staticcdn.svenskfotboll.se/img/teamssm/9829.png;7;Masthuggets BK;https://staticcdn.svenskfotboll.se/img/teamssm/10643.png;7;8-1;Hovgårdsvallen 22 Konstgräs(Bjurforsplanen);Hovgårdsvallen;Gamla Lillebyvägen 1, 432 00 Torslanda;Y;57.751235;11.827376;Göteborg;football
7;2026-10-04;13:00;133634;Pojkar 2014(12 år) Grupp F Höst;2;2;6842917;5;/go-to/?fmid=6842917;IK Zenith Svart;https://staticcdn.svenskfotboll.se/img/teamssm/9829.png;7;Backatorp IF RÖD;https://staticcdn.svenskfotboll.se/img/teamssm/11915.png;7;-1--1;Hovgårdsvallen 21 Konstgräs(Bjurforsplanen);Hovgårdsvallen;Gamla Lillebyvägen 1, 432 00 Torslanda;Y;57.751235;11.827376;Göteborg;football
7;2026-10-04;13:00;133656;Pojkar 2015(11 år) Grupp B Höst;2;2;6850410;5;/go-to/?fmid=6850410;IK Zenith Lila;https://staticcdn.svenskfotboll.se/img/teamssm/9829.png;7;Kärra KIF Svart;https://staticcdn.svenskfotboll.se/img/teamssm/10780.png;7;-1--1;Hovgårdsvallen 31 Konstgräs(Masterservice planen);Hovgårdsvallen;Gamla Lillebyvägen 1, 432 00 Torslanda;Y;57.751235;11.827376;Göteborg;football
7;2026-10-04;13:00;133157;Division 7C Herr;2;4;6534543;4;/go-to/?fmid=6534543;Hålta IK;https://staticcdn.svenskfotboll.se/img/teamssm/12094.png;7;Nol IK;https://staticcdn.svenskfotboll.se/img/teamssm/10573.png;7;0-5;Hålta IP 1 Gräs;Hålta IP;Hålta IK 442 95 Hålta;Y;57.898234;11.815754;Göteborg;football
21;2026-10-04;13:00;135583;Herrar, Div 6 Ulricehamn;2;4;6581436;4;/go-to/?fmid=6581436;Månstads IF;https://staticcdn.svenskfotboll.se/img/teamssm/8675.png;21;Södra Vings IF;https://staticcdn.svenskfotboll.se/img/teamssm/10118.png;21;1-4;Idrottsparken, Månstad A-plan;Idrottsparken Månstad;Idrottsparken, 514 53 Månstad;Y;57.605217;13.370961;Västergötland;football
21;2026-10-04;13:00;135572;Herrar, Div 4 Västra;2;4;6567765;4;/go-to/?fmid=6567765;Jung/Kvänum 10 IF;https://staticcdn.svenskfotboll.se/img/teamssm/12234.png;21;Floby-Grolanda IF;https://staticcdn.svenskfotboll.se/img/teamssm/13639.png;21;2-3;Jungavallen 1;Jungavallen;JUNGAVALLEN, 535 92 Kvänum;Y;58.323572;13.100589;Västergötland;football
21;2026-10-04;13:00;135579;Herrar, Div 6 Lidköping;2;4;6581342;4;/go-to/?fmid=6581342;Järpås IS;https://staticcdn.svenskfotboll.se/img/teamssm/10891.png;21;Trässbergs BK;https://staticcdn.svenskfotboll.se/img/teamssm/8637.png;21;2-3;Järpåsvallen A-plan;Järpåsvallen;Järpåsvallen, Industrigatan, Backa, Godegården, Järpås distrikt, Järpås, Lidköpings kommun, Västra Götalands län, 531 75, Sverige;Y;58.384110;12.978269;Västergötland;football
21;2026-10-04;13:00;135574;Herrar, Div 5 Nordvästra;2;4;6568150;4;/go-to/?fmid=6568150;IFK Trollhättan;https://staticcdn.svenskfotboll.se/img/teamssm/8696.png;21;Göta BK;https://staticcdn.svenskfotboll.se/img/teamssm/11220.png;21;2-1;Kamratgårdens IP A-plan;Kamratgårdens IP;Torparegatan 52, 461 62 Trollhättan;Y;58.264365;12.312669;Västergötland;football
21;2026-10-04;13:00;135577;Herrar, Div 5 Sydöstra;2;4;6569929;4;/go-to/?fmid=6569929;Dardania IF;https://staticcdn.svenskfotboll.se/img/teamssm/12285.png;21;Borgunda IK;https://staticcdn.svenskfotboll.se/img/teamssm/8729.png;21;4-4;Kransmossens IP A;Kransmossens IP;Kransmossens idrottsplats, Kransvägen, Brotorp, Borås, Borås kommun, Västra Götalands län, 507 65, Sverige;Y;57.707261;12.979446;Västergötland;football
1;2026-10-04;13:00;138409;P17 Div.1 2026 A-slutspel Norra Götaland;2;3;6911838;4;/go-to/?fmid=6911838;Falkenbergs FF;https://staticcdn.svenskfotboll.se/img/teamssm/9525.png;8;Norrby IF;https://staticcdn.svenskfotboll.se/img/teamssm/10554.png;21;1-2;Kristineslätt IP 5;Kristineslätt IP;Kristineslätt, Skrea Strand, Falkenberg, Falkenbergs kommun, Hallands län, 311 41, Sverige;Y;56.891601;12.514593;1;football
7;2026-10-04;13:00;133571;Pojkar 2009-2010(16-17 år) Medel Grupp A;2;3;6601608;4;/go-to/?fmid=6601608;Utbynäs SK Gul;https://staticcdn.svenskfotboll.se/img/teamssm/9983.png;7;Floda BoIF;https://staticcdn.svenskfotboll.se/img/teamssm/11366.png;7;4-4;Kviberg 9 KG;Kviberg;Luftvärnsvägen, 415 06 Göteborg;Y;57.737550;12.038540;Göteborg;football
21;2026-10-04;13:00;135577;Herrar, Div 5 Sydöstra;2;4;6569916;4;/go-to/?fmid=6569916;Ulricehamns IFK;https://staticcdn.svenskfotboll.se/img/teamssm/7738.png;21;Mariedals IK;https://staticcdn.svenskfotboll.se/img/teamssm/10652.png;21;1-3;Lassalyckan A-plan konstgräs;Lassalyckan;Lassalyckan, Ulricehamns distrikt, Ulricehamn, Ulricehamns kommun, Västra Götalands län, 523 33, Sverige;Y;57.785778;13.436509;Västergötland;football
21;2026-10-04;13:00;135574;Herrar, Div 5 Nordvästra;2;4;6568139;4;/go-to/?fmid=6568139;Elmer-Fåglum FK;https://staticcdn.svenskfotboll.se/img/teamssm/7702.png;21;Råda BK;https://staticcdn.svenskfotboll.se/img/teamssm/10400.png;21;1-4;Lunnehov 1;Lunnehov;Barne Åsaka 701, 465 95 Nossebro;Y;58.154799;12.827564;Västergötland;football
21;2026-10-04;13:00;135577;Herrar, Div 5 Sydöstra;2;4;6569947;4;/go-to/?fmid=6569947;Gånghester/Målsryd;https://staticcdn.svenskfotboll.se/img/teamssm/8709.png;21;Valtorps IF;https://staticcdn.svenskfotboll.se/img/teamssm/8634.png;21;1-5;Målevi A;Målevi;Målevi, Råslättsvägen, Råslätt, Borås, Borås kommun, Västra Götalands län, 516 77, Sverige;Y;57.689685;13.058975;Västergötland;football
21;2026-10-04;13:00;135574;Herrar, Div 5 Nordvästra;2;4;6568027;4;/go-to/?fmid=6568027;Skoftebyns IF;https://staticcdn.svenskfotboll.se/img/teamssm/8653.png;21;Herrljunga SK FK;https://staticcdn.svenskfotboll.se/img/teamssm/7724.png;21;2-2;Nysätra IP;Nysätra IP;Nysätra idrottsplats, Åkerssjövägen, Skoftebyn, Trollhättan, Trollhättans kommun, Västra Götalands län, 461 55, Sverige;Y;58.264301;12.266413;Västergötland;football
28;2026-10-04;13:00;136364;BDFF P13-14 Grön Södra;2;3;6653188;4;/go-to/?fmid=6653188;Stenungsunds IF P13 Röd Svart;https://staticcdn.svenskfotboll.se/img/teamssm/10236.png;28;Lysekils AIK Pojkar 2013;https://staticcdn.svenskfotboll.se/img/teamssm/10699.png;28;11-2;Olssons Trävaror Arena;Olssons Trävaror Arena;Yttre Ringleden 6, 444 32 Stenungsund;Y;58.067866;11.858581;Bohuslän-Dalsland;football
1;2026-10-04;13:00;138420;P16 Div.1 2026 A-slutspel Södra Götaland;2;3;6911796;4;/go-to/?fmid=6911796;Varbergs BoIS FC;https://staticcdn.svenskfotboll.se/img/teamssm/7701.png;8;Ystads IF FF;https://staticcdn.svenskfotboll.se/img/teamssm/7587.png;14;0-3;Påskbergsvallen konstgräs;Påskbergsvallen;Påskbergsvallen, Kattegattsvägen, Mariedal, Sörse, Varberg, Varbergs kommun, Hallands län, 432 43, Sverige;Y;57.097747;12.265223;1;football
1;2026-10-04;13:00;129327;P19 Superettan Södra 2026;2;3;6561620;4;/go-to/?fmid=6561620;Utsiktens BK;https://staticcdn.svenskfotboll.se/img/teamssm/9982.png;7;Skövde AIK;https://staticcdn.svenskfotboll.se/img/teamssm/10281.png;21;4-2;Ruddalen 3 KG;Ruddalen;Anna Östvägen 8, 426 68 Västra Frölunda;Y;57.664609;11.909282;1;football
7;2026-10-04;13:00;133707;Pojkar 2017(9 år) Centrum+Härryda+Mölndal+Väster Grupp A Höst;2;2;6846893;5;/go-to/?fmid=6846893;SG Ruddalen IF 1;https://staticcdn.svenskfotboll.se/img/teamssm/11284.png;7;Landvetter IS P2017 blå;https://staticcdn.svenskfotboll.se/img/teamssm/10768.png;7;-1--1;Ruddalen 7M7 nr 4 Konstgräs;Ruddalen;Anna Östvägen 8, 426 68 Västra Frölunda;Y;57.664609;11.909282;Göteborg;football
21;2026-10-04;13:00;135579;Herrar, Div 6 Lidköping;2;4;6581343;4;/go-to/?fmid=6581343;Saleby IF;https://staticcdn.svenskfotboll.se/img/teamssm/8661.png;21;Kinne-Vedums IF;https://staticcdn.svenskfotboll.se/img/teamssm/8690.png;21;0-7;Salebyvallen A-plan;Salebyvallen;Saleby 5, 531 93 Lidköping;Y;58.377570;13.134559;Västergötland;football
21;2026-10-04;13:00;136302;P15 Regional Norra Götaland;2;3;6614648;4;/go-to/?fmid=6614648;IF Elfsborg;https://staticcdn.svenskfotboll.se/img/teamssm/11429.png;21;IFK Värnamo;https://staticcdn.svenskfotboll.se/img/teamssm/9120.png;15;7-0;Sjöbo Arena A;Sjöbo Arena;Barnhemsgatan 71, 506 48 Borås;Y;57.755358;12.938517;Västergötland;football
7;2026-10-04;13:00;133152;Division 6A Herr;2;4;6532691;4;/go-to/?fmid=6532691;Tollereds IF;https://staticcdn.svenskfotboll.se/img/teamssm/10081.png;7;Inter GIF;https://staticcdn.svenskfotboll.se/img/teamssm/13055.png;7;4-4;Spinnarvallen 1 Gräs;Spinnarvallen;Tollereds Ströms väg 4, 448 50 Tollered;Y;57.814494;12.424245;Göteborg;football
21;2026-10-04;13:00;135577;Herrar, Div 5 Sydöstra;2;4;6569905;4;/go-to/?fmid=6569905;Stenstorps IF;https://staticcdn.svenskfotboll.se/img/teamssm/10238.png;21;Tomtens IF;https://staticcdn.svenskfotboll.se/img/teamssm/8646.png;21;1-2;Sportvallen A;Sportvallen;Hantverkaregatan, 521 60 Stenstorp;Y;58.269760;13.726880;Västergötland;football
28;2026-10-04;13:00;135692;BDFF P15-19 Grön Västra;2;3;6644266;4;/go-to/?fmid=6644266;IFK Strömstad 2;https://staticcdn.svenskfotboll.se/img/teamssm/10963.png;28;IFK Valla P2011;https://staticcdn.svenskfotboll.se/img/teamssm/8504.png;28;4-1;Strömsvallen - Naturgräs A-plan;Strömsvallen;Strömsvallen, Karlsgatan, Södertull, Kristorp, Strömstad, Strömstads kommun, Västra Götalands län, 452 33, Sverige;Y;58.939742;11.192071;Bohuslän-Dalsland;football
28;2026-10-04;13:00;135704;BDFF F13-14 Grön Östra;3;3;6678379;4;/go-to/?fmid=6678379;IK Svane F12-13 år;https://staticcdn.svenskfotboll.se/img/teamssm/10164.png;28;Brålanda IF;https://staticcdn.svenskfotboll.se/img/teamssm/11513.png;28;4-4;Svanevallen;Svanevallen;Strandvägen 2, 662 96 Svanskog;Y;59.189578;12.558816;Bohuslän-Dalsland;football
21;2026-10-04;13:00;135577;Herrar, Div 5 Sydöstra;2;4;6569936;4;/go-to/?fmid=6569936;Tvärred-Vegby FC;https://staticcdn.svenskfotboll.se/img/teamssm/12098.png;21;Hössna/Timmele;https://staticcdn.svenskfotboll.se/img/teamssm/11034.png;21;1-2;Sämshov A;Sämshov;Sämshov, Sämhovsvägen, Södra Säms distrikt, Vegby, Ulricehamns kommun, Västra Götalands län, 523 62, Sverige;Y;57.682117;13.369144;Västergötland;football
1;2026-10-04;13:00;131959;Div 2 Västra Götaland, herr 2026;2;4;6547592;4;/go-to/?fmid=6547592;BK Astrio;https://staticcdn.svenskfotboll.se/img/teamssm/9529.png;8;Västra Frölunda IF;https://staticcdn.svenskfotboll.se/img/teamssm/9853.png;7;1-1;Söndrums IP A;Söndrums IP;Söndrums Idrottsplats, Bäckagårdsvägen, Pålsbo, Bäckagård, Halmstad, Halmstads kommun, Hallands län, 302 91, Sverige;Y;56.670271;12.797138;1;football
21;2026-10-04;13:00;135572;Herrar, Div 4 Västra;2;4;6567642;4;/go-to/?fmid=6567642;Trollhättans BoIS;https://staticcdn.svenskfotboll.se/img/teamssm/8643.png;21;Bosna FC;https://staticcdn.svenskfotboll.se/img/teamssm/7272.png;21;1-2;Torsbovallen A-plan;Torsbovallen;Torsbovallen, Albertsvägen, Strömslund, Trollhättan, Trollhättans kommun, Västra Götalands län, 461 57, Sverige;Y;58.290529;12.270870;Västergötland;football
21;2026-10-04;13:00;135572;Herrar, Div 4 Västra;2;4;6567734;4;/go-to/?fmid=6567734;Vårgårda IK;https://staticcdn.svenskfotboll.se/img/teamssm/9882.png;21;Skepplanda BTK;https://staticcdn.svenskfotboll.se/img/teamssm/10314.png;21;0-0;Tånga Hed Pua Arena A;Tånga Hed;Tånga Hed Idrottsplatsen, 447 91 Vårgårda;Y;58.028705;12.818220;Västergötland;football
1;2026-10-04;13:00;133439;Elitettan 2026;3;4;6536474;4;/go-to/?fmid=6536474;IFK Göteborg;https://staticcdn.svenskfotboll.se/img/teamssm/11012.png;7;Alingsås IF FF;https://staticcdn.svenskfotboll.se/img/teamssm/12595.png;21;2-1;Valhalla 1 Konstgräs;Valhalla;Valhallagatan 6, 412 51 Göteborg;Y;57.701605;11.991324;1;football
21;2026-10-04;13:00;135583;Herrar, Div 6 Ulricehamn;2;4;6581434;4;/go-to/?fmid=6581434;Ljungsarps IF;https://staticcdn.svenskfotboll.se/img/teamssm/10727.png;21;Sjötofta IF;https://staticcdn.svenskfotboll.se/img/teamssm/8657.png;21;3-1;Vallskoga A;Vallskoga;Lagmansvägen 2, Ljungsarp, 514 55;Y;57.565919;13.593124;Västergötland;football
21;2026-10-04;13:00;136512;Pojkar Div 4 Lidköping;2;3;6708577;4;/go-to/?fmid=6708577;Mariestads BK;https://staticcdn.svenskfotboll.se/img/teamssm/8679.png;21;Trollhättans FK Röd;https://staticcdn.svenskfotboll.se/img/teamssm/8642.png;21;6-0;Vänershofs IP A;Vänershofs IP;Östra Järnvägsgatan 59, 542 33 Mariestad;Y;58.704735;13.837044;Västergötland;football
7;2026-10-04;13:00;133677;Pojkar 2016(10 år) Grupp A Höst;2;2;6841441;5;/go-to/?fmid=6841441;Ytterby IS P2016 Blå Ytterby IS P2016 Blå;https://staticcdn.svenskfotboll.se/img/teamssm/9832.png;7;Hovås Billdal IF 2016 röd;https://staticcdn.svenskfotboll.se/img/teamssm/11109.png;7;-1--1;Ytterns IP 41;Ytterns IP;Ytterby, 442 40 Kungälv;Y;57.869280;11.935196;Göteborg;football
8;2026-10-04;13:00;136435;F10år Norr;3;2;6737750;5;/go-to/?fmid=6737750;Lerkils IF Röd;https://staticcdn.svenskfotboll.se/img/teamssm/10757.png;8;Onsala BK Vit;https://staticcdn.svenskfotboll.se/img/teamssm/10495.png;8;-1--1;Ängås IP B;Ängås IP;Ängåsvägen 39, 434 93 Vallda;Y;57.454340;11.941076;Halland;football
21;2026-10-04;13:00;135583;Herrar, Div 6 Ulricehamn;2;4;6581433;4;/go-to/?fmid=6581433;Gällstads FK;https://staticcdn.svenskfotboll.se/img/teamssm/6966.png;21;Sparsörs AIK;https://staticcdn.svenskfotboll.se/img/teamssm/10260.png;21;0-2;Åvalla A;Åvalla;Åvalla, Bollvägen, Göransfors, Gårdö, Gällstads distrikt, Gällstad, Ulricehamns kommun, Västra Götalands län, 523 60, Sverige;Y;57.667543;13.425517;Västergötland;football
1;2026-10-04;13:00;138420;P16 Div.1 2026 A-slutspel Södra Götaland;2;3;6911795;4;/go-to/?fmid=6911795;IFK Fjärås;https://staticcdn.svenskfotboll.se/img/teamssm/9511.png;8;Eskilsminne IF;https://staticcdn.svenskfotboll.se/img/teamssm/9350.png;14;1-4;Ögärdets IP A;Ögärdets IP;Klövervägen 2A, 439 71 Fjärås;Y;57.459731;12.184603;1;football
7;2026-10-04;13:15;133665;Pojkar 2015(11 år) Grupp K Höst;2;2;6850345;5;/go-to/?fmid=6850345;Lerums IS P15 lila 1;https://staticcdn.svenskfotboll.se/img/teamssm/10756.png;7;Lekstorps IF P15 Grön;https://staticcdn.svenskfotboll.se/img/teamssm/10760.png;7;-1--1;Aspevallen B-plan;Aspevallen;Strandvägen 7, 443 31 Lerum;Y;57.768427;12.253218;Göteborg;football
7;2026-10-04;13:15;133680;Pojkar 2016(10 år) Grupp D Höst;2;2;6843246;5;/go-to/?fmid=6843246;IFK Hindås P16 Blå;https://staticcdn.svenskfotboll.se/img/teamssm/11008.png;7;Landvetter IS P2016 Röd;https://staticcdn.svenskfotboll.se/img/teamssm/10768.png;7;-1--1;Fagervallen 22 Konstgräs;Fagervallen;Sportvägen 9, 438 98 Hindås;Y;57.695964;12.435282;Göteborg;football
7;2026-10-04;13:15;133631;Pojkar 2014(12 år) Grupp C Höst;2;2;6838443;5;/go-to/?fmid=6838443;Qviding FIF Vinröd 2;https://staticcdn.svenskfotboll.se/img/teamssm/8089.png;7;Björndammens BK Vit;https://staticcdn.svenskfotboll.se/img/teamssm/9638.png;7;-1--1;Furulundsplan 12 Konstgräs;Furulundsplan;Furulundsplan, Timmervägen, 433 47 Partille;Y;57.727253;12.129716;Göteborg;football
7;2026-10-04;13:15;133664;Pojkar 2015(11 år) Grupp J Höst;2;2;6851707;5;/go-to/?fmid=6851707;Marieholm IK Svart;https://staticcdn.svenskfotboll.se/img/teamssm/13640.png;7;Qviding FIF Svart 1;https://staticcdn.svenskfotboll.se/img/teamssm/8089.png;7;-1--1;Gunnaredsplan 11 Konstgräs;Gunnaredsplan;Gunnaredsvallen 4, 413 22 Göteborg;Y;57.800277;12.065439;Göteborg;football
7;2026-10-04;13:15;133665;Pojkar 2015(11 år) Grupp K Höst;2;2;6850341;5;/go-to/?fmid=6850341;Qviding FIF Vit 1;https://staticcdn.svenskfotboll.se/img/teamssm/8089.png;7;Sävedalens IF svart;https://staticcdn.svenskfotboll.se/img/teamssm/9545.png;7;-1--1;Härlanda 22;Härlanda Park;Härlanda Park 6B, 416 52 Göteborg;Y;57.716492;12.017055;Göteborg;football
7;2026-10-04;13:15;133665;Pojkar 2015(11 år) Grupp K Höst;2;2;6850342;5;/go-to/?fmid=6850342;Qviding FIF Vit 2;https://staticcdn.svenskfotboll.se/img/teamssm/8089.png;7;Öjersjö IF 2;https://staticcdn.svenskfotboll.se/img/teamssm/7552.png;7;-1--1;Härlanda 22;Härlanda Park;Härlanda Park 6B, 416 52 Göteborg;Y;57.716492;12.017055;Göteborg;football
7;2026-10-04;13:15;133683;Pojkar 2016(10 år) Grupp G Höst;2;2;6844286;5;/go-to/?fmid=6844286;Kärra KIF Vit;https://staticcdn.svenskfotboll.se/img/teamssm/10780.png;7;Nödinge SK Fotboll NSK 1;https://staticcdn.svenskfotboll.se/img/teamssm/10503.png;7;-1--1;Klarebergsvallen 3 Konstgräs 7M7;Klarebergsvallen;Burmans Gata 3, 425 33 Hisings Kärra;Y;57.798761;11.987168;Göteborg;football
7;2026-10-04;13:15;133677;Pojkar 2016(10 år) Grupp A Höst;2;2;6841450;5;/go-to/?fmid=6841450;GoldCoast FC svart;https://staticcdn.svenskfotboll.se/img/teamssm/13374.png;7;Öjersjö IF P16 svart;https://staticcdn.svenskfotboll.se/img/teamssm/7552.png;7;-1--1;Kortedalavallen 3;Kortedalavallen;Kortedala Idrottsväg 13, 415 37 Göteborg;Y;57.751830;12.040079;Göteborg;football
7;2026-10-04;13:15;133570;Pojkar 2009-2010(16-17 år) Svår Grupp A;2;3;6602011;4;/go-to/?fmid=6602011;Landvetter IS;https://staticcdn.svenskfotboll.se/img/teamssm/10768.png;7;KF Velebit;https://staticcdn.svenskfotboll.se/img/teamssm/9949.png;7;4-2;Landvetter IP B-plan;Landvetter IP;Tahultsvägen 60, 438 35 Landvetter;Y;57.702382;12.203031;Göteborg;football
7;2026-10-04;13:15;133632;Pojkar 2014(12 år) Grupp D Höst;2;2;6837628;5;/go-to/?fmid=6837628;Sandarna BK Gul;https://staticcdn.svenskfotboll.se/img/teamssm/10367.png;7;IF Mölndal Fotboll blå;https://staticcdn.svenskfotboll.se/img/teamssm/9569.png;7;-1--1;Sannaplan 2;Sannaplan;Ostindiegatan 28, 414 72 Göteborg;Y;57.685701;11.913302;Göteborg;football
7;2026-10-04;13:15;133812;Flickor 2016(10 år) Grupp C Höst;3;2;6829972;5;/go-to/?fmid=6829972;Torslanda IK 3;https://staticcdn.svenskfotboll.se/img/teamssm/10068.png;7;IF Väster;https://staticcdn.svenskfotboll.se/img/teamssm/9861.png;7;-1--1;Torslandavallen 3 Konstgräs 7M7;Torslandavallen;Torslanda Idrottsväg 17, 423 32 Torslanda;Y;57.718280;11.757490;Göteborg;football
7;2026-10-04;13:15;133813;Flickor 2016(10 år) Grupp D Höst;3;2;6834580;5;/go-to/?fmid=6834580;Älvängens IK F16 blå;https://staticcdn.svenskfotboll.se/img/teamssm/9783.png;7;Romelanda UF F16 Svart;https://staticcdn.svenskfotboll.se/img/teamssm/10427.png;7;-1--1;Älvevi 3 7M7 Konstgräs;Älvevi;Hövägen 23, 446 32 Älvängen;Y;57.954092;12.123567;Göteborg;football
7;2026-10-04;13:15;133811;Flickor 2016(10 år) Grupp B Höst;3;2;6832298;5;/go-to/?fmid=6832298;Jitex BK Vit;https://staticcdn.svenskfotboll.se/img/teamssm/7516.png;7;Landvetter IF 2003 F2016 Svart;https://staticcdn.svenskfotboll.se/img/teamssm/6789.png;7;-1--1;Åbyvallen 8 Konstgräs 7M7;Åbyvallen;Idrottsvägen 5, 431 62 Mölndal;Y;57.645363;12.002082;Göteborg;football
7;2026-10-04;13:15;133835;Flickor 2017(9 år) Centrum+Härryda+Mölndal+Väster Grupp A Höst;3;2;6836430;5;/go-to/?fmid=6836430;IF Mölndal Fotboll Vit;https://staticcdn.svenskfotboll.se/img/teamssm/9569.png;7;Hovås Billdal IF F2017 GUL;https://staticcdn.svenskfotboll.se/img/teamssm/11109.png;7;-1--1;Åbyvallen 9 Konstgräs 7M7;Åbyvallen;Idrottsvägen 5, 431 62 Mölndal;Y;57.645363;12.002082;Göteborg;football
7;2026-10-04;13:15;133835;Flickor 2017(9 år) Centrum+Härryda+Mölndal+Väster Grupp A Höst;3;2;6836433;5;/go-to/?fmid=6836433;IF Mölndal Fotboll Röd;https://staticcdn.svenskfotboll.se/img/teamssm/9569.png;7;Lindome GIF Vit;https://staticcdn.svenskfotboll.se/img/teamssm/10741.png;7;-1--1;Åbyvallen 9 Konstgräs 7M7;Åbyvallen;Idrottsvägen 5, 431 62 Mölndal;Y;57.645363;12.002082;Göteborg;football
7;2026-10-04;13:15;133679;Pojkar 2016(10 år) Grupp C Höst;2;2;6842442;5;/go-to/?fmid=6842442;Näsets SK blå;https://staticcdn.svenskfotboll.se/img/teamssm/10510.png;7;Askims IK P2016 U10 Grå;https://staticcdn.svenskfotboll.se/img/teamssm/11617.png;7;-1--1;Lundin Arena;Åkeredsvallen;Bergsätersgatan 1, 421 66 Västra Frölunda;Y;57.631456;11.900982;Göteborg;football
7;2026-10-04;13:30;133612;Pojkar 2013(13 år) Höst Lätt Grupp A;2;3;6827625;4;/go-to/?fmid=6827625;Kungsladugårds BK Röd;https://staticcdn.svenskfotboll.se/img/teamssm/10799.png;7;Kärra KIF Gul;https://staticcdn.svenskfotboll.se/img/teamssm/10780.png;7;4-6;Apelsinplan 22 Konstgräs;Apelsinplan;Apelsingatan 6, 426 54 Västra Frölunda;Y;57.655054;11.882940;Göteborg;football
7;2026-10-04;13:30;133835;Flickor 2017(9 år) Centrum+Härryda+Mölndal+Väster Grupp A Höst;3;2;6836420;5;/go-to/?fmid=6836420;Kungsladugårds BK F17 - Svart;https://staticcdn.svenskfotboll.se/img/teamssm/10799.png;7;Mossens BK F-17 - Svart;https://staticcdn.svenskfotboll.se/img/teamssm/9571.png;7;-1--1;Sjöbaren Arena;Apelsinplan;Apelsingatan 6, 426 54 Västra Frölunda;Y;57.655054;11.882940;Göteborg;football
7;2026-10-04;13:30;133835;Flickor 2017(9 år) Centrum+Härryda+Mölndal+Väster Grupp A Höst;3;2;6836421;5;/go-to/?fmid=6836421;Kungsladugårds BK F17 - Röd;https://staticcdn.svenskfotboll.se/img/teamssm/10799.png;7;Älvsborg FF F2017 SVART;https://staticcdn.svenskfotboll.se/img/teamssm/9622.png;7;-1--1;Sjöbaren Arena;Apelsinplan;Apelsingatan 6, 426 54 Västra Frölunda;Y;57.655054;11.882940;Göteborg;football
7;2026-10-04;13:30;133677;Pojkar 2016(10 år) Grupp A Höst;2;2;6841446;5;/go-to/?fmid=6841446;Solängens BK 1;https://staticcdn.svenskfotboll.se/img/teamssm/9548.png;7;Kållered SK Vit P16;https://staticcdn.svenskfotboll.se/img/teamssm/10787.png;7;-1--1;Eklandavallen 12;Eklandavallen;Bäckstensgatan 15, 431 49 Mölndal;Y;57.654780;11.959687;Göteborg;football
7;2026-10-04;13:30;133684;Pojkar 2016(10 år) Grupp H Höst;2;2;6907725;5;/go-to/?fmid=6907725;Floda BoIF P16 Svart;https://staticcdn.svenskfotboll.se/img/teamssm/11366.png;7;Lerums IS P2016 2;https://staticcdn.svenskfotboll.se/img/teamssm/10756.png;7;-1--1;Flodala IP 4 FRAMTIDEN;Flodala IP;Skallsjö Prästväg 14, 448 31 Floda;Y;57.795503;12.346356;Göteborg;football
7;2026-10-04;13:30;133637;Pojkar 2014(12 år) Grupp I Höst;2;2;6838099;5;/go-to/?fmid=6838099;Götaholms BK Blå;https://staticcdn.svenskfotboll.se/img/teamssm/9615.png;7;Floda BoIF BLÅ;https://staticcdn.svenskfotboll.se/img/teamssm/11366.png;7;-1--1;Gamlestadsvallen 21 Konstgräs;Gamlestadsvallen;Lars Kaggsgatan 24, 415 04 Göteborg;Y;57.734308;12.013832;Göteborg;football
8;2026-10-04;13:30;138574;P15 Nordvästra C, höst;2;3;6894087;4;/go-to/?fmid=6894087;IF Leikin;https://staticcdn.svenskfotboll.se/img/teamssm/9503.png;8;Ödåkra IF;https://staticcdn.svenskfotboll.se/img/teamssm/9770.png;14;9-0;Halmstad Arena P6;Halmstad Arena;Kristinehedsvägen 4B, 302 44 Halmstad;Y;56.675943;12.888513;Halland;football
7;2026-10-04;13:30;133616;Pojkar 2013(13 år) Höst Lätt Grupp C;2;3;6828558;4;/go-to/?fmid=6828558;Utbynäs SK Blå;https://staticcdn.svenskfotboll.se/img/teamssm/9983.png;7;Lunden Överås BK Grön;https://staticcdn.svenskfotboll.se/img/teamssm/10705.png;7;9-0;Lemmingvallen 22 Konstgräs;Lemmingvallen;Lemmingsgatan 5, 415 07 Göteborg;Y;57.734850;12.052148;Göteborg;football
7;2026-10-04;13:30;133681;Pojkar 2016(10 år) Grupp E Höst;2;2;6843429;5;/go-to/?fmid=6843429;Backatorp IF Röd;https://staticcdn.svenskfotboll.se/img/teamssm/11915.png;7;Götaholms BK P2016;https://staticcdn.svenskfotboll.se/img/teamssm/9615.png;7;-1--1;Lillhagsplan 11;Lillhagsplan;Lillhagsvägen, 422 57 Hisings Backa;Y;57.763300;11.956822;Göteborg;football
7;2026-10-04;13:30;133607;Pojkar 2013(13 år) Höst Svår Grupp B;2;3;6829022;4;/go-to/?fmid=6829022;Solväders FC;https://staticcdn.svenskfotboll.se/img/teamssm/12147.png;7;Youth FC;https://staticcdn.svenskfotboll.se/img/teamssm/13668.png;7;1-13;Länsmansgårdens IP 22 Konstgräs;Länsmansgårdens IP;Temperaturgatan 76, 418 41 Göteborg;Y;57.730616;11.886442;Göteborg;football
7;2026-10-04;13:30;133810;Flickor 2016(10 år) Grupp A Höst;3;2;6832952;5;/go-to/?fmid=6832952;Masthuggets BK;https://staticcdn.svenskfotboll.se/img/teamssm/10643.png;7;Floda BoIF Röd;https://staticcdn.svenskfotboll.se/img/teamssm/11366.png;7;-1--1;Majvallen 11 Konstgräs;Majvallen;Ekedalsgatan 20, 414 68 Göteborg;Y;57.689370;11.936171;Göteborg;football
7;2026-10-04;13:30;133679;Pojkar 2016(10 år) Grupp C Höst;2;2;6842440;5;/go-to/?fmid=6842440;Sandarna BK svart;https://staticcdn.svenskfotboll.se/img/teamssm/10367.png;7;Kungsladugårds BK Vit;https://staticcdn.svenskfotboll.se/img/teamssm/10799.png;7;-1--1;Majvallen 11 Konstgräs;Majvallen;Ekedalsgatan 20, 414 68 Göteborg;Y;57.689370;11.936171;Göteborg;football
7;2026-10-04;13:30;133757;Flickor 2012-2013 Stor 9M9 Medel Gr. A Höst;3;3;6827985;4;/go-to/?fmid=6827985;Mölnlycke IF Svart (F2012);https://staticcdn.svenskfotboll.se/img/teamssm/10594.png;7;Näsets SK Gul;https://staticcdn.svenskfotboll.se/img/teamssm/10510.png;7;6-0;Mölnlycke IP;Mölnlycke IP;Idrottsgatan 1, 435 35 Mölnlycke;Y;57.660896;12.119026;Göteborg;football
7;2026-10-04;13:30;133682;Pojkar 2016(10 år) Grupp F Höst;2;2;6843501;5;/go-to/?fmid=6843501;Öckerö IF vit;https://staticcdn.svenskfotboll.se/img/teamssm/9774.png;7;Kärra KIF Blå;https://staticcdn.svenskfotboll.se/img/teamssm/10780.png;7;-1--1;Prästängen 31 KG;Prästängen;PRÄSTÄNGEN 1, 475 31 Öckerö;Y;57.717030;11.641158;Göteborg;football
7;2026-10-04;13:30;133587;Pojkar 2012(14 år) Medel Grupp B;2;3;6621340;4;/go-to/?fmid=6621340;Älvsborg FF Vit;https://staticcdn.svenskfotboll.se/img/teamssm/9622.png;7;Proletären FF;https://staticcdn.svenskfotboll.se/img/teamssm/10466.png;7;4-2;Påvelund 1 Konstgräs;Påvelund;Redegatan 18, 426 77 Västra Frölunda;Y;57.668781;11.881476;Göteborg;football
7;2026-10-04;13:30;133681;Pojkar 2016(10 år) Grupp E Höst;2;2;6843427;5;/go-to/?fmid=6843427;Proletären FF;https://staticcdn.svenskfotboll.se/img/teamssm/10466.png;7;Landvetter IS P2016 Vit;https://staticcdn.svenskfotboll.se/img/teamssm/10768.png;7;-1--1;Röda Vallen;Röda Vallen;Åkereds Skolväg 22, 421 66 Västra Frölunda;Y;57.634548;11.903425;Göteborg;football
8;2026-10-04;13:30;137617;F14år Blå;3;3;6778865;5;/go-to/?fmid=6778865;BK Astrio Svart;https://staticcdn.svenskfotboll.se/img/teamssm/9529.png;8;IFK Fjärås;https://staticcdn.svenskfotboll.se/img/teamssm/9511.png;8;0-0;Söndrums IP C;Söndrums IP;Söndrums Idrottsplats, Bäckagårdsvägen, Pålsbo, Bäckagård, Halmstad, Halmstads kommun, Hallands län, 302 91, Sverige;Y;56.670271;12.797138;Halland;football
28;2026-10-04;13:30;136236;BDFF F10-12 Röd Västra;3;2;6736701;5;/go-to/?fmid=6736701;Herrestads AIF F2014 Svart;https://staticcdn.svenskfotboll.se/img/teamssm/11149.png;28;Sotenäs Fotboll Norra Svart;https://staticcdn.svenskfotboll.se/img/teamssm/11530.png;28;-1--1;Undavallen Konstgräs;Undavallen;Stan 101, 451 94 Uddevalla;Y;58.336300;11.826976;Bohuslän-Dalsland;football
7;2026-10-04;13:30;133587;Pojkar 2012(14 år) Medel Grupp B;2;3;6621339;4;/go-to/?fmid=6621339;Sävedalens IF Blå;https://staticcdn.svenskfotboll.se/img/teamssm/9545.png;7;Masthuggets BK Blå;https://staticcdn.svenskfotboll.se/img/teamssm/10643.png;7;2-3;Vallhamra 2 Konstgräs;Vallhamra IP;Ugglumsleden 48, 433 64 Sävedalen;Y;57.724452;12.079253;Göteborg;football
7;2026-10-04;13:30;133584;Pojkar 2012(14 år) Medel Grupp D;2;3;6621601;4;/go-to/?fmid=6621601;Ytterby IS Röd;https://staticcdn.svenskfotboll.se/img/teamssm/9832.png;7;Sandarna BK Svart;https://staticcdn.svenskfotboll.se/img/teamssm/10367.png;7;3-1;Ytterns IP 3 konstgräs;Ytterns IP;Ytterby, 442 40 Kungälv;Y;57.869280;11.935196;Göteborg;football
7;2026-10-04;13:30;138260;Pojkar 2013(13 år) Höst Lätt Grupp F;2;3;6828473;4;/go-to/?fmid=6828473;Älvängens IK P13 Vit;https://staticcdn.svenskfotboll.se/img/teamssm/9783.png;7;Backatorp IF Röd;https://staticcdn.svenskfotboll.se/img/teamssm/11915.png;7;4-1;Älvevi 22 Konstgräs HN;Älvevi;Hövägen 23, 446 32 Älvängen;Y;57.954092;12.123567;Göteborg;football
7;2026-10-04;13:30;133581;Pojkar 2011(15 år) Medel Grupp C;2;3;6608145;4;/go-to/?fmid=6608145;Örgryte IS Fotboll Vit;https://staticcdn.svenskfotboll.se/img/teamssm/12910.png;7;Marieholm IK 2;https://staticcdn.svenskfotboll.se/img/teamssm/13640.png;7;5-4;ÖIS-gården 2;ÖIS-gården;Korndalsvägen 3, 412 76 Göteborg;Y;57.675233;12.028495;Göteborg;football
7;2026-10-04;13:45;138259;Pojkar 2013(13 år) Höst Lätt Grupp E;2;3;6828649;4;/go-to/?fmid=6828649;Marieholm IK Svart;https://staticcdn.svenskfotboll.se/img/teamssm/13640.png;7;Lunden Överås BK Svart;https://staticcdn.svenskfotboll.se/img/teamssm/10705.png;7;4-2;Gunnaredsplan 12 Konstgräs;Gunnaredsplan;Gunnaredsvallen 4, 413 22 Göteborg;Y;57.800277;12.065439;Göteborg;football
7;2026-10-04;13:45;133660;Pojkar 2015(11 år) Grupp F Höst;2;2;6846240;5;/go-to/?fmid=6846240;Kållered SK P15 Inter;https://staticcdn.svenskfotboll.se/img/teamssm/10787.png;7;Mölnlycke IS Ungdom P2015;https://staticcdn.svenskfotboll.se/img/teamssm/13695.png;7;-1--1;Kållered Sportcenter 12;Kållered Sportcenter;Tulebovägen 17, 428 34 Kållered;Y;57.611466;12.075548;Göteborg;football
7;2026-10-04;13:45;133684;Pojkar 2016(10 år) Grupp H Höst;2;2;6907721;5;/go-to/?fmid=6907721;Partille IF FK Vit;https://staticcdn.svenskfotboll.se/img/teamssm/12478.png;7;Gunnilse IS Gul;https://staticcdn.svenskfotboll.se/img/teamssm/11237.png;7;-1--1;Lexby 22 Konstgräs;Lexby;Lexbyvägen 4, 433 31 Partille;Y;57.745219;12.123472;Göteborg;football
7;2026-10-04;13:45;133634;Pojkar 2014(12 år) Grupp F Höst;2;2;6842920;5;/go-to/?fmid=6842920;BK Häcken Svart;https://staticcdn.svenskfotboll.se/img/teamssm/11080.png;7;Öckerö IF P2014 vit;https://staticcdn.svenskfotboll.se/img/teamssm/9774.png;7;-1--1;Slättadamm 3 konstgräs;Slättadamm;Slättadammsgatan 6, 417 25 Göteborg;Y;57.730565;11.927705;Göteborg;football
7;2026-10-04;13:45;133810;Flickor 2016(10 år) Grupp A Höst;3;2;6832962;5;/go-to/?fmid=6832962;Nödinge SK Fotboll F16/17 Vit;https://staticcdn.svenskfotboll.se/img/teamssm/10503.png;7;Örgryte IS Fotboll F2016;https://staticcdn.svenskfotboll.se/img/teamssm/12910.png;7;-1--1;Vimmervi 21 Konstgräs;Vimmervi;Gamla Kilandavägen 62, 449 36 Nödinge;Y;57.886226;12.080329;Göteborg;football
7;2026-10-04;13:45;133658;Pojkar 2015(11 år) Grupp D Höst;2;2;6845664;5;/go-to/?fmid=6845664;IF Väster Svart;https://staticcdn.svenskfotboll.se/img/teamssm/9861.png;7;Kungsladugårds BK Röd;https://staticcdn.svenskfotboll.se/img/teamssm/10799.png;7;-1--1;Önneredsplan 2;Önneredsplan;Ersåsgatan 2, 421 59 Västra Frölunda;Y;57.637219;11.884878;Göteborg;football
1;2026-10-04;14:00;135386;Ligacupen Elit Södra;2;4;6719489;4;/go-to/?fmid=6719489;Falkenbergs FF;https://staticcdn.svenskfotboll.se/img/teamssm/9525.png;8;Helsingborgs IF;https://staticcdn.svenskfotboll.se/img/teamssm/9332.png;14;2-0;Olympiafältet Plan 5;;;N;;;1;football
7;2026-10-04;14:00;133708;Pojkar 2017(9 år) Centrum+Härryda+Mölndal+Väster Grupp B Höst;2;2;6847267;5;/go-to/?fmid=6847267;Näsets SK P2017 Lag 5;https://staticcdn.svenskfotboll.se/img/teamssm/10510.png;7;Hovås Billdal IF Lag 3 Blå;https://staticcdn.svenskfotboll.se/img/teamssm/11109.png;7;-1--1;ICA Åkeredshallen Arena;;;N;;;Göteborg;football
7;2026-10-04;14:00;135627;Träningsmatcher Futsal Herr;2;4;6916061;4;/go-to/?fmid=6916061;Nödinge SK Fotboll;https://staticcdn.svenskfotboll.se/img/teamssm/10503.png;7;FK Borac Göteborg;https://staticcdn.svenskfotboll.se/img/teamssm/14761.png;7;5-7;Bohushallen Sporthall;;;N;;;Göteborg;football
7;2026-10-04;14:00;133655;Pojkar 2015(11 år) Grupp A Höst;2;2;6844876;5;/go-to/?fmid=6844876;IK Zenith Vit;https://staticcdn.svenskfotboll.se/img/teamssm/9829.png;7;Guldhedens IK P15;https://staticcdn.svenskfotboll.se/img/teamssm/11249.png;7;-1--1;Anders Svensson vallen;Anders Svensson vallen;Anders Svenssonvallen, Doktor Heymans Gata 1F, 413 22 Göteborg;Y;57.687279;11.968893;Göteborg;football
7;2026-10-04;14:00;133835;Flickor 2017(9 år) Centrum+Härryda+Mölndal+Väster Grupp A Höst;3;2;6836422;5;/go-to/?fmid=6836422;Mölnlycke IF F17 Lag 2;https://staticcdn.svenskfotboll.se/img/teamssm/10594.png;7;Qviding FIF 4;https://staticcdn.svenskfotboll.se/img/teamssm/8089.png;7;-1--1;Djupedalsplan B Konstgräs vänster;Djupedals IP;Djupedals Ip, Rullstensvägen 1, 435 41 Mölnlycke;Y;57.652820;12.126316;Göteborg;football
7;2026-10-04;14:00;133835;Flickor 2017(9 år) Centrum+Härryda+Mölndal+Väster Grupp A Höst;3;2;6836425;5;/go-to/?fmid=6836425;Mölnlycke IF F17 Lag 1;https://staticcdn.svenskfotboll.se/img/teamssm/10594.png;7;Mossens BK F-17 - Vit;https://staticcdn.svenskfotboll.se/img/teamssm/9571.png;7;-1--1;Djupedalsplan B Konstgräs vänster;Djupedals IP;Djupedals Ip, Rullstensvägen 1, 435 41 Mölnlycke;Y;57.652820;12.126316;Göteborg;football
8;2026-10-04;14:00;133921;Division 6 Herr Norra Halland;2;4;6534909;4;/go-to/?fmid=6534909;BK Viljan;https://staticcdn.svenskfotboll.se/img/teamssm/9480.png;8;Glommens IF;https://staticcdn.svenskfotboll.se/img/teamssm/9522.png;8;2-5;Fagervi;Fagervi;Källsjövägen 1, 310 60 Ullared;Y;57.216524;12.813134;Halland;football
8;2026-10-04;14:00;133915;Division 3 Dam Halland;3;4;6526666;4;/go-to/?fmid=6526666;Falkenbergs FF;https://staticcdn.svenskfotboll.se/img/teamssm/9525.png;8;BK Astrio;https://staticcdn.svenskfotboll.se/img/teamssm/9529.png;8;1-0;Falcon Alkoholfri Arena;Falcon Alkoholfri Arena;Falcon alkoholfri Arena, 1, Kristineslättsallén, Kristineslätt, Skrea Strand, Falkenberg, Falkenbergs kommun, Hallands län, 311 46, Sverige;Y;56.893512;12.511116;Halland;football
8;2026-10-04;14:00;133915;Division 3 Dam Halland;3;4;6526669;4;/go-to/?fmid=6526669;IF Böljan Falkenberg;https://staticcdn.svenskfotboll.se/img/teamssm/9528.png;8;IF Centern;https://staticcdn.svenskfotboll.se/img/teamssm/9527.png;8;0-2;Falkenbergs IP A;Falkenbergs IP;Falkenbergs IP A, Skogsvägen, Kristineslätt, Skrea Strand, Falkenberg, Falkenbergs kommun, Hallands län, 311 45, Sverige;Y;56.897775;12.508271;Halland;football
7;2026-10-04;14:00;133588;Pojkar 2012(14 år) Medel Grupp C;2;3;6621473;5;/go-to/?fmid=6621473;Floda BoIF Vit;https://staticcdn.svenskfotboll.se/img/teamssm/11366.png;7;Götaholms BK Blå;https://staticcdn.svenskfotboll.se/img/teamssm/9615.png;7;0-0;Flodala IP 3 KG;Flodala IP;Skallsjö Prästväg 14, 448 31 Floda;Y;57.795503;12.346356;Göteborg;football
1;2026-10-04;14:00;131818;Div 3 Mellersta Götaland, herr 2026;2;4;6550411;4;/go-to/?fmid=6550411;IFK Uddevalla;https://staticcdn.svenskfotboll.se/img/teamssm/8505.png;28;Bergdalens IK;https://staticcdn.svenskfotboll.se/img/teamssm/11592.png;21;3-1;Fridhemsvallen;Fridhemsvallen;Fridhemsvallen, Fridhemsvägen, 451 93 Uddevalla;Y;58.381083;11.937419;1;football
8;2026-10-04;14:00;133915;Division 3 Dam Halland;3;4;6526671;4;/go-to/?fmid=6526671;Frillesås FF;https://staticcdn.svenskfotboll.se/img/teamssm/9524.png;8;Åsa IF;https://staticcdn.svenskfotboll.se/img/teamssm/9807.png;8;2-0;Frillesås IP A;Frillesås IP;Rya industriväg 39, 439 62 Frillesås;Y;57.322466;12.184797;Halland;football
8;2026-10-04;14:00;133915;Division 3 Dam Halland;3;4;6526668;4;/go-to/?fmid=6526668;Laholms FK;https://staticcdn.svenskfotboll.se/img/teamssm/9504.png;8;Lerkils IF;https://staticcdn.svenskfotboll.se/img/teamssm/10757.png;8;8-0;Glänninge Park A;Glänninge Park;Hellbakken 1, 312 36 Laholm;Y;56.501248;13.054870;Halland;football
1;2026-10-04;14:00;129351;P17 Allsvenskan A-slutspel;2;3;6887048;4;/go-to/?fmid=6887048;BK Häcken;https://staticcdn.svenskfotboll.se/img/teamssm/11080.png;7;Malmö FF;https://staticcdn.svenskfotboll.se/img/teamssm/10661.png;14;5-4;Gothia Park konstgräs;Gothia Park;Entreprenadvägen 6, 417 05 Göteborg;Y;57.740380;11.947473;1;football
7;2026-10-04;14:00;136238;Pojkar 2009-2010(16-17 år) Svår Grupp B;2;3;6602250;4;/go-to/?fmid=6602250;Mossens BK Svart;https://staticcdn.svenskfotboll.se/img/teamssm/9571.png;7;Gunnilse IS;https://staticcdn.svenskfotboll.se/img/teamssm/11237.png;7;5-0;Guldheden Södra 1 Konstgräs;Guldheden Södra;Gibraltargatan 41, 412 58 Göteborg;Y;57.681136;11.982964;Göteborg;football
8;2026-10-04;14:00;139379;P14år Röd A Höst;2;3;6880793;5;/go-to/?fmid=6880793;HGH FC Blå;https://staticcdn.svenskfotboll.se/img/teamssm/9516.png;8;Värö United;https://staticcdn.svenskfotboll.se/img/teamssm/11508.png;8;0-0;Gullevi IP;Gullevi IP;Gullevi idrottsplats, Furugatan, Nyelund, Gullbrandstorp, Halmstads kommun, Hallands län, 305 64, Sverige;Y;56.699776;12.735356;Halland;football
1;2026-10-04;14:00;131817;Div 3 Nordvästra Götaland, herr 2026;2;4;6550688;4;/go-to/?fmid=6550688;Wargöns IK;https://staticcdn.svenskfotboll.se/img/teamssm/9843.png;21;Tidaholms GoIF;https://staticcdn.svenskfotboll.se/img/teamssm/10095.png;21;1-0;Hallevi IP, Wargön C-plan;Hallevi IP;Nordkroksvägen 85, 468 33 Vargön;Y;58.366825;12.400851;1;football
7;2026-10-04;14:00;133758;Flickor 2012-2013 Stor 9M9 Medel Gr. B Höst;3;3;6827906;4;/go-to/?fmid=6827906;GAIS F14;https://staticcdn.svenskfotboll.se/img/teamssm/9614.png;7;Älvsborg FF F2012 Blå;https://staticcdn.svenskfotboll.se/img/teamssm/9622.png;7;3-1;Heden 4 Konstgräs;Heden;Heden, 411 38 Göteborg;Y;57.702854;11.978368;Göteborg;football
8;2026-10-04;14:00;133915;Division 3 Dam Halland;3;4;6526667;4;/go-to/?fmid=6526667;Ullareds IK;https://staticcdn.svenskfotboll.se/img/teamssm/9482.png;8;Trönninge IF;https://staticcdn.svenskfotboll.se/img/teamssm/9484.png;8;2-4;Hedevi 1;Hedevi;Hedevi idrottsplats, Hedevivägen, Heden, Ullared, Falkenbergs kommun, Hallands län, 311 60, Sverige;Y;57.127163;12.718271;Halland;football
8;2026-10-04;14:00;133921;Division 6 Herr Norra Halland;2;4;6534910;4;/go-to/?fmid=6534910;Unite People FC;https://staticcdn.svenskfotboll.se/img/teamssm/13067.png;8;Löftadalens IF;https://staticcdn.svenskfotboll.se/img/teamssm/10681.png;8;1-8;Håstens IP A;Håstens IP;Hästens idrottsplats, Ölandsgatan, Nedregården, Varberg, Varbergs kommun, Hallands län, 432 36, Sverige;Y;57.117456;12.285361;Halland;football
7;2026-10-04;14:00;133810;Flickor 2016(10 år) Grupp A Höst;3;2;6832961;5;/go-to/?fmid=6832961;Kareby IS F16 röd;https://staticcdn.svenskfotboll.se/img/teamssm/10872.png;7;Gunnilse IS F2016;https://staticcdn.svenskfotboll.se/img/teamssm/11237.png;7;-1--1;Kareby Hed 12;Kareby Hed;442 46 Kareby;Y;57.903192;11.928436;Göteborg;football
7;2026-10-04;14:00;133578;Pojkar 2011(15 år) Svår Grupp B;2;3;6608517;4;/go-to/?fmid=6608517;Kärra KIF Blå;https://staticcdn.svenskfotboll.se/img/teamssm/10780.png;7;Älvsborg FF Svart;https://staticcdn.svenskfotboll.se/img/teamssm/9622.png;7;1-0;Klarebergsvallen 2 Konstgräs;Klarebergsvallen;Burmans Gata 3, 425 33 Hisings Kärra;Y;57.798761;11.987168;Göteborg;football
8;2026-10-04;14:00;133921;Division 6 Herr Norra Halland;2;4;6534912;4;/go-to/?fmid=6534912;Ätrafors BK;https://staticcdn.svenskfotboll.se/img/teamssm/9474.png;8;Grimetons IK;https://staticcdn.svenskfotboll.se/img/teamssm/11272.png;8;0-2;Klockarevallen 1;Klockarevallen;Okomevägen 14, 310 60 Ullared;Y;57.060333;12.692849;Halland;football
21;2026-10-04;14:00;136731;Pojkar Div 8 Borås norr;2;3;6723501;4;/go-to/?fmid=6723501;Kronängs IF Vit;https://staticcdn.svenskfotboll.se/img/teamssm/8688.png;21;Svansjö;https://staticcdn.svenskfotboll.se/img/teamssm/11958.png;21;11-1;Kronäng Arena;Kronäng Arena;Schaktgatan 1, 504 41 Borås;Y;57.696516;12.931606;Västergötland;football
1;2026-10-04;14:00;133302;F17 Allsvenskan Södra 2026;3;3;6577469;4;/go-to/?fmid=6577469;IFK Göteborg;https://staticcdn.svenskfotboll.se/img/teamssm/11012.png;7;Växjö DFF;https://staticcdn.svenskfotboll.se/img/teamssm/8265.png;15;12-1;Kviberg 6 KG;Kviberg;Luftvärnsvägen, 415 06 Göteborg;Y;57.737550;12.038540;1;football
8;2026-10-04;14:00;136434;F10år Söder;3;2;6726590;5;/go-to/?fmid=6726590;VGLT;https://staticcdn.svenskfotboll.se/img/teamssm/7223.png;8;Skottorps IF Vit;https://staticcdn.svenskfotboll.se/img/teamssm/10302.png;8;-1--1;L:a Tjärby IP B;L:a Tjärby IP;Fridhemsvägen 54, 312 35 Laholm;Y;56.530665;13.062072;Halland;football
1;2026-10-04;14:00;131818;Div 3 Mellersta Götaland, herr 2026;2;4;6550410;4;/go-to/?fmid=6550410;Alingsås IF FF;https://staticcdn.svenskfotboll.se/img/teamssm/12595.png;21;Västkurd BK;https://staticcdn.svenskfotboll.se/img/teamssm/12987.png;7;5-2;Mjörnvallen, A-plan;Mjörnvallen;Mjörnvallen, Mjörnstrandsvägen, Stadsskogen, Alingsås distrikt, Alingsås, Alingsås kommun, Västra Götalands län, 441 44, Sverige;Y;57.930328;12.504176;1;football
7;2026-10-04;14:00;133813;Flickor 2016(10 år) Grupp D Höst;3;2;6834577;5;/go-to/?fmid=6834577;IK Kongahälla;https://staticcdn.svenskfotboll.se/img/teamssm/9590.png;7;IK Zenith F2016 Grön;https://staticcdn.svenskfotboll.se/img/teamssm/9829.png;7;-1--1;Munkegärdesplan 22 Konstgräs;Munkegärdesplan;Räfsalsvägen 11, 442 42 Kungälv;Y;57.890004;11.967916;Göteborg;football
1;2026-10-04;14:00;131818;Div 3 Mellersta Götaland, herr 2026;2;4;6550415;4;/go-to/?fmid=6550415;Öckerö IF;https://staticcdn.svenskfotboll.se/img/teamssm/9774.png;7;Hovås Billdal IF;https://staticcdn.svenskfotboll.se/img/teamssm/11109.png;7;0-5;Prästängen 1 Konstgräs;Prästängen;PRÄSTÄNGEN 1, 475 31 Öckerö;Y;57.717030;11.641158;1;football
28;2026-10-04;14:00;139706;BDFF F15-19 Grön Höst;3;3;6906040;4;/go-to/?fmid=6906040;IF Viken Fö 11/12;https://staticcdn.svenskfotboll.se/img/teamssm/9927.png;28;Vallens IF;https://staticcdn.svenskfotboll.se/img/teamssm/8496.png;28;3-2;Rösvallen;Rösvallen;Läroverksgatan, 662 35 Åmål;Y;59.061009;12.691547;Bohuslän-Dalsland;football
1;2026-10-04;14:00;131957;Div 2 Norra Götaland, herr 2026;2;4;6547410;4;/go-to/?fmid=6547410;Ahlafors IF;https://staticcdn.svenskfotboll.se/img/teamssm/11662.png;7;Motala AIF FK;https://staticcdn.svenskfotboll.se/img/teamssm/7557.png;24;6-2;Svenska Stenhus Arena 1 Gräs;Sjövallen IP;Sjövallavägen 111, 449 50 Alafors;Y;57.915942;12.107763;1;football
8;2026-10-04;14:00;133922;Division 6 Herr Södra Halland;2;4;6563768;4;/go-to/?fmid=6563768;Skogaby BK;https://staticcdn.svenskfotboll.se/img/teamssm/9494.png;8;Simlångsdalens IF;https://staticcdn.svenskfotboll.se/img/teamssm/10333.png;8;0-7;Skogaby IP A;Skogaby IP;Skogaby, Laholms kommun, Hallands län, Sverige;Y;56.530394;13.186321;Halland;football
1;2026-10-04;14:00;129332;P19 Div.1 2026 Norra Götaland;2;3;6583556;4;/go-to/?fmid=6583556;Skara FC;https://staticcdn.svenskfotboll.se/img/teamssm/7451.png;21;FC Trollhättan;https://staticcdn.svenskfotboll.se/img/teamssm/6983.png;21;0-6;Sparbanken Arena F;Sparbanken Arena;Sparbanken Arena, E 20, Vilans fritidsområde, Skara domkyrkodistrikt, Skara, Skara kommun, Västra Götalands län, 532 37, Sverige;Y;58.388258;13.461198;1;football
1;2026-10-04;14:00;131817;Div 3 Nordvästra Götaland, herr 2026;2;4;6550686;4;/go-to/?fmid=6550686;Trollhättans FK;https://staticcdn.svenskfotboll.se/img/teamssm/8642.png;21;IK Gauthiod;https://staticcdn.svenskfotboll.se/img/teamssm/11304.png;21;1-2;Stavrelunds IP A-plan;Stavrelunds IP;Stavrelunds idrottsplats, Ljungvägen, Håjums Industriområde, Sandhem, Trollhättan, Trollhättans kommun, Västra Götalands län, 461 42, Sverige;Y;58.285970;12.330196;1;football
8;2026-10-04;14:00;136282;Division 4 Dam Halland;3;4;6612758;4;/go-to/?fmid=6612758;Särö Kullavik IF;https://staticcdn.svenskfotboll.se/img/teamssm/9496.png;8;Getinge IF;https://staticcdn.svenskfotboll.se/img/teamssm/11297.png;8;3-1;Särö IP A;Särö IP;Idrottsgången 2, 429 44 Särö;Y;57.519187;11.972312;Halland;football
8;2026-10-04;14:00;139133;F13år Röd A Höst;3;3;6896257;5;/go-to/?fmid=6896257;Särö Kullavik IF Röd;https://staticcdn.svenskfotboll.se/img/teamssm/9496.png;8;HGH FC;https://staticcdn.svenskfotboll.se/img/teamssm/9516.png;8;0-0;Särö IP B;Särö IP;Idrottsgången 2, 429 44 Särö;Y;57.519187;11.972312;Halland;football
7;2026-10-04;14:00;133682;Pojkar 2016(10 år) Grupp F Höst;2;2;6843495;5;/go-to/?fmid=6843495;Torslanda IK Bears;https://staticcdn.svenskfotboll.se/img/teamssm/10068.png;7;Surte IS FK Gul;https://staticcdn.svenskfotboll.se/img/teamssm/12036.png;7;-1--1;Torslandavallen 41 Gräs;Torslandavallen;Torslanda Idrottsväg 17, 423 32 Torslanda;Y;57.718280;11.757490;Göteborg;football
1;2026-10-04;14:00;131817;Div 3 Nordvästra Götaland, herr 2026;2;4;6550687;4;/go-to/?fmid=6550687;Vara SK;https://staticcdn.svenskfotboll.se/img/teamssm/9966.png;21;Assyriska IK;https://staticcdn.svenskfotboll.se/img/teamssm/13404.png;15;4-1;Torsvallen A-plan;Torsvallen;Torsvallen, Vallgatan, Lassagården, Vara distrikt, Vara, Vara kommun, Västra Götalands län, 534 32, Sverige;Y;58.264705;12.961627;1;football
8;2026-10-04;14:00;133915;Division 3 Dam Halland;3;4;6526670;4;/go-to/?fmid=6526670;Valinge-Derome DFF;https://staticcdn.svenskfotboll.se/img/teamssm/13051.png;8;HGH FC;https://staticcdn.svenskfotboll.se/img/teamssm/9516.png;8;0-3;Valinge IP;Valinge IP;Valinge, Varbergs kommun, Hallands län, 432 92, Sverige;Y;57.171081;12.381483;Halland;football
1;2026-10-04;14:00;131818;Div 3 Mellersta Götaland, herr 2026;2;4;6550414;4;/go-to/?fmid=6550414;Sävedalens IF;https://staticcdn.svenskfotboll.se/img/teamssm/9545.png;7;Assyriska BK;https://staticcdn.svenskfotboll.se/img/teamssm/9608.png;7;3-1;Vallhamra 1 Gräs;Vallhamra IP;Ugglumsleden 48, 433 64 Sävedalen;Y;57.724452;12.079253;1;football
8;2026-10-04;14:00;133919;Division 5 Herr Norra Halland;2;4;6534781;4;/go-to/?fmid=6534781;Vinbergs IF;https://staticcdn.svenskfotboll.se/img/teamssm/9913.png;8;Rinia IF;https://staticcdn.svenskfotboll.se/img/teamssm/7291.png;8;3-3;Vinåvallen A;Vinåvallen;Vinåvallen, Apelsinvägen, Vinberg, Falkenbergs kommun, Hallands län, 311 94, Sverige;Y;56.946817;12.546193;Halland;football
8;2026-10-04;14:00;136393;F15-16år Röd södra;3;3;6636187;4;/go-to/?fmid=6636187;Alets IK;https://staticcdn.svenskfotboll.se/img/teamssm/9531.png;8;HGH FC;https://staticcdn.svenskfotboll.se/img/teamssm/9516.png;8;0-10;Wegeli IP 1;Wegeli IP;Klövervägen 1C, 305 71 Haverdal;Y;56.730269;12.667817;Halland;football
1;2026-10-04;14:00;138411;P17 Div.1 2026 B-slutspel Nordvästra Götaland;2;3;6912029;4;/go-to/?fmid=6912029;Ytterby IS;https://staticcdn.svenskfotboll.se/img/teamssm/9832.png;7;Utsiktens BK;https://staticcdn.svenskfotboll.se/img/teamssm/9982.png;7;1-0;Ytterns IP 1 Konstgräs;Ytterns IP;Ytterby, 442 40 Kungälv;Y;57.869280;11.935196;1;football
1;2026-10-04;14:00;131818;Div 3 Mellersta Götaland, herr 2026;2;4;6550413;4;/go-to/?fmid=6550413;Näsets SK;https://staticcdn.svenskfotboll.se/img/teamssm/10510.png;7;Serbiska KIF Semberija Göteborg;https://staticcdn.svenskfotboll.se/img/teamssm/7595.png;7;4-4;Näset Yuncture Arena;Åkeredsvallen;Bergsätersgatan 1, 421 66 Västra Frölunda;Y;57.631456;11.900982;1;football
7;2026-10-04;14:00;133588;Pojkar 2012(14 år) Medel Grupp C;2;3;6621469;4;/go-to/?fmid=6621469;Öjersjö IF Röd;https://staticcdn.svenskfotboll.se/img/teamssm/7552.png;7;IK Zenith Vit;https://staticcdn.svenskfotboll.se/img/teamssm/9829.png;7;1-1;Öjersjö IP 11 Konstgräs;Öjersjö IP;Tallmossevägen 9, 433 50 Öjersjö;Y;57.702889;12.149245;Göteborg;football
7;2026-10-04;14:00;133525;Junior Pojkar Div 2B;2;3;6542953;4;/go-to/?fmid=6542953;IF Väster;https://staticcdn.svenskfotboll.se/img/teamssm/9861.png;7;Torslanda IK HJ 2;https://staticcdn.svenskfotboll.se/img/teamssm/10068.png;7;2-0;Önneredsplan 1 Konstgräs;Önneredsplan;Ersåsgatan 2, 421 59 Västra Frölunda;Y;57.637219;11.884878;Göteborg;football
1;2026-10-04;14:00;131818;Div 3 Mellersta Götaland, herr 2026;2;4;6550412;4;/go-to/?fmid=6550412;Lunden Överås BK;https://staticcdn.svenskfotboll.se/img/teamssm/10705.png;7;IK Zenith;https://staticcdn.svenskfotboll.se/img/teamssm/9829.png;7;0-3;Överåsvallen 1 Konstgräs;Överåsvallen;Skogshyddegatan 16, 412 74 Göteborg;Y;57.707876;12.002439;1;football
7;2026-10-04;14:15;133664;Pojkar 2015(11 år) Grupp J Höst;2;2;6851705;5;/go-to/?fmid=6851705;Bergums IF Blå;https://staticcdn.svenskfotboll.se/img/teamssm/11584.png;7;Qviding FIF Vinröd 2;https://staticcdn.svenskfotboll.se/img/teamssm/8089.png;7;-1--1;Bergumsvallen 22;Bergumsvallen;Grönkullavägen 21, 424 70 Olofstorp;Y;57.801061;12.166928;Göteborg;football
7;2026-10-04;14:15;133153;Division 6B Herr;2;4;6534281;4;/go-to/?fmid=6534281;Ösets BK;https://staticcdn.svenskfotboll.se/img/teamssm/9533.png;7;Lindholmens BK;https://staticcdn.svenskfotboll.se/img/teamssm/9581.png;7;1-3;Gröna Vallen 1;Gröna Vallen;Gröna Vallen, Svanebäcksgatan 16, 414 71 Göteborg;Y;57.687961;11.917564;Göteborg;football
7;2026-10-04;14:15;133680;Pojkar 2016(10 år) Grupp D Höst;2;2;6843249;5;/go-to/?fmid=6843249;Älvsborg FF 3;https://staticcdn.svenskfotboll.se/img/teamssm/9622.png;7;Näsets SK röd;https://staticcdn.svenskfotboll.se/img/teamssm/10510.png;7;-1--1;Hagenplan 11;Hagenplan;Hagens Prästväg 4, 426 74 Västra Frölunda;Y;57.674967;11.882285;Göteborg;football
7;2026-10-04;14:15;133156;Division 7B Herr;2;4;6534421;4;/go-to/?fmid=6534421;Gothenburg Celtic FC;https://staticcdn.svenskfotboll.se/img/teamssm/12216.png;7;BK S:t Jakob;https://staticcdn.svenskfotboll.se/img/teamssm/7175.png;7;2-1;Heden 3 Konstgräs;Heden;Heden, 411 38 Göteborg;Y;57.702854;11.978368;Göteborg;football
7;2026-10-04;14:15;133634;Pojkar 2014(12 år) Grupp F Höst;2;2;6842918;5;/go-to/?fmid=6842918;IK Zenith Grön;https://staticcdn.svenskfotboll.se/img/teamssm/9829.png;7;Hönö IS Röd;https://staticcdn.svenskfotboll.se/img/teamssm/11038.png;7;-1--1;Hovgårdsvallen 21 Konstgräs(Bjurforsplanen);Hovgårdsvallen;Gamla Lillebyvägen 1, 432 00 Torslanda;Y;57.751235;11.827376;Göteborg;football
7;2026-10-04;14:15;133150;Division 5A Herr;2;4;6532419;4;/go-to/?fmid=6532419;Vatra KIF;https://staticcdn.svenskfotboll.se/img/teamssm/13171.png;7;Hönö IS;https://staticcdn.svenskfotboll.se/img/teamssm/11038.png;7;2-8;Bläsebovallen 1 Konstgräs;Lövgärdesplan;Svarte Filips Gata 10, 424 44 Angered;N;57.814492;12.031817;Göteborg;football
7;2026-10-04;14:15;133441;Junior Pojkar Div 1;2;3;6538311;4;/go-to/?fmid=6538311;Torslanda IK;https://staticcdn.svenskfotboll.se/img/teamssm/10068.png;7;Mölnlycke IF;https://staticcdn.svenskfotboll.se/img/teamssm/10594.png;7;8-1;Torslandavallen 2 Konstgräs;Torslandavallen;Torslanda Idrottsväg 17, 423 32 Torslanda;Y;57.718280;11.757490;Göteborg;football
7;2026-10-04;14:30;133707;Pojkar 2017(9 år) Centrum+Härryda+Mölndal+Väster Grupp A Höst;2;2;6846889;5;/go-to/?fmid=6846889;Kungsladugårds BK P17 Lag 1;https://staticcdn.svenskfotboll.se/img/teamssm/10799.png;7;Qviding FIF Vinröd 3;https://staticcdn.svenskfotboll.se/img/teamssm/8089.png;7;-1--1;Sjöbaren Arena;Apelsinplan;Apelsingatan 6, 426 54 Västra Frölunda;Y;57.655054;11.882940;Göteborg;football
7;2026-10-04;14:30;133707;Pojkar 2017(9 år) Centrum+Härryda+Mölndal+Väster Grupp A Höst;2;2;6846890;5;/go-to/?fmid=6846890;Kungsladugårds BK P17 lag 2;https://staticcdn.svenskfotboll.se/img/teamssm/10799.png;7;Qviding FIF Vinröd 4;https://staticcdn.svenskfotboll.se/img/teamssm/8089.png;7;-1--1;Sjöbaren Arena;Apelsinplan;Apelsingatan 6, 426 54 Västra Frölunda;Y;57.655054;11.882940;Göteborg;football
7;2026-10-04;14:30;133799;Flickor 2015(11 år) Grupp A Höst;3;2;6840870;5;/go-to/?fmid=6840870;IF Warta Svart;https://staticcdn.svenskfotboll.se/img/teamssm/9841.png;7;Öckerö IF;https://staticcdn.svenskfotboll.se/img/teamssm/9774.png;7;-1--1;Färjenäsplan;Färjenäsplan;Pölsebogatan, 417 67 Göteborg;Y;57.697441;11.901198;Göteborg;football
7;2026-10-04;14:30;133591;Pojkar 2012(14 år) Lätt Grupp D;2;3;6620985;4;/go-to/?fmid=6620985;Fässbergs IF Lila;https://staticcdn.svenskfotboll.se/img/teamssm/9620.png;7;Nödinge SK Fotboll Vit;https://staticcdn.svenskfotboll.se/img/teamssm/10503.png;7;3-5;Förbovallen 1;Förbovallen;Ålegårdsgatan 297, 431 50 Mölndal;Y;57.625892;12.021226;Göteborg;football
7;2026-10-04;14:30;133657;Pojkar 2015(11 år) Grupp C Höst;2;2;6845107;5;/go-to/?fmid=6845107;Marieholm IK P15/16 Vit;https://staticcdn.svenskfotboll.se/img/teamssm/13640.png;7;Lunden Överås BK Svart;https://staticcdn.svenskfotboll.se/img/teamssm/10705.png;7;-1--1;Gunnaredsplan 11 Konstgräs;Gunnaredsplan;Gunnaredsvallen 4, 413 22 Göteborg;Y;57.800277;12.065439;Göteborg;football
1;2026-10-04;14:30;131966;Div 1 Södra, dam 2026;3;4;6545904;4;/go-to/?fmid=6545904;IS Halmia;https://staticcdn.svenskfotboll.se/img/teamssm/9519.png;8;Varbergs BoIS FC;https://staticcdn.svenskfotboll.se/img/teamssm/7701.png;8;1-2;Halmstad Arena P7;Halmstad Arena;Kristinehedsvägen 4B, 302 44 Halmstad;Y;56.675943;12.888513;1;football
7;2026-10-04;14:30;133812;Flickor 2016(10 år) Grupp C Höst;3;2;6829975;5;/go-to/?fmid=6829975;IK Zenith F2016 Blå;https://staticcdn.svenskfotboll.se/img/teamssm/9829.png;7;Kortedala IK F2016;https://staticcdn.svenskfotboll.se/img/teamssm/13561.png;7;-1--1;Hovgårdsvallen 31 Konstgräs(Masterservice planen);Hovgårdsvallen;Gamla Lillebyvägen 1, 432 00 Torslanda;Y;57.751235;11.827376;Göteborg;football
7;2026-10-04;14:30;133682;Pojkar 2016(10 år) Grupp F Höst;2;2;6843500;5;/go-to/?fmid=6843500;IK Zenith Blå P2016;https://staticcdn.svenskfotboll.se/img/teamssm/9829.png;7;Finlandia Pallo AIF Blå;https://staticcdn.svenskfotboll.se/img/teamssm/7939.png;7;-1--1;Hovgårdsvallen 32 Konstgräs(Masterservice planen);Hovgårdsvallen;Gamla Lillebyvägen 1, 432 00 Torslanda;Y;57.751235;11.827376;Göteborg;football
7;2026-10-04;14:30;133684;Pojkar 2016(10 år) Grupp H Höst;2;2;6907723;5;/go-to/?fmid=6907723;Qviding FIF Vit 1;https://staticcdn.svenskfotboll.se/img/teamssm/8089.png;7;Utbynäs SK Grön;https://staticcdn.svenskfotboll.se/img/teamssm/9983.png;7;-1--1;Härlanda 21;Härlanda Park;Härlanda Park 6B, 416 52 Göteborg;Y;57.716492;12.017055;Göteborg;football
7;2026-10-04;14:30;133684;Pojkar 2016(10 år) Grupp H Höst;2;2;6907724;5;/go-to/?fmid=6907724;Qviding FIF Vit 2;https://staticcdn.svenskfotboll.se/img/teamssm/8089.png;7;Utbynäs SK Gul;https://staticcdn.svenskfotboll.se/img/teamssm/9983.png;7;-1--1;Härlanda 22;Härlanda Park;Härlanda Park 6B, 416 52 Göteborg;Y;57.716492;12.017055;Göteborg;football
7;2026-10-04;14:30;133662;Pojkar 2015(11 år) Grupp H Höst;2;2;6846440;5;/go-to/?fmid=6846440;Kärra KIF Blå;https://staticcdn.svenskfotboll.se/img/teamssm/10780.png;7;Torslanda IK B;https://staticcdn.svenskfotboll.se/img/teamssm/10068.png;7;-1--1;Klarebergsvallen 3 Konstgräs 7M7;Klarebergsvallen;Burmans Gata 3, 425 33 Hisings Kärra;Y;57.798761;11.987168;Göteborg;football
7;2026-10-04;14:30;133586;Pojkar 2012(14 år) Svår Grupp A;2;3;6622165;4;/go-to/?fmid=6622165;Askims IK P2012 U14 Röd;https://staticcdn.svenskfotboll.se/img/teamssm/11617.png;7;Utsiktens BK;https://staticcdn.svenskfotboll.se/img/teamssm/9982.png;7;1-2;Kobbegården 1 Konstgräs;Kobbegården;Stora Åvägen 1, 436 34 Askim;Y;57.639723;11.944383;Göteborg;football
7;2026-10-04;14:30;133677;Pojkar 2016(10 år) Grupp A Höst;2;2;6841449;5;/go-to/?fmid=6841449;GoldCoast FC gul;https://staticcdn.svenskfotboll.se/img/teamssm/13374.png;7;Öjersjö IF P16 blå;https://staticcdn.svenskfotboll.se/img/teamssm/7552.png;7;-1--1;Kortedalavallen 3;Kortedalavallen;Kortedala Idrottsväg 13, 415 37 Göteborg;Y;57.751830;12.040079;Göteborg;football
7;2026-10-04;14:30;133657;Pojkar 2015(11 år) Grupp C Höst;2;2;6845105;5;/go-to/?fmid=6845105;Utbynäs SK Gul;https://staticcdn.svenskfotboll.se/img/teamssm/9983.png;7;Floda BoIF 2;https://staticcdn.svenskfotboll.se/img/teamssm/11366.png;7;-1--1;Kviberg 3:1 gräs 7M7;Kviberg;Luftvärnsvägen, 415 06 Göteborg;Y;57.737550;12.038540;Göteborg;football
7;2026-10-04;14:30;133703;Pojkar 2017(9 år) Lerum+Partille+Öster Grupp A Höst;2;2;6848809;5;/go-to/?fmid=6848809;Lunden Överås BK Grön;https://staticcdn.svenskfotboll.se/img/teamssm/10705.png;7;Sävedalens IF Lejonen 2;https://staticcdn.svenskfotboll.se/img/teamssm/9545.png;7;-1--1;Kviberg 1 konstgräs;Kviberg;Luftvärnsvägen, 415 06 Göteborg;Y;57.737550;12.038540;Göteborg;football
1;2026-10-04;14:30;139916;P16 Allsvenskan A-slutspel Södra 2026;2;3;6912046;4;/go-to/?fmid=6912046;IFK Göteborg;https://staticcdn.svenskfotboll.se/img/teamssm/11012.png;7;BK Olympic;https://staticcdn.svenskfotboll.se/img/teamssm/9262.png;14;1-1;Prioritet Serneke Arena Konstgräs;Prioritet Serneke Arena Konstgräs;Krutvägen 2-4, 415 27 Göteborg;Y;57.738145;12.032560;1;football
7;2026-10-04;14:30;133660;Pojkar 2015(11 år) Grupp F Höst;2;2;6846220;5;/go-to/?fmid=6846220;Sandarna BK Röd;https://staticcdn.svenskfotboll.se/img/teamssm/10367.png;7;Mossens BK P15 Röd;https://staticcdn.svenskfotboll.se/img/teamssm/9571.png;7;-1--1;Sannaplan 2;Sannaplan;Ostindiegatan 28, 414 72 Göteborg;Y;57.685701;11.913302;Göteborg;football
7;2026-10-04;14:30;133641;Pojkar 2014(12 år) Grupp K Höst;2;2;6837967;5;/go-to/?fmid=6837967;Torslanda IK Röd;https://staticcdn.svenskfotboll.se/img/teamssm/10068.png;7;Dalen/Krokslätts FF Blå;https://staticcdn.svenskfotboll.se/img/teamssm/9632.png;7;-1--1;Torslandavallen 3 Konstgräs 7M7;Torslandavallen;Torslanda Idrottsväg 17, 423 32 Torslanda;Y;57.718280;11.757490;Göteborg;football
7;2026-10-04;14:30;133812;Flickor 2016(10 år) Grupp C Höst;3;2;6829973;5;/go-to/?fmid=6829973;IF Mölndal Fotboll vit;https://staticcdn.svenskfotboll.se/img/teamssm/9569.png;7;Hovås Billdal IF F2016 Vit;https://staticcdn.svenskfotboll.se/img/teamssm/11109.png;7;-1--1;Åbyvallen 9 Konstgräs 7M7;Åbyvallen;Idrottsvägen 5, 431 62 Mölndal;Y;57.645363;12.002082;Göteborg;football
7;2026-10-04;14:30;133679;Pojkar 2016(10 år) Grupp C Höst;2;2;6842441;5;/go-to/?fmid=6842441;Näsets SK gul;https://staticcdn.svenskfotboll.se/img/teamssm/10510.png;7;Askims IK P2016 U10 Svart;https://staticcdn.svenskfotboll.se/img/teamssm/11617.png;7;-1--1;Lundin Arena;Åkeredsvallen;Bergsätersgatan 1, 421 66 Västra Frölunda;Y;57.631456;11.900982;Göteborg;football
7;2026-10-04;14:30;133742;Flickor 2011 Regional;3;3;6597823;4;/go-to/?fmid=6597823;Örgryte IS Fotboll F2011;https://staticcdn.svenskfotboll.se/img/teamssm/12910.png;7;Skene IF Damjunior;https://staticcdn.svenskfotboll.se/img/teamssm/8655.png;21;1-3;Hammarviken Arena;ÖIS-gården;Korndalsvägen 3, 412 76 Göteborg;Y;57.675233;12.028495;Göteborg;football
7;2026-10-04;14:45;133677;Pojkar 2016(10 år) Grupp A Höst;2;2;6841445;5;/go-to/?fmid=6841445;Solängens BK 2;https://staticcdn.svenskfotboll.se/img/teamssm/9548.png;7;Kållered SK Blå P16;https://staticcdn.svenskfotboll.se/img/teamssm/10787.png;7;-1--1;Eklandavallen 12;Eklandavallen;Bäckstensgatan 15, 431 49 Mölndal;Y;57.654780;11.959687;Göteborg;football
7;2026-10-04;14:45;133680;Pojkar 2016(10 år) Grupp D Höst;2;2;6843245;5;/go-to/?fmid=6843245;IFK Hindås P16 Röd;https://staticcdn.svenskfotboll.se/img/teamssm/11008.png;7;Landvetter IS P2016 Grön;https://staticcdn.svenskfotboll.se/img/teamssm/10768.png;7;-1--1;Fagervallen 22 Konstgräs;Fagervallen;Sportvägen 9, 438 98 Hindås;Y;57.695964;12.435282;Göteborg;football
7;2026-10-04;14:45;133684;Pojkar 2016(10 år) Grupp H Höst;2;2;6907726;5;/go-to/?fmid=6907726;Floda BoIF P16 Vit;https://staticcdn.svenskfotboll.se/img/teamssm/11366.png;7;Lerums IS P2016 1;https://staticcdn.svenskfotboll.se/img/teamssm/10756.png;7;-1--1;Flodala IP 4 FRAMTIDEN;Flodala IP;Skallsjö Prästväg 14, 448 31 Floda;Y;57.795503;12.346356;Göteborg;football
7;2026-10-04;14:45;133677;Pojkar 2016(10 år) Grupp A Höst;2;2;6841447;5;/go-to/?fmid=6841447;Lekstorps IF P16 Vit;https://staticcdn.svenskfotboll.se/img/teamssm/10760.png;7;Lunden Överås BK Vit;https://staticcdn.svenskfotboll.se/img/teamssm/10705.png;7;-1--1;LP Idrottsplats A - plan/ Halva B;LP - Idrottspark;LP Idrottspark, Sportvägen 7, 443 40 Gråbo;Y;57.841028;12.289142;Göteborg;football
7;2026-10-04;14:45;133811;Flickor 2016(10 år) Grupp B Höst;3;2;6832301;5;/go-to/?fmid=6832301;Azalea BK F2016 Vit;https://staticcdn.svenskfotboll.se/img/teamssm/7817.png;7;Hovås Billdal IF F2016 Blå;https://staticcdn.svenskfotboll.se/img/teamssm/11109.png;7;-1--1;Majvallen 12 Konstgräs;Majvallen;Ekedalsgatan 20, 414 68 Göteborg;Y;57.689370;11.936171;Göteborg;football
7;2026-10-04;14:45;133679;Pojkar 2016(10 år) Grupp C Höst;2;2;6842439;5;/go-to/?fmid=6842439;Sandarna BK Röd;https://staticcdn.svenskfotboll.se/img/teamssm/10367.png;7;Kungsladugårds BK Röd;https://staticcdn.svenskfotboll.se/img/teamssm/10799.png;7;-1--1;Majvallen 11 Konstgräs;Majvallen;Ekedalsgatan 20, 414 68 Göteborg;Y;57.689370;11.936171;Göteborg;football
7;2026-10-04;14:45;133682;Pojkar 2016(10 år) Grupp F Höst;2;2;6843502;5;/go-to/?fmid=6843502;Öckerö IF Vinröd;https://staticcdn.svenskfotboll.se/img/teamssm/9774.png;7;Kärra KIF Gul;https://staticcdn.svenskfotboll.se/img/teamssm/10780.png;7;-1--1;Prästängen 31 KG;Prästängen;PRÄSTÄNGEN 1, 475 31 Öckerö;Y;57.717030;11.641158;Göteborg;football
7;2026-10-04;15:00;133157;Division 7C Herr;2;4;6534568;4;/go-to/?fmid=6534568;Goldcoast FC;https://staticcdn.svenskfotboll.se/img/teamssm/13374.png;7;IK Zenith FF;https://staticcdn.svenskfotboll.se/img/teamssm/13708.png;7;1-4;Bergsjövallen 2 Konstgräs;Bergsjövallen;Sjustjärnan 20, 415 51 Göteborg;Y;57.750377;12.057010;Göteborg;football
7;2026-10-04;15:00;133678;Pojkar 2016(10 år) Grupp B Höst;2;2;6842046;5;/go-to/?fmid=6842046;Hovås Billdal IF 2016 Gul;https://staticcdn.svenskfotboll.se/img/teamssm/11109.png;7;Hjuviks AIK P2016 Blå;https://staticcdn.svenskfotboll.se/img/teamssm/8330.png;7;-1--1;Billdalsvallen 1A;Billdalsvallen;Påls väg, 427 36 Göteborg;Y;57.588232;11.949791;Göteborg;football
21;2026-10-04;15:00;136663;Pojkar Div 6 Alingsås;2;3;6862727;5;/go-to/?fmid=6862727;Brämhults IK Svart;https://staticcdn.svenskfotboll.se/img/teamssm/8727.png;21;Vårgårda IK;https://staticcdn.svenskfotboll.se/img/teamssm/9882.png;21;0-0;Brämhults IP B;Brämhults IP;Gamla Brämhultsvägen, Hässleholmen, Borås, Borås kommun, Västra Götalands län, 507 44, Sverige;Y;57.726346;12.970209;Västergötland;football
1;2026-10-04;15:00;138417;P16 Div.1 2026 B-slutspel Västra Götaland;2;3;6911997;4;/go-to/?fmid=6911997;Mölnlycke IS Ungdom;https://staticcdn.svenskfotboll.se/img/teamssm/13695.png;7;Falkenbergs FF;https://staticcdn.svenskfotboll.se/img/teamssm/9525.png;8;0-0;Djupedalsplan A Konstgräs;Djupedals IP;Djupedals Ip, Rullstensvägen 1, 435 41 Mölnlycke;Y;57.652820;12.126316;1;football
1;2026-10-04;15:00;131965;Div 1 Mellersta, dam 2026;3;4;6545746;4;/go-to/?fmid=6545746;FC Trollhättan;https://staticcdn.svenskfotboll.se/img/teamssm/6983.png;21;Västerås SK FK;https://staticcdn.svenskfotboll.se/img/teamssm/7998.png;22;4-1;Edsborgs IP A-plan;Edsborgs IP;Edsborgs idrottsplats, Solrosvägen, Stavre, Trollhättan, Trollhättans kommun, Västra Götalands län, 461 43, Sverige;Y;58.290180;12.312179;1;football
7;2026-10-04;15:00;133586;Pojkar 2012(14 år) Svår Grupp A;2;3;6622163;4;/go-to/?fmid=6622163;GAIS Akademi;https://staticcdn.svenskfotboll.se/img/teamssm/9614.png;7;Torslanda IK Lag 1;https://staticcdn.svenskfotboll.se/img/teamssm/10068.png;7;5-3;Gaisgården 2 Konstgräs;Gaisgården;Gamla Boråsvägen 75, 412 76 Göteborg;Y;57.680427;12.029061;Göteborg;football
28;2026-10-04;15:00;136357;BDFF F13-14 Grön Västra;3;3;6678287;4;/go-to/?fmid=6678287;Groheds IF/LSK F2013;https://staticcdn.svenskfotboll.se/img/teamssm/11268.png;28;Rabbalshede IK F 13-14;https://staticcdn.svenskfotboll.se/img/teamssm/8500.png;28;1-1;Grohedsvallen Konstgräs;Grohedsvallen;Grohedsvallen A-plan, O 679, Skäret, Röd, Ammenäs, Forshälla distrikt, Uddevalla kommun, Västra Götalands län, 459 94, Sverige;Y;58.290104;11.849797;Bohuslän-Dalsland;football
8;2026-10-04;15:00;139133;F13år Röd A Höst;3;3;6896280;4;/go-to/?fmid=6896280;Skottorps IF;https://staticcdn.svenskfotboll.se/img/teamssm/10302.png;8;IF Böljan Falkenberg Blå;https://staticcdn.svenskfotboll.se/img/teamssm/9528.png;8;0-2;Gröningen B3;Gröningen;Gröningens väg 1, 312 77 Skottorp;Y;56.449440;12.954590;Halland;football
7;2026-10-04;15:00;133765;Flickor 2012-2013 Liten 9M9 Lätt Gr. C Höst;3;3;6829085;4;/go-to/?fmid=6829085;Qviding FIF 1;https://staticcdn.svenskfotboll.se/img/teamssm/8089.png;7;Utbynäs SK F13 Gul;https://staticcdn.svenskfotboll.se/img/teamssm/9983.png;7;3-8;Härlanda 11;Härlanda Park;Härlanda Park 6B, 416 52 Göteborg;Y;57.716492;12.017055;Göteborg;football
8;2026-10-04;15:00;137649;P14år Vit;2;3;6781232;5;/go-to/?fmid=6781232;Falkenbergs FF Vit;https://staticcdn.svenskfotboll.se/img/teamssm/9525.png;8;HÅ FF Vit;https://staticcdn.svenskfotboll.se/img/teamssm/7883.png;8;0-0;Kristineslätt IP 5;Kristineslätt IP;Kristineslätt, Skrea Strand, Falkenberg, Falkenbergs kommun, Hallands län, 311 41, Sverige;Y;56.891601;12.514593;Halland;football
7;2026-10-04;15:00;133589;Pojkar 2012(14 år) Lätt Grupp B;2;3;6621945;4;/go-to/?fmid=6621945;Eriksbergs IF;https://staticcdn.svenskfotboll.se/img/teamssm/9629.png;7;Kärra KIF Svart;https://staticcdn.svenskfotboll.se/img/teamssm/10780.png;7;5-3;Krokängsplan 1 Konstgräs;Krokängsplan;Säterigatan 15, 417 69 Göteborg;Y;57.702920;11.910432;Göteborg;football
7;2026-10-04;15:00;133588;Pojkar 2012(14 år) Medel Grupp C;2;3;6621470;4;/go-to/?fmid=6621470;Landvetter IS P2012 Röd;https://staticcdn.svenskfotboll.se/img/teamssm/10768.png;7;Lunden Överås BK Vit;https://staticcdn.svenskfotboll.se/img/teamssm/10705.png;7;3-0;Landvetter IP B-plan;Landvetter IP;Tahultsvägen 60, 438 35 Landvetter;Y;57.702382;12.203031;Göteborg;football
1;2026-10-04;15:00;133440;OBOS Damallsvenskan 2026;3;4;6529682;4;/go-to/?fmid=6529682;BK Häcken FF;https://staticcdn.svenskfotboll.se/img/teamssm/9584.png;7;IK Uppsala Fotboll;https://staticcdn.svenskfotboll.se/img/teamssm/13001.png;18;9-0;Nordic Wellness Arena;Nordic Wellness Arena;Inlandsgatan 48, 417 15 Göteborg;Y;57.719843;11.932408;1;football
7;2026-10-04;15:00;133713;Pojkar 2017(9 år) Ale+Kungälv Grupp A Höst;2;2;6846643;5;/go-to/?fmid=6846643;Romelanda UF P17 SVART;https://staticcdn.svenskfotboll.se/img/teamssm/10427.png;7;Älvängens IK P17 grön;https://staticcdn.svenskfotboll.se/img/teamssm/9783.png;7;-1--1;Romevi 32 Konstgräs;Romevi;Hög 130, 442 92 Romelanda;Y;57.937642;12.038425;Göteborg;football
1;2026-10-04;15:00;138417;P16 Div.1 2026 B-slutspel Västra Götaland;2;3;6911996;4;/go-to/?fmid=6911996;Snöstorp Nyhem FF;https://staticcdn.svenskfotboll.se/img/teamssm/7704.png;8;Utsiktens BK;https://staticcdn.svenskfotboll.se/img/teamssm/9982.png;7;4-4;Skedalaheds IP;Skedalaheds IP;Skedalahed 114, 305 93 Halmstad;Y;56.686715;12.945246;1;football
8;2026-10-04;15:00;139378;P14år Röd B Höst;2;3;6887981;4;/go-to/?fmid=6887981;Kvibille BK;https://staticcdn.svenskfotboll.se/img/teamssm/10793.png;8;IF Leikin Svart;https://staticcdn.svenskfotboll.se/img/teamssm/9503.png;8;9-2;Slättevi;Slättevi;Slättemarken 2, 310 34 Kvibille;Y;56.787501;12.842212;Halland;football
8;2026-10-04;15:00;136200;P15-16år röd;2;3;6598068;4;/go-to/?fmid=6598068;Torup/Rydö FF;https://staticcdn.svenskfotboll.se/img/teamssm/7097.png;8;Lilla Träslövs FF;https://staticcdn.svenskfotboll.se/img/teamssm/9502.png;8;1-3;Torulund A;Torulund;Jesperslundsvägen 1, 314 41 Torup;Y;56.963831;13.077385;Halland;football
7;2026-10-04;15:00;133762;Flickor 2012-2013 Stor 9M9 Lätt Gr. B Höst;3;3;6828107;4;/go-to/?fmid=6828107;Sävedalens IF Röd;https://staticcdn.svenskfotboll.se/img/teamssm/9545.png;7;Älvsborg FF F2013 Blå;https://staticcdn.svenskfotboll.se/img/teamssm/9622.png;7;2-3;Vallhamra 2 Konstgräs;Vallhamra IP;Ugglumsleden 48, 433 64 Sävedalen;Y;57.724452;12.079253;Göteborg;football
7;2026-10-04;15:00;133810;Flickor 2016(10 år) Grupp A Höst;3;2;6832963;5;/go-to/?fmid=6832963;Nödinge SK Fotboll F16/17 Blå;https://staticcdn.svenskfotboll.se/img/teamssm/10503.png;7;Hjuviks AIK F2016;https://staticcdn.svenskfotboll.se/img/teamssm/8330.png;7;-1--1;Vimmervi 21 Konstgräs;Vimmervi;Gamla Kilandavägen 62, 449 36 Nödinge;Y;57.886226;12.080329;Göteborg;football
7;2026-10-04;15:00;133586;Pojkar 2012(14 år) Svår Grupp A;2;3;6622166;5;/go-to/?fmid=6622166;Västra Frölunda IF Grön;https://staticcdn.svenskfotboll.se/img/teamssm/9853.png;7;Mölnlycke IS Ungdom 1;https://staticcdn.svenskfotboll.se/img/teamssm/13695.png;7;0-0;Välen 1 Konstgräs;Välen;Klubbvägen 20, 421 47 Västra Frölunda;Y;57.642584;11.919773;Göteborg;football
1;2026-10-04;15:00;131381;F19 Allsvenskan 2026;3;3;6561175;4;/go-to/?fmid=6561175;Jitex BK;https://staticcdn.svenskfotboll.se/img/teamssm/7516.png;7;BK Häcken FF;https://staticcdn.svenskfotboll.se/img/teamssm/9584.png;7;6-0;Åbyvallen 1 Konstgräs;Åbyvallen;Idrottsvägen 5, 431 62 Mölndal;Y;57.645363;12.002082;1;football
7;2026-10-04;15:00;133708;Pojkar 2017(9 år) Centrum+Härryda+Mölndal+Väster Grupp B Höst;2;2;6847268;5;/go-to/?fmid=6847268;IF Väster P2017 Svart;https://staticcdn.svenskfotboll.se/img/teamssm/9861.png;7;SG Ruddalen IF 4;https://staticcdn.svenskfotboll.se/img/teamssm/11284.png;7;-1--1;Önneredsplan 2;Önneredsplan;Ersåsgatan 2, 421 59 Västra Frölunda;Y;57.637219;11.884878;Göteborg;football
7;2026-10-04;15:00;133708;Pojkar 2017(9 år) Centrum+Härryda+Mölndal+Väster Grupp B Höst;2;2;6847269;5;/go-to/?fmid=6847269;IF Väster P2017 Orange;https://staticcdn.svenskfotboll.se/img/teamssm/9861.png;7;SG Ruddalen IF 3;https://staticcdn.svenskfotboll.se/img/teamssm/11284.png;7;-1--1;Önneredsplan 2;Önneredsplan;Ersåsgatan 2, 421 59 Västra Frölunda;Y;57.637219;11.884878;Göteborg;football
1;2026-10-04;15:00;133301;F17 div. 1 2026 - Götaland Västra;3;3;6595702;4;/go-to/?fmid=6595702;IFK Örby;https://staticcdn.svenskfotboll.se/img/teamssm/10940.png;21;Vikens IK;https://staticcdn.svenskfotboll.se/img/teamssm/9926.png;14;2-3;Örby IP A;Örby IP;Öresjövägen 17, 511 31 Örby;Y;57.475963;12.707193;1;football
8;2026-10-04;15:00;136282;Division 4 Dam Halland;3;4;6612735;4;/go-to/?fmid=6612735;Lilla Träslövs FF;https://staticcdn.svenskfotboll.se/img/teamssm/9502.png;8;Tofta GIF;https://staticcdn.svenskfotboll.se/img/teamssm/10084.png;8;2-1;Östervi A;Östervi;Östervi Idrottsplats, Engelbrektsgatan, Karlberg, Prästkullen, Varberg, Varbergs kommun, Hallands län, 432 31, Sverige;Y;57.104636;12.282999;Halland;football
7;2026-10-04;15:15;133810;Flickor 2016(10 år) Grupp A Höst;3;2;6832960;5;/go-to/?fmid=6832960;Kareby IS F16 blå;https://staticcdn.svenskfotboll.se/img/teamssm/10872.png;7;Bergums IF F16/17;https://staticcdn.svenskfotboll.se/img/teamssm/11584.png;7;-1--1;Kareby Hed 12;Kareby Hed;442 46 Kareby;Y;57.903192;11.928436;Göteborg;football
7;2026-10-04;15:15;133682;Pojkar 2016(10 år) Grupp F Höst;2;2;6843496;5;/go-to/?fmid=6843496;Torslanda IK Ducks;https://staticcdn.svenskfotboll.se/img/teamssm/10068.png;7;Surte IS FK Svart;https://staticcdn.svenskfotboll.se/img/teamssm/12036.png;7;-1--1;Torslandavallen 41 Gräs;Torslandavallen;Torslanda Idrottsväg 17, 423 32 Torslanda;Y;57.718280;11.757490;Göteborg;football
7;2026-10-04;15:30;133781;Flickor 2014(12 år) Grupp D Höst;3;2;6835503;5;/go-to/?fmid=6835503;Kungsladugårds BK;https://staticcdn.svenskfotboll.se/img/teamssm/10799.png;7;Näsets SK F14 Gul;https://staticcdn.svenskfotboll.se/img/teamssm/10510.png;7;-1--1;Sjöbaren Arena;Apelsinplan;Apelsingatan 6, 426 54 Västra Frölunda;Y;57.655054;11.882940;Göteborg;football
7;2026-10-04;15:30;133664;Pojkar 2015(11 år) Grupp J Höst;2;2;6851706;5;/go-to/?fmid=6851706;Bergums IF Svart;https://staticcdn.svenskfotboll.se/img/teamssm/11584.png;7;Qviding FIF Vinröd 1;https://staticcdn.svenskfotboll.se/img/teamssm/8089.png;7;-1--1;Bergumsvallen 22;Bergumsvallen;Grönkullavägen 21, 424 70 Olofstorp;Y;57.801061;12.166928;Göteborg;football
8;2026-10-04;15:30;133919;Division 5 Herr Norra Halland;2;4;6534779;4;/go-to/?fmid=6534779;Annebergs IF;https://staticcdn.svenskfotboll.se/img/teamssm/11631.png;8;Frillesås FF;https://staticcdn.svenskfotboll.se/img/teamssm/9524.png;8;2-5;Dalavallen;Dalavallen;Dalavallen, Dalavägen, Dala, Anneberg, Kungsbacka kommun, Hallands län, 434 96, Sverige;Y;57.545423;12.126777;Halland;football
7;2026-10-04;15:30;138256;Junior Flickor Div 2 Höst;3;3;6827522;4;/go-to/?fmid=6827522;Mölnlycke IF;https://staticcdn.svenskfotboll.se/img/teamssm/10594.png;7;Hovås Billdal IF;https://staticcdn.svenskfotboll.se/img/teamssm/11109.png;7;0-4;Djupedalsplan B Konstgräs;Djupedals IP;Djupedals Ip, Rullstensvägen 1, 435 41 Mölnlycke;Y;57.652820;12.126316;Göteborg;football
7;2026-10-04;15:30;133160;Division 4A Dam;3;4;6533756;4;/go-to/?fmid=6533756;Donsö IS;https://staticcdn.svenskfotboll.se/img/teamssm/9631.png;7;Hovås Billdal IF;https://staticcdn.svenskfotboll.se/img/teamssm/11109.png;7;2-2;Donsövallen;Donsövallen;Donsövallen, Lurkenvägen 2, 430 82 Donsö;Y;57.605163;11.805907;Göteborg;football
7;2026-10-04;15:30;133765;Flickor 2012-2013 Liten 9M9 Lätt Gr. C Höst;3;3;6829089;4;/go-to/?fmid=6829089;Floda BoIF Svart;https://staticcdn.svenskfotboll.se/img/teamssm/11366.png;7;Kärra KIF Gul;https://staticcdn.svenskfotboll.se/img/teamssm/10780.png;7;6-4;Flodala IP 3 KG;Flodala IP;Skallsjö Prästväg 14, 448 31 Floda;Y;57.795503;12.346356;Göteborg;football
7;2026-10-04;15:30;133680;Pojkar 2016(10 år) Grupp D Höst;2;2;6843250;5;/go-to/?fmid=6843250;Älvsborg FF 4;https://staticcdn.svenskfotboll.se/img/teamssm/9622.png;7;Näsets SK svart;https://staticcdn.svenskfotboll.se/img/teamssm/10510.png;7;-1--1;Hagenplan 11;Hagenplan;Hagens Prästväg 4, 426 74 Västra Frölunda;Y;57.674967;11.882285;Göteborg;football
7;2026-10-04;15:30;133659;Pojkar 2015(11 år) Grupp E Höst;2;2;6846147;5;/go-to/?fmid=6846147;Älvsborg FF Blå;https://staticcdn.svenskfotboll.se/img/teamssm/9622.png;7;IF Mölndal Fotboll Gul;https://staticcdn.svenskfotboll.se/img/teamssm/9569.png;7;-1--1;Hagenplan 12;Hagenplan;Hagens Prästväg 4, 426 74 Västra Frölunda;Y;57.674967;11.882285;Göteborg;football
8;2026-10-04;15:30;133920;Division 5 Herr Södra Halland;2;4;6526937;4;/go-to/?fmid=6526937;Andersbergs IK;https://staticcdn.svenskfotboll.se/img/teamssm/6845.png;8;Getinge IF;https://staticcdn.svenskfotboll.se/img/teamssm/11297.png;8;1-3;Halmstad Arena P6;Halmstad Arena;Kristinehedsvägen 4B, 302 44 Halmstad;Y;56.675943;12.888513;Halland;football
7;2026-10-04;15:30;133780;Flickor 2014(12 år) Grupp A Höst;3;2;6834780;5;/go-to/?fmid=6834780;Azalea BK Svart;https://staticcdn.svenskfotboll.se/img/teamssm/7817.png;7;Askims IK F2014 U12 Gul;https://staticcdn.svenskfotboll.se/img/teamssm/11617.png;7;-1--1;Heden 41 Konstgräs;Heden;Heden, 411 38 Göteborg;Y;57.702854;11.978368;Göteborg;football
7;2026-10-04;15:30;133795;Flickor 2015(11 år) Grupp B Höst;3;2;6838850;5;/go-to/?fmid=6838850;Azalea BK Svart;https://staticcdn.svenskfotboll.se/img/teamssm/7817.png;7;Askims IK F2015 U11 Vit;https://staticcdn.svenskfotboll.se/img/teamssm/11617.png;7;-1--1;Heden 42 Konstgräs;Heden;Heden, 411 38 Göteborg;Y;57.702854;11.978368;Göteborg;football
7;2026-10-04;15:30;133703;Pojkar 2017(9 år) Lerum+Partille+Öster Grupp A Höst;2;2;6848802;5;/go-to/?fmid=6848802;Utbynäs SK Gul:2;https://staticcdn.svenskfotboll.se/img/teamssm/9983.png;7;GAIS P9 - 3;https://staticcdn.svenskfotboll.se/img/teamssm/9614.png;7;-1--1;Kviberg 1 konstgräs;Kviberg;Luftvärnsvägen, 415 06 Göteborg;Y;57.737550;12.038540;Göteborg;football
7;2026-10-04;15:30;133703;Pojkar 2017(9 år) Lerum+Partille+Öster Grupp A Höst;2;2;6848803;5;/go-to/?fmid=6848803;Utbynäs SK Gul;https://staticcdn.svenskfotboll.se/img/teamssm/9983.png;7;Qviding FIF Vinröd 2;https://staticcdn.svenskfotboll.se/img/teamssm/8089.png;7;-1--1;Kviberg 1 konstgräs;Kviberg;Luftvärnsvägen, 415 06 Göteborg;Y;57.737550;12.038540;Göteborg;football
7;2026-10-04;15:30;133714;Pojkar 2017(9 år) Lerum+Partille+Öster Grupp B Höst;2;2;6849453;5;/go-to/?fmid=6849453;Utbynäs SK Blå 1;https://staticcdn.svenskfotboll.se/img/teamssm/9983.png;7;GAIS P9 - 5;https://staticcdn.svenskfotboll.se/img/teamssm/9614.png;7;-1--1;Kviberg 1 konstgräs;Kviberg;Luftvärnsvägen, 415 06 Göteborg;Y;57.737550;12.038540;Göteborg;football
7;2026-10-04;15:30;133633;Pojkar 2014(12 år) Grupp E Höst;2;2;6843152;5;/go-to/?fmid=6843152;Romelanda UF 2;https://staticcdn.svenskfotboll.se/img/teamssm/10427.png;7;Hovås Billdal IF 1;https://staticcdn.svenskfotboll.se/img/teamssm/11109.png;7;-1--1;Romevi 31 Konstgräs;Romevi;Hög 130, 442 92 Romelanda;Y;57.937642;12.038425;Göteborg;football
28;2026-10-04;15:30;135704;BDFF F13-14 Grön Östra;3;3;6678378;4;/go-to/?fmid=6678378;Herrestads AIF F2013-2014;https://staticcdn.svenskfotboll.se/img/teamssm/11149.png;28;Laxarby IF F 12-13;https://staticcdn.svenskfotboll.se/img/teamssm/8493.png;28;2-0;Undavallen Konstgräs;Undavallen;Stan 101, 451 94 Uddevalla;Y;58.336300;11.826976;Bohuslän-Dalsland;football
7;2026-10-04;15:45;133801;7M7 Serie A, dam;3;5;6563338;4;/go-to/?fmid=6563338;IK Zenith;https://staticcdn.svenskfotboll.se/img/teamssm/9829.png;7;Ytterby IS;https://staticcdn.svenskfotboll.se/img/teamssm/9832.png;7;3-4;Hovgårdsvallen 21 Konstgräs(Bjurforsplanen);Hovgårdsvallen;Gamla Lillebyvägen 1, 432 00 Torslanda;Y;57.751235;11.827376;Göteborg;football
7;2026-10-04;15:45;133682;Pojkar 2016(10 år) Grupp F Höst;2;2;6843499;5;/go-to/?fmid=6843499;IK Zenith Grön P2016;https://staticcdn.svenskfotboll.se/img/teamssm/9829.png;7;Finlandia Pallo AIF Vit;https://staticcdn.svenskfotboll.se/img/teamssm/7939.png;7;-1--1;Hovgårdsvallen 32 Konstgräs(Masterservice planen);Hovgårdsvallen;Gamla Lillebyvägen 1, 432 00 Torslanda;Y;57.751235;11.827376;Göteborg;football
7;2026-10-04;15:45;133781;Flickor 2014(12 år) Grupp D Höst;3;2;6835506;5;/go-to/?fmid=6835506;Kärra KIF Blå;https://staticcdn.svenskfotboll.se/img/teamssm/10780.png;7;Älvängens IK F14 vit;https://staticcdn.svenskfotboll.se/img/teamssm/9783.png;7;-1--1;Klarebergsvallen 3 Konstgräs 7M7;Klarebergsvallen;Burmans Gata 3, 425 33 Hisings Kärra;Y;57.798761;11.987168;Göteborg;football
7;2026-10-04;15:45;133678;Pojkar 2016(10 år) Grupp B Höst;2;2;6841984;5;/go-to/?fmid=6841984;Serbiska KIF Semberija Göteborg 1;https://staticcdn.svenskfotboll.se/img/teamssm/7595.png;7;Nol IK;https://staticcdn.svenskfotboll.se/img/teamssm/10573.png;7;-1--1;Kortedalavallen 3;Kortedalavallen;Kortedala Idrottsväg 13, 415 37 Göteborg;Y;57.751830;12.040079;Göteborg;football
7;2026-10-04;15:45;133660;Pojkar 2015(11 år) Grupp F Höst;2;2;6846250;5;/go-to/?fmid=6846250;Sandarna BK Röd;https://staticcdn.svenskfotboll.se/img/teamssm/10367.png;7;Näsets SK P2015 Gul;https://staticcdn.svenskfotboll.se/img/teamssm/10510.png;7;-1--1;Sannaplan 2;Sannaplan;Ostindiegatan 28, 414 72 Göteborg;Y;57.685701;11.913302;Göteborg;football
7;2026-10-04;15:45;133766;Flickor 2012-2013 Stor 9M9 Lätt Gr. A Höst;3;3;6828155;4;/go-to/?fmid=6828155;BK Häcken Röd;https://staticcdn.svenskfotboll.se/img/teamssm/11080.png;7;Romelanda UF/KFF;https://staticcdn.svenskfotboll.se/img/teamssm/10427.png;7;3-2;Slättadamm 2 konstgräs;Slättadamm;Slättadammsgatan 6, 417 25 Göteborg;Y;57.730565;11.927705;Göteborg;football
7;2026-10-04;15:45;133813;Flickor 2016(10 år) Grupp D Höst;3;2;6834574;5;/go-to/?fmid=6834574;Finlandia Pallo AIF;https://staticcdn.svenskfotboll.se/img/teamssm/7939.png;7;BK Häcken F2016 Lag 1 Svart;https://staticcdn.svenskfotboll.se/img/teamssm/11080.png;7;-1--1;Tuvevallen 21 Konstgräs;Tuvevallen;Tuvevallen, 417 45 Göteborg;Y;57.750937;11.915436;Göteborg;football
7;2026-10-04;15:45;133663;Pojkar 2015(11 år) Grupp I Höst;2;2;6846541;5;/go-to/?fmid=6846541;Finlandia Pallo AIF P15 3;https://staticcdn.svenskfotboll.se/img/teamssm/7939.png;7;Kareby IS Vit;https://staticcdn.svenskfotboll.se/img/teamssm/10872.png;7;-1--1;Tuvevallen 22 Konstgräs;Tuvevallen;Tuvevallen, 417 45 Göteborg;Y;57.750937;11.915436;Göteborg;football
7;2026-10-04;15:45;133655;Pojkar 2015(11 år) Grupp A Höst;2;2;6844885;5;/go-to/?fmid=6844885;IF Väster F2015;https://staticcdn.svenskfotboll.se/img/teamssm/9861.png;7;Guldhedens IK P15;https://staticcdn.svenskfotboll.se/img/teamssm/11249.png;7;-1--1;Önneredsplan 11 Konstgräs;Önneredsplan;Ersåsgatan 2, 421 59 Västra Frölunda;Y;57.637219;11.884878;Göteborg;football
8;2026-10-04;16:00;136200;P15-16år röd;2;3;6598069;5;/go-to/?fmid=6598069;Kvibille BK;https://staticcdn.svenskfotboll.se/img/teamssm/10793.png;8;Hyltebruks IF;https://staticcdn.svenskfotboll.se/img/teamssm/11090.png;8;0-0;Björkevi IP;Björkevi IP;Björkevivägen, Kvibille, Halmstads kommun, Hallands län, 302 79, Sverige;Y;56.781560;12.835402;Halland;football
28;2026-10-04;16:00;139709;BDFF P13-14 Blå Höst 3;2;3;6906105;4;/go-to/?fmid=6906105;Munkedals IF;https://staticcdn.svenskfotboll.se/img/teamssm/10611.png;28;Herrestads AIF P2012 Vit;https://staticcdn.svenskfotboll.se/img/teamssm/11149.png;28;6-0;Bruksvallen;Bruksvallen;Idrottsvägen, 455 33 Munkedal;Y;58.474963;11.680930;Bohuslän-Dalsland;football
21;2026-10-04;16:00;136756;Flickor Div 5 Ulricehamn;3;3;6727044;4;/go-to/?fmid=6727044;Toarpsalliansen Svart;https://staticcdn.svenskfotboll.se/img/teamssm/8709.png;21;Hössna/Timmele;https://staticcdn.svenskfotboll.se/img/teamssm/11034.png;21;4-1;Dalsjöhov naturgräs;Dalsjöhov;Dalsjöhov, Hjortronvägen, Kråkhult, Dalsjöfors, Borås kommun, Västra Götalands län, 516 34, Sverige;Y;57.715585;13.096234;Västergötland;football
21;2026-10-04;16:00;136302;P15 Regional Norra Götaland;2;3;6614580;4;/go-to/?fmid=6614580;Gerdskens BK;https://staticcdn.svenskfotboll.se/img/teamssm/8712.png;21;Skövde AIK;https://staticcdn.svenskfotboll.se/img/teamssm/10281.png;21;7-1;Gerdskenvallen A-plan;Gerdskenvallen;Gerdskenvallen, Örnvägen 9, 441 40 Alingsås;Y;57.921454;12.538694;Västergötland;football
7;2026-10-04;16:00;133780;Flickor 2014(12 år) Grupp A Höst;3;2;6834776;5;/go-to/?fmid=6834776;Sandarna BK Röd;https://staticcdn.svenskfotboll.se/img/teamssm/10367.png;7;Mölnlycke IF SVART;https://staticcdn.svenskfotboll.se/img/teamssm/10594.png;7;-1--1;Gröna Vallen 12;Gröna Vallen;Gröna Vallen, Svanebäcksgatan 16, 414 71 Göteborg;Y;57.687961;11.917564;Göteborg;football
21;2026-10-04;16:00;135590;Damer, Div 4 Östra;3;4;6580607;4;/go-to/?fmid=6580607;IFK Hjo;https://staticcdn.svenskfotboll.se/img/teamssm/11007.png;21;Mariestads BoIS FF U;https://staticcdn.svenskfotboll.se/img/teamssm/7380.png;21;1-2;Guldkroksvallen A-plan;Guldkroksvallen;Idrottsgatan 5B, 544 34 Hjo;Y;58.296137;14.278686;Västergötland;football
7;2026-10-04;16:00;133592;Pojkar 2012(14 år) Svår Grupp C;2;3;6622346;4;/go-to/?fmid=6622346;GAIS 4;https://staticcdn.svenskfotboll.se/img/teamssm/9614.png;7;Lerums IS Svart;https://staticcdn.svenskfotboll.se/img/teamssm/10756.png;7;3-2;Heden 3 Konstgräs;Heden;Heden, 411 38 Göteborg;Y;57.702854;11.978368;Göteborg;football
21;2026-10-04;16:00;135592;Damer, Div 5 Västra;3;4;6582899;4;/go-to/?fmid=6582899;Emtunga/Tråvad/Larv (9:9);https://staticcdn.svenskfotboll.se/img/teamssm/8698.png;21;Edet/Lödöse Nygård (9:9);https://staticcdn.svenskfotboll.se/img/teamssm/8683.png;21;2-2;Hedensborg A;Hedensborg;Hedensborg, Larvs distrikt, Larv, Vara kommun, Västra Götalands län, 534 62, Sverige;Y;58.191394;13.142423;Västergötland;football
8;2026-10-04;16:00;136282;Division 4 Dam Halland;3;4;6612625;5;/go-to/?fmid=6612625;Kornhult/Hishult FF;https://staticcdn.svenskfotboll.se/img/teamssm/7413.png;8;Slöinge GOIF;https://staticcdn.svenskfotboll.se/img/teamssm/9491.png;8;0-0;Hishults IP A;Hishults IP;Västergårdsvägen 6, 312 53 Hishult;Y;56.426584;13.299915;Halland;football
7;2026-10-04;16:00;133570;Pojkar 2009-2010(16-17 år) Svår Grupp A;2;3;6601950;4;/go-to/?fmid=6601950;Qviding FIF P17;https://staticcdn.svenskfotboll.se/img/teamssm/8089.png;7;Lekstorps IF /Stenkullen J17;https://staticcdn.svenskfotboll.se/img/teamssm/10760.png;7;5-2;Härlanda Park 2 Konstgräs;Härlanda Park;Härlanda Park 6B, 416 52 Göteborg;Y;57.716492;12.017055;Göteborg;football
7;2026-10-04;16:00;133198;Division 5A Dam;3;4;6534015;4;/go-to/?fmid=6534015;Hjuviks AIK;https://staticcdn.svenskfotboll.se/img/teamssm/8330.png;7;Älvängens IK (B);https://staticcdn.svenskfotboll.se/img/teamssm/9783.png;7;0-8;21:47 Arena 1;Hästevik;Torslanda Hästeviks väg, 423 41 Torslanda;Y;57.718779;11.721591;Göteborg;football
21;2026-10-04;16:00;135586;Damer, Div 3 Södra;3;4;6573073;4;/go-to/?fmid=6573073;Svenljunga IK;https://staticcdn.svenskfotboll.se/img/teamssm/10153.png;21;IFK Tidaholm;https://staticcdn.svenskfotboll.se/img/teamssm/10959.png;21;6-0;Högvalla IP A konstgräs;Högvalla IP;Högvalla IP, Högelid, 512 52 Svenljunga;Y;57.498164;13.103622;Västergötland;football
21;2026-10-04;16:00;137605;Flickor Div 6 Ulricehamn;3;2;6783021;5;/go-to/?fmid=6783021;Sjömarkens IF;https://staticcdn.svenskfotboll.se/img/teamssm/10325.png;21;Länghem/Hillared/Sexdrega;https://staticcdn.svenskfotboll.se/img/teamssm/10688.png;21;-1--1;Idrottsgården B-plan;Idrottsgården;Hagavägen 16, 518 40 Sjömarken;Y;57.718988;12.841432;Västergötland;football
21;2026-10-04;16:00;135590;Damer, Div 4 Östra;3;4;6580603;4;/go-to/?fmid=6580603;Jung-Kvänum 10 IF;https://staticcdn.svenskfotboll.se/img/teamssm/12234.png;21;Hörnebo SK;https://staticcdn.svenskfotboll.se/img/teamssm/11036.png;21;3-4;Jungavallen 1;Jungavallen;JUNGAVALLEN, 535 92 Kvänum;Y;58.323572;13.100589;Västergötland;football
21;2026-10-04;16:00;135590;Damer, Div 4 Östra;3;4;6580605;4;/go-to/?fmid=6580605;Götene FK U;https://staticcdn.svenskfotboll.se/img/teamssm/13173.png;21;Ulvåkers IF U;https://staticcdn.svenskfotboll.se/img/teamssm/10002.png;21;0-3;Kinnevallen A-plan;Kinnevallen;Kinnevallen, 533 97 Götene;Y;58.565156;13.537371;Västergötland;football
21;2026-10-04;16:00;135586;Damer, Div 3 Södra;3;4;6573101;4;/go-to/?fmid=6573101;Kronängs IF;https://staticcdn.svenskfotboll.se/img/teamssm/8688.png;21;Toarpsalliansen;https://staticcdn.svenskfotboll.se/img/teamssm/12553.png;21;1-0;Kronäng Arena konstgräs 1;Kronäng Arena;Schaktgatan 1, 504 41 Borås;Y;57.696516;12.931606;Västergötland;football
21;2026-10-04;16:00;135592;Damer, Div 5 Västra;3;4;6582902;4;/go-to/?fmid=6582902;IK Gauthiod U;https://staticcdn.svenskfotboll.se/img/teamssm/11304.png;21;Skoftebyns IF U;https://staticcdn.svenskfotboll.se/img/teamssm/8653.png;21;8-2;Lunnevi IP A-plan;Lunnevi IP;Tengenevägen 47635, 467 35 Grästrop;Y;58.330104;12.682735;Västergötland;football
28;2026-10-04;16:00;139707;BDFF P13-14 Blå Höst 1;2;3;6906076;5;/go-to/?fmid=6906076;Bengtsfors IF P 14;https://staticcdn.svenskfotboll.se/img/teamssm/8494.png;28;IF Viken födda 2013;https://staticcdn.svenskfotboll.se/img/teamssm/9927.png;28;0-0;Långevi;Långevi;Långevi, Kinadalsvägen, Bäckenområdet, Bengtsfors, Bengtsfors kommun, Västra Götalands län, 666 32, Sverige;Y;59.020891;12.215672;Bohuslän-Dalsland;football
7;2026-10-04;16:00;133811;Flickor 2016(10 år) Grupp B Höst;3;2;6832302;5;/go-to/?fmid=6832302;Azalea BK F2016 Orange;https://staticcdn.svenskfotboll.se/img/teamssm/7817.png;7;Hovås Billdal IF F2016 Röd;https://staticcdn.svenskfotboll.se/img/teamssm/11109.png;7;-1--1;Majvallen 11 Konstgräs;Majvallen;Ekedalsgatan 20, 414 68 Göteborg;Y;57.689370;11.936171;Göteborg;football
21;2026-10-04;16:00;135590;Damer, Div 4 Östra;3;4;6580604;4;/go-to/?fmid=6580604;Töreboda/Moholm;https://staticcdn.svenskfotboll.se/img/teamssm/10013.png;21;Våmbs IF U;https://staticcdn.svenskfotboll.se/img/teamssm/8628.png;21;0-6;Mogårdsvallen A-plan;Mogårdsvallen;Idrottsgatan 2, 545 41 Moholm;Y;58.605359;14.044658;Västergötland;football
21;2026-10-04;16:00;136739;Pojkar Div 8 Ulricehamn;2;3;6724413;4;/go-to/?fmid=6724413;Gånghester/Målsryd Gul;https://staticcdn.svenskfotboll.se/img/teamssm/8709.png;21;Brämhults IK Svart;https://staticcdn.svenskfotboll.se/img/teamssm/8727.png;21;1-4;Målevi;Målevi;Målevi, Råslättsvägen, Råslätt, Borås, Borås kommun, Västra Götalands län, 516 77, Sverige;Y;57.689685;13.058975;Västergötland;football
21;2026-10-04;16:00;135586;Damer, Div 3 Södra;3;4;6573028;4;/go-to/?fmid=6573028;Alingsås KIK U;https://staticcdn.svenskfotboll.se/img/teamssm/8345.png;21;Fristad/Borgstena/Sparsör;https://staticcdn.svenskfotboll.se/img/teamssm/11539.png;21;2-4;Noltorpsvallen B Konstgräs;Noltorpsvallen;Noltorpsvallen, Mjörnstigen, Noltorp, Alingsås distrikt, Alingsås, Alingsås kommun, Västra Götalands län, 441 56, Sverige;Y;57.936860;12.515810;Västergötland;football
21;2026-10-04;16:00;135586;Damer, Div 3 Södra;3;4;6573087;4;/go-to/?fmid=6573087;Falköpings KIK U;https://staticcdn.svenskfotboll.se/img/teamssm/8721.png;21;Vartofta SK;https://staticcdn.svenskfotboll.se/img/teamssm/8632.png;21;0-3;Odenplan A-plan;Odenplan;Odengatan 41, 521 43 Falköping;Y;58.165027;13.561860;Västergötland;football
21;2026-10-04;16:00;137539;Pojkar Div 9 Vänersborg;2;2;6784962;5;/go-to/?fmid=6784962;Stenungsunds IF;https://staticcdn.svenskfotboll.se/img/teamssm/10236.png;28;Åsaka SK;https://staticcdn.svenskfotboll.se/img/teamssm/9806.png;21;-1--1;Olssons Trävaror Arena;Olssons Trävaror Arena;Yttre Ringleden 6, 444 32 Stenungsund;Y;58.067866;11.858581;Västergötland;football
7;2026-10-04;16:00;133763;Flickor 2012-2013 Liten 9M9 Lätt Gr. A Höst;3;3;6828311;4;/go-to/?fmid=6828311;Öckerö IF Öckerö IF F2013;https://staticcdn.svenskfotboll.se/img/teamssm/9774.png;7;Finlandia Pallo AIF F 13 Blå;https://staticcdn.svenskfotboll.se/img/teamssm/7939.png;7;2-3;Prästängen 3 9M9 Konstgräs;Prästängen;PRÄSTÄNGEN 1, 475 31 Öckerö;Y;57.717030;11.641158;Göteborg;football
7;2026-10-04;16:00;133584;Pojkar 2012(14 år) Medel Grupp D;2;3;6621602;4;/go-to/?fmid=6621602;Älvsborg FF Blå;https://staticcdn.svenskfotboll.se/img/teamssm/9622.png;7;Partille IF FK P2012 Röd;https://staticcdn.svenskfotboll.se/img/teamssm/12478.png;7;0-0;Påvelund 1 Konstgräs;Påvelund;Redegatan 18, 426 77 Västra Frölunda;Y;57.668781;11.881476;Göteborg;football
7;2026-10-04;16:00;133713;Pojkar 2017(9 år) Ale+Kungälv Grupp A Höst;2;2;6846642;5;/go-to/?fmid=6846642;Romelanda UF P17 GUL;https://staticcdn.svenskfotboll.se/img/teamssm/10427.png;7;Älvängens IK P17 vit;https://staticcdn.svenskfotboll.se/img/teamssm/9783.png;7;-1--1;Romevi 32 Konstgräs;Romevi;Hög 130, 442 92 Romelanda;Y;57.937642;12.038425;Göteborg;football
28;2026-10-04;16:00;135689;BDFF P15-19 Svart-Röd;2;3;6735309;4;/go-to/?fmid=6735309;Melleruds IF;https://staticcdn.svenskfotboll.se/img/teamssm/10635.png;28;Herrestads AIF P17 år;https://staticcdn.svenskfotboll.se/img/teamssm/11149.png;28;4-2;Rådavallen Naturgräs;Rådavallen;ÄNGGATAN 2, 464 30 Mellerud;Y;58.704288;12.457587;Bohuslän-Dalsland;football
7;2026-10-04;16:00;133161;Division 4B Dam;3;4;6533889;4;/go-to/?fmid=6533889;Ahlafors IF;https://staticcdn.svenskfotboll.se/img/teamssm/11662.png;7;Ytterby IS (B);https://staticcdn.svenskfotboll.se/img/teamssm/9832.png;7;2-1;Svenska Stenhus Arena 1 Gräs;Sjövallen IP;Sjövallavägen 111, 449 50 Alafors;Y;57.915942;12.107763;Göteborg;football
21;2026-10-04;16:00;135592;Damer, Div 5 Västra;3;4;6582901;4;/go-to/?fmid=6582901;Trollhättans IF U;https://staticcdn.svenskfotboll.se/img/teamssm/10051.png;21;Halvorstorp/Trollhättans FK/FC Trollhättan U (9:9);https://staticcdn.svenskfotboll.se/img/teamssm/8705.png;21;6-2;Skogshöjden A-plan;Skogshöjden;Skogshöjden, Trollhättan, Trollhättans kommun, Västra Götalands län, 461 73, Sverige;Y;58.320719;12.275242;Västergötland;football
21;2026-10-04;16:00;135586;Damer, Div 3 Södra;3;4;6573097;4;/go-to/?fmid=6573097;Södra Ving/Hössna/Timmele;https://staticcdn.svenskfotboll.se/img/teamssm/10118.png;21;IK Frisco U;https://staticcdn.svenskfotboll.se/img/teamssm/8716.png;21;6-0;Slottsvallen;Slottsvallen;Öndarpsvägen 1A, 523 74 Hökerum;Y;57.847580;13.291819;Västergötland;football
28;2026-10-04;16:00;136359;BDFF P15-19 Blå Södra;2;3;6638699;4;/go-to/?fmid=6638699;Sotenäs Fotboll J-lag;https://staticcdn.svenskfotboll.se/img/teamssm/10801.png;28;IK Oddevold P15;https://staticcdn.svenskfotboll.se/img/teamssm/10500.png;28;4-3;Stensnäsvallen;Stensnäsvallen;Stensnäsvallen, Idrottsvägen, Stensnäs, Bovallstrand, Sotenäs kommun, Västra Götalands län, 456 47, Sverige;Y;58.469865;11.318276;Bohuslän-Dalsland;football
1;2026-10-04;16:00;133297;F17 Div.1 2026 - Götaland Norra;3;3;6590946;4;/go-to/?fmid=6590946;Vallens IF;https://staticcdn.svenskfotboll.se/img/teamssm/8496.png;28;Ulricehamns IFK;https://staticcdn.svenskfotboll.se/img/teamssm/7738.png;21;4-3;Stora Höga IP Konstgräs;Stora Höga IP;Stora Höga, Stenungsunds kommun, Västra Götalands län, 444 60, Sverige;Y;58.014336;11.828450;1;football
7;2026-10-04;16:00;133745;Flickor 2010-2011 Lätt Grupp B;3;3;6585139;5;/go-to/?fmid=6585139;Södra Skärgårdens IK F11-12;https://staticcdn.svenskfotboll.se/img/teamssm/9631.png;7;IFK Hindås F-11/12;https://staticcdn.svenskfotboll.se/img/teamssm/11008.png;7;0-0;Styrsöplan 1 Gräs;Styrsöplan;Halsviksvägen 27, 430 84 Styrsö;Y;57.610915;11.774337;Göteborg;football
7;2026-10-04;16:00;133767;Flickor 2012-2013 Stor 9M9 Lätt Gr. C Höst;3;3;6828063;5;/go-to/?fmid=6828063;Surte/Ahlafors;https://staticcdn.svenskfotboll.se/img/teamssm/12036.png;7;Sandarna BK Röd;https://staticcdn.svenskfotboll.se/img/teamssm/10367.png;7;0-0;Surte 2 Konstgräs;Surte IP;Idrottsvägen 4, 445 55 Surte;Y;57.836279;12.017412;Göteborg;football
7;2026-10-04;16:00;133802;7M7 Serie B, dam;3;5;6563365;4;/go-to/?fmid=6563365;Säve SK;https://staticcdn.svenskfotboll.se/img/teamssm/10135.png;7;Kärra KIF;https://staticcdn.svenskfotboll.se/img/teamssm/10780.png;7;1-2;Säve 11 Gräs;Säve;Tåfjällsvägen 15, 423 71 Säve;Y;57.809537;11.921547;Göteborg;football
28;2026-10-04;16:00;135691;BDFF P15-19 Blå Norra;2;3;6683803;4;/go-to/?fmid=6683803;Brålanda IF/Fränderfors IF;https://staticcdn.svenskfotboll.se/img/teamssm/11513.png;28;Grebbestads IF J;https://staticcdn.svenskfotboll.se/img/teamssm/11276.png;28;4-4;Sörbyvallen;Sörbyvallen;Skolgatan 1, 464 61 Brålanda;Y;58.564709;12.356578;Bohuslän-Dalsland;football
28;2026-10-04;16:00;136364;BDFF P13-14 Grön Södra;2;3;6653186;5;/go-to/?fmid=6653186;Skärhamn/Rönnäng P13;https://staticcdn.svenskfotboll.se/img/teamssm/10285.png;28;Myckleby IK P12/13;https://staticcdn.svenskfotboll.se/img/teamssm/10606.png;28;0-0;Tjörns Sparbank Arena;Tjörns Sparbank Arena;Hamngatan, 471 95 Skärhamn;Y;57.971096;11.555368;Bohuslän-Dalsland;football
7;2026-10-04;16:00;133591;Pojkar 2012(14 år) Lätt Grupp D;2;3;6620982;4;/go-to/?fmid=6620982;Torslanda IK Lag 3;https://staticcdn.svenskfotboll.se/img/teamssm/10068.png;7;IFK Hindås;https://staticcdn.svenskfotboll.se/img/teamssm/11008.png;7;6-1;Torslandavallen 2 Konstgräs;Torslandavallen;Torslanda Idrottsväg 17, 423 32 Torslanda;Y;57.718280;11.757490;Göteborg;football
21;2026-10-04;16:00;135590;Damer, Div 4 Östra;3;4;6580606;4;/go-to/?fmid=6580606;Jula BK;https://staticcdn.svenskfotboll.se/img/teamssm/8693.png;21;Stenstorps IF;https://staticcdn.svenskfotboll.se/img/teamssm/10238.png;21;0-2;Ullervads IP A-plan;Ullervads IP;Ullervads handelsträdgård, Fors, Ullervad, Mariestads kommun, Västra Götalands län, Sverige;Y;58.666417;13.854058;Västergötland;football
8;2026-10-04;16:00;139568;P13år Blå B Höst;2;3;6893951;5;/go-to/?fmid=6893951;IFK Fjärås Blå;https://staticcdn.svenskfotboll.se/img/teamssm/9511.png;8;BK Astrio Gul;https://staticcdn.svenskfotboll.se/img/teamssm/9529.png;8;0-0;Ögärdets IP B1;Ögärdets IP;Klövervägen 2A, 439 71 Fjärås;Y;57.459731;12.184603;Halland;football
7;2026-10-04;16:00;133441;Junior Pojkar Div 1;2;3;6538306;4;/go-to/?fmid=6538306;Öjersjö IF;https://staticcdn.svenskfotboll.se/img/teamssm/7552.png;7;Ytterby IS;https://staticcdn.svenskfotboll.se/img/teamssm/9832.png;7;0-2;Öjersjö IP 1 Konstgräs;Öjersjö IP;Tallmossevägen 9, 433 50 Öjersjö;Y;57.702889;12.149245;Göteborg;football
7;2026-10-04;16:15;133157;Division 7C Herr;2;4;6534584;4;/go-to/?fmid=6534584;Nigerian Family;https://staticcdn.svenskfotboll.se/img/teamssm/12931.png;7;Valhall BK;https://staticcdn.svenskfotboll.se/img/teamssm/13716.png;7;4-1;Bläsebovallen 1 Konstgräs;;;N;;;Göteborg;football
7;2026-10-04;16:15;138256;Junior Flickor Div 2 Höst;3;3;6827521;5;/go-to/?fmid=6827521;Backatorp IF DJ;https://staticcdn.svenskfotboll.se/img/teamssm/11915.png;7;Örgryte IS Fotboll , Junior Flickor;https://staticcdn.svenskfotboll.se/img/teamssm/12910.png;7;0-0;Lillhagsplan;Lillhagsplan;Lillhagsvägen, 422 57 Hisings Backa;Y;57.763300;11.956822;Göteborg;football
7;2026-10-04;16:15;133572;Pojkar 2009-2010(16-17 år) Medel Grupp B;2;3;6601733;4;/go-to/?fmid=6601733;Särö Kullavik IF;https://staticcdn.svenskfotboll.se/img/teamssm/9496.png;8;Hönö IS Röd;https://staticcdn.svenskfotboll.se/img/teamssm/11038.png;7;8-2;Särö IP A;Särö IP;Idrottsgången 2, 429 44 Särö;Y;57.519187;11.972312;Göteborg;football
7;2026-10-04;16:15;133150;Division 5A Herr;2;4;6532420;4;/go-to/?fmid=6532420;Marstrands BK;https://staticcdn.svenskfotboll.se/img/teamssm/13415.png;7;Älvängens IK;https://staticcdn.svenskfotboll.se/img/teamssm/9783.png;7;6-4;Ytterns IP 1 Konstgräs;Ytterns IP;Ytterby, 442 40 Kungälv;Y;57.869280;11.935196;Göteborg;football
7;2026-10-04;16:30;133582;Pojkar 2012(14 år) Svår Grupp B;2;3;6622253;4;/go-to/?fmid=6622253;Kärra KIF Blå;https://staticcdn.svenskfotboll.se/img/teamssm/10780.png;7;Jonsereds IF Gul;https://staticcdn.svenskfotboll.se/img/teamssm/9595.png;7;5-2;Klarebergsvallen 2 Konstgräs;Klarebergsvallen;Burmans Gata 3, 425 33 Hisings Kärra;Y;57.798761;11.987168;Göteborg;football
7;2026-10-04;16:30;133813;Flickor 2016(10 år) Grupp D Höst;3;2;6834576;5;/go-to/?fmid=6834576;Eriksbergs IF;https://staticcdn.svenskfotboll.se/img/teamssm/9629.png;7;IK Zenith F2016 Vit;https://staticcdn.svenskfotboll.se/img/teamssm/9829.png;7;-1--1;Krokängsplan 11 Konstgräs;Krokängsplan;Säterigatan 15, 417 69 Göteborg;Y;57.702920;11.910432;Göteborg;football
7;2026-10-04;16:45;136461;Fotbollsligan 7M7 Herr Höst GrpB;2;5;6829520;4;/go-to/?fmid=6829520;FK Borac Göteborg;https://staticcdn.svenskfotboll.se/img/teamssm/14761.png;7;Kortedala IK;https://staticcdn.svenskfotboll.se/img/teamssm/13561.png;7;6-2;Kviberg 1 konstgräs;Kviberg;Luftvärnsvägen, 415 06 Göteborg;Y;57.737550;12.038540;Göteborg;football
7;2026-10-04;16:45;133757;Flickor 2012-2013 Stor 9M9 Medel Gr. A Höst;3;3;6828019;4;/go-to/?fmid=6828019;Jitex BK Lila;https://staticcdn.svenskfotboll.se/img/teamssm/7516.png;7;Jonsereds IF Lag 2;https://staticcdn.svenskfotboll.se/img/teamssm/9595.png;7;2-5;Åbyvallen 1 Konstgräs;Åbyvallen;Idrottsvägen 5, 431 62 Mölndal;Y;57.645363;12.002082;Göteborg;football
7;2026-10-04;17:00;135627;Träningsmatcher Futsal Herr;2;4;6917145;4;/go-to/?fmid=6917145;GAIS Futsal;https://staticcdn.svenskfotboll.se/img/teamssm/12860.png;7;Hässleholmen BK senior herr futsal;https://staticcdn.svenskfotboll.se/img/teamssm/13472.png;21;4-5;Kvibergs Parks idrottsområde Sporthall B;;;N;;;Göteborg;football
7;2026-10-04;17:00;133820;Reservklass 3B Höst;2;4;6827189;4;/go-to/?fmid=6827189;Markplan FC;https://staticcdn.svenskfotboll.se/img/teamssm/14771.png;7;Lerums IS (C);https://staticcdn.svenskfotboll.se/img/teamssm/10756.png;7;6-1;Aspevallen A-plan;Aspevallen;Strandvägen 7, 443 31 Lerum;Y;57.768427;12.253218;Göteborg;football
7;2026-10-04;17:00;133801;7M7 Serie A, dam;3;5;6563300;4;/go-to/?fmid=6563300;Låtta Marta IF;https://staticcdn.svenskfotboll.se/img/teamssm/12318.png;7;Gårda BK;https://staticcdn.svenskfotboll.se/img/teamssm/9617.png;7;5-1;Blidvädersplan 11;Blidvädersplan;Ovädersgatan 1A, 418 34 Göteborg;Y;57.707987;11.887592;Göteborg;football
21;2026-10-04;17:00;136510;Pojkar Div 4 Borås;2;3;6711028;4;/go-to/?fmid=6711028;Byttorps IF;https://staticcdn.svenskfotboll.se/img/teamssm/11498.png;21;Kronängs IF;https://staticcdn.svenskfotboll.se/img/teamssm/8688.png;21;3-2;Byttorps IP A Konstgräs;Byttorps IP;Byttorps idrottsplats, Klingarevägen, Byttorp, Borås, Borås kommun, Västra Götalands län, 504 65, Sverige;Y;57.724228;12.900785;Västergötland;football
7;2026-10-04;17:00;133682;Pojkar 2016(10 år) Grupp F Höst;2;2;6843503;5;/go-to/?fmid=6843503;Hönö IS P16 Röd;https://staticcdn.svenskfotboll.se/img/teamssm/11038.png;7;Hermansby IF 1;https://staticcdn.svenskfotboll.se/img/teamssm/11150.png;7;-1--1;Hönö Arena 22;Hönö Arena;Lindblomsvägen 30, 475 42 Hönö;Y;57.687870;11.652948;Göteborg;football
7;2026-10-04;17:00;133682;Pojkar 2016(10 år) Grupp F Höst;2;2;6843504;5;/go-to/?fmid=6843504;Hönö IS P16 Vit;https://staticcdn.svenskfotboll.se/img/teamssm/11038.png;7;Hermansby IF 2;https://staticcdn.svenskfotboll.se/img/teamssm/11150.png;7;-1--1;Hönö Arena 22;Hönö Arena;Lindblomsvägen 30, 475 42 Hönö;Y;57.687870;11.652948;Göteborg;football
7;2026-10-04;17:00;133441;Junior Pojkar Div 1;2;3;6538309;4;/go-to/?fmid=6538309;Jonsereds IF 1;https://staticcdn.svenskfotboll.se/img/teamssm/9595.png;7;Lindome GIF;https://staticcdn.svenskfotboll.se/img/teamssm/10741.png;7;0-9;Jonsereds IP 1 Konstgräs;Jonsereds IP;Jons väg 23, 433 75 Jonsered;Y;57.746215;12.169063;Göteborg;football
7;2026-10-04;17:00;133572;Pojkar 2009-2010(16-17 år) Medel Grupp B;2;3;6601728;5;/go-to/?fmid=6601728;Onsala BK;https://staticcdn.svenskfotboll.se/img/teamssm/10495.png;8;IK Kongahälla;https://staticcdn.svenskfotboll.se/img/teamssm/9590.png;7;0-0;Kaparevallen;Kaparevallen;Håkullavägen 43, 439 91 Onsala;Y;57.414147;12.014084;Göteborg;football
7;2026-10-04;17:00;133638;Pojkar 2014(12 år) Grupp J Höst;2;2;6838039;5;/go-to/?fmid=6838039;GoldCoast FC Gul;https://staticcdn.svenskfotboll.se/img/teamssm/13374.png;7;GAIS 3;https://staticcdn.svenskfotboll.se/img/teamssm/9614.png;7;-1--1;Kortedalavallen 3;Kortedalavallen;Kortedala Idrottsväg 13, 415 37 Göteborg;Y;57.751830;12.040079;Göteborg;football
8;2026-10-04;17:00;136304;F16-17år;3;3;6614816;4;/go-to/?fmid=6614816;Kungsbacka IF;https://staticcdn.svenskfotboll.se/img/teamssm/9505.png;8;Halmstads BK;https://staticcdn.svenskfotboll.se/img/teamssm/9517.png;8;3-0;Kungsbacka sportcenter 10;Kungsbacka sportcenter;Kungsbacka Sportcenter, Södra Infarten 11, 434 50 Kungsbacka;Y;57.479212;12.076907;Halland;football
8;2026-10-04;17:00;139571;P13år Röd A Höst;2;3;6898505;4;/go-to/?fmid=6898505;Knäreds IK;https://staticcdn.svenskfotboll.se/img/teamssm/10829.png;8;Stafsinge IF Svart;https://staticcdn.svenskfotboll.se/img/teamssm/9488.png;8;2-2;Lagavallen A;Lagavallen;Lagavallen, Flammavägen, Knäred, Laholms kommun, Hallands län, 310 20, Sverige;Y;56.517905;13.335189;Halland;football
7;2026-10-04;17:00;133640;Pojkar 2014(12 år) Grupp B Höst;2;2;6838234;5;/go-to/?fmid=6838234;Romelanda UF P14;https://staticcdn.svenskfotboll.se/img/teamssm/10427.png;7;Brämaregårdens FC Svart;https://staticcdn.svenskfotboll.se/img/teamssm/12563.png;7;-1--1;Romevi 31 Konstgräs;Romevi;Hög 130, 442 92 Romelanda;Y;57.937642;12.038425;Göteborg;football
7;2026-10-04;17:00;136239;Pojkar 2009-2010(16-17 år) Lätt Grupp B;2;3;6600301;4;/go-to/?fmid=6600301;Lekstorps IF/ Sjöviks SK;https://staticcdn.svenskfotboll.se/img/teamssm/10760.png;7;Kungsladugårds BK;https://staticcdn.svenskfotboll.se/img/teamssm/10799.png;7;5-4;Sjöviks IP;Sjöviks IP;Östadsvägen 391, 443 74 Sjövik;Y;57.928878;12.368464;Göteborg;football
8;2026-10-04;17:00;136112;P16-kval;2;3;6594103;5;/go-to/?fmid=6594103;BK Astrio;https://staticcdn.svenskfotboll.se/img/teamssm/9529.png;8;Tölö IF;https://staticcdn.svenskfotboll.se/img/teamssm/10015.png;8;0-0;Söndrums IP konstgräs;Söndrums IP;Söndrums Idrottsplats, Bäckagårdsvägen, Pålsbo, Bäckagård, Halmstad, Halmstads kommun, Hallands län, 302 91, Sverige;Y;56.670271;12.797138;Halland;football
8;2026-10-04;17:00;136200;P15-16år röd;2;3;6598071;4;/go-to/?fmid=6598071;Valinge IF;https://staticcdn.svenskfotboll.se/img/teamssm/9975.png;8;Laholms FK;https://staticcdn.svenskfotboll.se/img/teamssm/9504.png;8;4-0;Valinge IP;Valinge IP;Valinge, Varbergs kommun, Hallands län, 432 92, Sverige;Y;57.171081;12.381483;Halland;football
8;2026-10-04;17:00;136200;P15-16år röd;2;3;6598070;4;/go-to/?fmid=6598070;Värö United;https://staticcdn.svenskfotboll.se/img/teamssm/11508.png;8;HGH FC;https://staticcdn.svenskfotboll.se/img/teamssm/9516.png;8;3-2;Västkustvallen;Västkustvallen;Västkustvallen, Kustroddarevägen, Hovgården, Bua, Varbergs kommun, Hallands län, 432 63, Sverige;Y;57.230684;12.125208;Halland;football
8;2026-10-04;17:00;139571;P13år Röd A Höst;2;3;6898503;5;/go-to/?fmid=6898503;Lerkils IF 1;https://staticcdn.svenskfotboll.se/img/teamssm/10757.png;8;HGH FC Blå;https://staticcdn.svenskfotboll.se/img/teamssm/9516.png;8;0-0;Ängås IP A;Ängås IP;Ängåsvägen 39, 434 93 Vallda;Y;57.454340;11.941076;Halland;football
8;2026-10-04;17:00;136158;P17-19år;2;3;6596051;4;/go-to/?fmid=6596051;Tvååkers IF;https://staticcdn.svenskfotboll.se/img/teamssm/9483.png;8;BK Astrio;https://staticcdn.svenskfotboll.se/img/teamssm/9529.png;8;4-5;Övrevi A;Övrevi;Övrevi idrottsplats, N 760, Stenen, Övreby, Tvååker, Varbergs kommun, Hallands län, 432 78, Sverige;Y;57.046115;12.379083;Halland;football
7;2026-10-04;17:15;133155;Division 7A Herr;2;4;6533619;4;/go-to/?fmid=6533619;BK Bifrost;https://staticcdn.svenskfotboll.se/img/teamssm/9641.png;7;Balltorps FF;https://staticcdn.svenskfotboll.se/img/teamssm/8047.png;7;2-1;Åbyvallen 2 Konstgräs;Åbyvallen;Idrottsvägen 5, 431 62 Mölndal;Y;57.645363;12.002082;Göteborg;football
7;2026-10-04;17:30;133796;Flickor 2015(11 år) Grupp C Höst;3;2;6840823;5;/go-to/?fmid=6840823;Södra skärgårdens IK (SSIK);https://staticcdn.svenskfotboll.se/img/teamssm/9631.png;7;Kållered SK;https://staticcdn.svenskfotboll.se/img/teamssm/10787.png;7;-1--1;Donsövallen 12;Donsövallen;Donsövallen, Lurkenvägen 2, 430 82 Donsö;Y;57.605163;11.805907;Göteborg;football
7;2026-10-04;17:30;138263;Pojkar 2015(11 år) Grupp M Höst;2;2;6850303;5;/go-to/?fmid=6850303;GAIS P11 - 5;https://staticcdn.svenskfotboll.se/img/teamssm/9614.png;7;Torslanda IK A;https://staticcdn.svenskfotboll.se/img/teamssm/10068.png;7;-1--1;Gaisgården 21;Gaisgården;Gamla Boråsvägen 75, 412 76 Göteborg;Y;57.680427;12.029061;Göteborg;football
7;2026-10-04;17:45;133658;Pojkar 2015(11 år) Grupp D Höst;2;2;6845670;5;/go-to/?fmid=6845670;IF Mölndal Fotboll Vit;https://staticcdn.svenskfotboll.se/img/teamssm/9569.png;7;SG Ruddalen IF Grön;https://staticcdn.svenskfotboll.se/img/teamssm/11284.png;7;-1--1;Frejaplan 12 K.Gräs;Frejaplan;Fiskargatan, 431 43 Mölndal;Y;57.656471;12.005152;Göteborg;football
7;2026-10-04;17:45;133658;Pojkar 2015(11 år) Grupp D Höst;2;2;6845671;5;/go-to/?fmid=6845671;IF Mölndal Fotboll Röd;https://staticcdn.svenskfotboll.se/img/teamssm/9569.png;7;SG Ruddalen IF Röd;https://staticcdn.svenskfotboll.se/img/teamssm/11284.png;7;-1--1;Frejaplan 11 K.Gräs;Frejaplan;Fiskargatan, 431 43 Mölndal;Y;57.656471;12.005152;Göteborg;football
7;2026-10-04;18:00;133580;Pojkar 2011(15 år) Lätt Grupp B;2;3;6607648;4;/go-to/?fmid=6607648;Lundby IF p11 Vit;https://staticcdn.svenskfotboll.se/img/teamssm/11776.png;7;Masthuggets BK;https://staticcdn.svenskfotboll.se/img/teamssm/10643.png;7;11-2;Fjärdingsplan KG;Fjärdingsplan;Lantmätaregatan 21, 417 06 Göteborg;Y;57.724197;11.939560;Göteborg;football
7;2026-10-04;18:00;133117;Träningsmatcher Ungdomar Göteborg Pojk;2;3;6913699;4;/go-to/?fmid=6913699;Utbynäs SK Blå;https://staticcdn.svenskfotboll.se/img/teamssm/9983.png;7;Torslanda IK (P2013);https://staticcdn.svenskfotboll.se/img/teamssm/10068.png;7;2-4;Kviberg 9 KG;Kviberg;Luftvärnsvägen, 415 06 Göteborg;Y;57.737550;12.038540;Göteborg;football
21;2026-10-04;18:00;136519;Pojkar Div 5 Trollhättan;2;3;6710427;4;/go-to/?fmid=6710427;Trollhättans FK Vit;https://staticcdn.svenskfotboll.se/img/teamssm/8642.png;21;Alingsås IF FF Grön;https://staticcdn.svenskfotboll.se/img/teamssm/12595.png;21;1-4;Lyrfågel konstgräs;Lyrfågel;Hagtornsstigen 18, 461 43 Trollhättan;Y;57.673465;11.891683;Västergötland;football
7;2026-10-04;18:15;133441;Junior Pojkar Div 1;2;3;6538308;4;/go-to/?fmid=6538308;Hovås Billdal IF 1;https://staticcdn.svenskfotboll.se/img/teamssm/11109.png;7;Lerums IS;https://staticcdn.svenskfotboll.se/img/teamssm/10756.png;7;1-6;Hovås Billdal Arena 1;Hovås Billdal Arena;Kruniusvägen, 427 36 Billdal;Y;57.589555;11.946909;Göteborg;football
7;2026-10-04;18:15;133160;Division 4A Dam;3;4;6533761;4;/go-to/?fmid=6533761;Mossens BK (B);https://staticcdn.svenskfotboll.se/img/teamssm/9571.png;7;Lindome GIF;https://staticcdn.svenskfotboll.se/img/teamssm/10741.png;7;2-1;Valhalla 1 Konstgräs;Valhalla;Valhallagatan 6, 412 51 Göteborg;Y;57.701605;11.991324;Göteborg;football
7;2026-10-04;18:30;136461;Fotbollsligan 7M7 Herr Höst GrpB;2;5;6829524;4;/go-to/?fmid=6829524;FC Tigers (A);https://staticcdn.svenskfotboll.se/img/teamssm/14826.png;7;Framtida IF;https://staticcdn.svenskfotboll.se/img/teamssm/13546.png;7;0-5;Kviberg 2:21;Kviberg;Luftvärnsvägen, 415 06 Göteborg;Y;57.737550;12.038540;Göteborg;football
7;2026-10-04;18:30;133801;7M7 Serie A, dam;3;5;6563294;4;/go-to/?fmid=6563294;Landvetter IF 2003;https://staticcdn.svenskfotboll.se/img/teamssm/6789.png;7;Lerums IS;https://staticcdn.svenskfotboll.se/img/teamssm/10756.png;7;2-0;Landvetter IP B-plan 21;Landvetter IP;Tahultsvägen 60, 438 35 Landvetter;Y;57.702382;12.203031;Göteborg;football
7;2026-10-04;18:30;133759;Flickor 2012-2013 Stor 9M9 Medel Gr. C Höst;3;3;6827851;4;/go-to/?fmid=6827851;Lindome GIF;https://staticcdn.svenskfotboll.se/img/teamssm/10741.png;7;Öjersjö IF F12/13 Blå;https://staticcdn.svenskfotboll.se/img/teamssm/7552.png;7;3-3;Lindevi IP 3 Konstgräs;Lindevi IP;Hällesåkersvägen 5, 437 91 Lindome;Y;57.585286;12.108877;Göteborg;football
7;2026-10-04;18:30;133198;Division 5A Dam;3;4;6534019;4;/go-to/?fmid=6534019;IK Kongahälla (U);https://staticcdn.svenskfotboll.se/img/teamssm/9590.png;7;Öckerö IF (B);https://staticcdn.svenskfotboll.se/img/teamssm/9774.png;7;9-2;Romevi 3 Konstgräs;Romevi;Hög 130, 442 92 Romelanda;Y;57.937642;12.038425;Göteborg;football
7;2026-10-04;18:30;133578;Pojkar 2011(15 år) Svår Grupp B;2;3;6608496;4;/go-to/?fmid=6608496;Utsiktens BK 1;https://staticcdn.svenskfotboll.se/img/teamssm/9982.png;7;Kungsladugårds BK P11 1;https://staticcdn.svenskfotboll.se/img/teamssm/10799.png;7;2-5;Ruddalen 3 KG;Ruddalen;Anna Östvägen 8, 426 68 Västra Frölunda;Y;57.664609;11.909282;Göteborg;football
28;2026-10-04;18:30;136364;BDFF P13-14 Grön Södra;2;3;6653185;4;/go-to/?fmid=6653185;Vallens IF P2013;https://staticcdn.svenskfotboll.se/img/teamssm/8496.png;28;IFK Valla P2013;https://staticcdn.svenskfotboll.se/img/teamssm/8504.png;28;4-2;Stora Höga IP Konstgräs;Stora Höga IP;Stora Höga, Stenungsunds kommun, Västra Götalands län, 444 60, Sverige;Y;58.014336;11.828450;Bohuslän-Dalsland;football
7;2026-10-04;18:30;133950;Division 5B Dam;3;4;6534050;4;/go-to/?fmid=6534050;IF Väster;https://staticcdn.svenskfotboll.se/img/teamssm/9861.png;7;Lundby IF;https://staticcdn.svenskfotboll.se/img/teamssm/11776.png;7;4-0;Önneredsplan 1 Konstgräs;Önneredsplan;Ersåsgatan 2, 421 59 Västra Frölunda;Y;57.637219;11.884878;Göteborg;football
7;2026-10-04;18:45;136459;Fotbollsligan 7M7 Herr Höst GrpA;2;5;6829574;5;/go-to/?fmid=6829574;Landvetter IS;https://staticcdn.svenskfotboll.se/img/teamssm/10768.png;7;SG Ruddalen IF;https://staticcdn.svenskfotboll.se/img/teamssm/11284.png;7;0-0;Landvetter IP A-plan 11;Landvetter IP;Tahultsvägen 60, 438 35 Landvetter;Y;57.702382;12.203031;Göteborg;football
7;2026-10-04;18:45;133525;Junior Pojkar Div 2B;2;3;6542959;4;/go-to/?fmid=6542959;IF Mölndal Fotboll;https://staticcdn.svenskfotboll.se/img/teamssm/9569.png;7;Partille IF FK Herrjunior;https://staticcdn.svenskfotboll.se/img/teamssm/12478.png;7;4-1;Åbyvallen 1 Konstgräs;Åbyvallen;Idrottsvägen 5, 431 62 Mölndal;Y;57.645363;12.002082;Göteborg;football
7;2026-10-04;19:00;133802;7M7 Serie B, dam;3;5;6563359;4;/go-to/?fmid=6563359;Floda BoIF;https://staticcdn.svenskfotboll.se/img/teamssm/11366.png;7;Utbynäs SK;https://staticcdn.svenskfotboll.se/img/teamssm/9983.png;7;6-4;Flodala IP C-plan;Flodala IP;Skallsjö Prästväg 14, 448 31 Floda;Y;57.795503;12.346356;Göteborg;football
7;2026-10-04;19:00;136461;Fotbollsligan 7M7 Herr Höst GrpB;2;5;6829522;4;/go-to/?fmid=6829522;Kärra KIF C-lag;https://staticcdn.svenskfotboll.se/img/teamssm/10780.png;7;Lekstorps IF Oldboys;https://staticcdn.svenskfotboll.se/img/teamssm/10760.png;7;3-1;Klarebergsvallen 21 Konstgräs;Klarebergsvallen;Burmans Gata 3, 425 33 Hisings Kärra;Y;57.798761;11.987168;Göteborg;football
7;2026-10-04;19:00;133582;Pojkar 2012(14 år) Svår Grupp B;2;3;6622255;4;/go-to/?fmid=6622255;Örgryte IS Fotboll Blå;https://staticcdn.svenskfotboll.se/img/teamssm/12910.png;7;BK Häcken Svart;https://staticcdn.svenskfotboll.se/img/teamssm/11080.png;7;1-2;Hammarviken Arena;ÖIS-gården;Korndalsvägen 3, 412 76 Göteborg;Y;57.675233;12.028495;Göteborg;football
7;2026-10-04;19:30;138257;Junior Flickor Div 3 Höst;3;3;6827577;5;/go-to/?fmid=6827577;Kareby IS/RUF/KIF;https://staticcdn.svenskfotboll.se/img/teamssm/10872.png;7;IF Mölndal Fotboll;https://staticcdn.svenskfotboll.se/img/teamssm/9569.png;7;0-0;Kareby Hed;Kareby Hed;442 46 Kareby;Y;57.903192;11.928436;Göteborg;football
7;2026-10-04;19:30;133579;Pojkar 2011(15 år) Lätt Grupp A;2;3;6607197;5;/go-to/?fmid=6607197;Torslanda IK Svart;https://staticcdn.svenskfotboll.se/img/teamssm/10068.png;7;IK Zenith Vit;https://staticcdn.svenskfotboll.se/img/teamssm/9829.png;7;0-0;Torslandavallen 2 Konstgräs;Torslandavallen;Torslanda Idrottsväg 17, 423 32 Torslanda;Y;57.718280;11.757490;Göteborg;football
7;2026-10-04;19:30;136459;Fotbollsligan 7M7 Herr Höst GrpA;2;5;6829571;4;/go-to/?fmid=6829571;Näsets SK;https://staticcdn.svenskfotboll.se/img/teamssm/10510.png;7;Sandarna BK;https://staticcdn.svenskfotboll.se/img/teamssm/10367.png;7;2-2;Näset Yuncture Arena 11;Åkeredsvallen;Bergsätersgatan 1, 421 66 Västra Frölunda;Y;57.631456;11.900982;Göteborg;football
7;2026-10-04;20:15;133802;7M7 Serie B, dam;3;5;6563350;5;/go-to/?fmid=6563350;Hermansby IF;https://staticcdn.svenskfotboll.se/img/teamssm/11150.png;7;IF Warta;https://staticcdn.svenskfotboll.se/img/teamssm/9841.png;7;0-0;Kärnavallen 21 Konstgräs;Kärnavallen;Lyckevägen 16, 442 70 Kärna;Y;57.848420;11.786315;Göteborg;football
8;2026-10-05;00:00;139571;P13år Röd A Höst;2;3;6898509;5;/go-to/?fmid=6898509;Lerkils IF 2;https://staticcdn.svenskfotboll.se/img/teamssm/10757.png;8;Lerkils IF 1;https://staticcdn.svenskfotboll.se/img/teamssm/10757.png;8;0-0;Ängås IP A;Ängås IP;Ängåsvägen 39, 434 93 Vallda;Y;57.454340;11.941076;Halland;football
1;2026-10-05;15:00;135386;Ligacupen Elit Södra;2;4;6719490;5;/go-to/?fmid=6719490;Halmstad;https://staticcdn.svenskfotboll.se/img/teamssm/12921.png;8;Östers IF;https://staticcdn.svenskfotboll.se/img/teamssm/9736.png;15;0-0;Skedalaheds IP;Skedalaheds IP;Skedalahed 114, 305 93 Halmstad;Y;56.686715;12.945246;1;football
7;2026-10-05;17:30;133837;Flickor 2017(9 år) Hisingen Grupp A Höst;3;2;6831744;5;/go-to/?fmid=6831744;Torslanda IK 2;https://staticcdn.svenskfotboll.se/img/teamssm/10068.png;7;IK Zenith F2017 3;https://staticcdn.svenskfotboll.se/img/teamssm/9829.png;7;-1--1;Torslandavallen 41 Gräs;Torslandavallen;Torslanda Idrottsväg 17, 423 32 Torslanda;Y;57.718280;11.757490;Göteborg;football
7;2026-10-05;18:00;133831;Flickor 2017(9 år) Ale+Kungälv Höst;3;2;6836752;5;/go-to/?fmid=6836752;Hermansby IF 1;https://staticcdn.svenskfotboll.se/img/teamssm/11150.png;7;Kode IF F17 :2;https://staticcdn.svenskfotboll.se/img/teamssm/10828.png;7;-1--1;Kärnavallen 21 Konstgräs;Kärnavallen;Lyckevägen 16, 442 70 Kärna;Y;57.848420;11.786315;Göteborg;football
7;2026-10-05;18:00;133633;Pojkar 2014(12 år) Grupp E Höst;2;2;6843154;5;/go-to/?fmid=6843154;Älvsborg FF P2014 - Vit;https://staticcdn.svenskfotboll.se/img/teamssm/9622.png;7;SG Ruddalen IF 2;https://staticcdn.svenskfotboll.se/img/teamssm/11284.png;7;-1--1;Påvelund 11 Konstgräs;Påvelund;Redegatan 18, 426 77 Västra Frölunda;Y;57.668781;11.881476;Göteborg;football
7;2026-10-05;18:00;133765;Flickor 2012-2013 Liten 9M9 Lätt Gr. C Höst;3;3;6829082;5;/go-to/?fmid=6829082;Surte IS FK F13;https://staticcdn.svenskfotboll.se/img/teamssm/12036.png;7;IK Zenith F2013 Grön;https://staticcdn.svenskfotboll.se/img/teamssm/9829.png;7;0-0;Surte IP 21;Surte IP;Idrottsvägen 4, 445 55 Surte;Y;57.836279;12.017412;Göteborg;football
7;2026-10-05;18:30;133837;Flickor 2017(9 år) Hisingen Grupp A Höst;3;2;6831735;5;/go-to/?fmid=6831735;IFK Björkö IFK Björkö;https://staticcdn.svenskfotboll.se/img/teamssm/11021.png;7;Öckerö IF;https://staticcdn.svenskfotboll.se/img/teamssm/9774.png;7;-1--1;Björkö gräs 11;Björkö;Bogetvägen, 475 37 Bohus-björkö;Y;57.727796;11.681474;Göteborg;football
28;2026-10-05;18:30;136357;BDFF F13-14 Grön Västra;3;3;6678283;5;/go-to/?fmid=6678283;Grebbestads IF F13;https://staticcdn.svenskfotboll.se/img/teamssm/11276.png;28;Ödsmåls IK 9m9 13/14;https://staticcdn.svenskfotboll.se/img/teamssm/9771.png;28;0-0;Fjällbacka IP Fjällbacka;Fjällbacka IP Fjällbacka;Fjällbacka idrottsplats, Kullenvägen, Fjällbacka, Tanums kommun, Västra Götalands län, 450 71, Sverige;Y;58.588392;11.291398;Bohuslän-Dalsland;football
28;2026-10-05;18:30;139707;BDFF P13-14 Blå Höst 1;2;3;6906069;5;/go-to/?fmid=6906069;Färgelanda IF P14;https://staticcdn.svenskfotboll.se/img/teamssm/11322.png;28;Bengtsfors IF P 14;https://staticcdn.svenskfotboll.se/img/teamssm/8494.png;28;0-0;Färgelanda konstgräsplan;Färgelanda;Färgelanda kommun, Västra Götalands län, Sverige;Y;58.583333;12.000000;Bohuslän-Dalsland;football
7;2026-10-05;18:30;135973;Flickor 2010-2011 Lätt Grupp C;3;3;6585189;5;/go-to/?fmid=6585189;IK Zenith F16 2;https://staticcdn.svenskfotboll.se/img/teamssm/9829.png;7;Azalea BK F2011;https://staticcdn.svenskfotboll.se/img/teamssm/7817.png;7;0-0;Hovgårdsvallen 2 Konstgräs (Bjurforsplanen);Hovgårdsvallen;Gamla Lillebyvägen 1, 432 00 Torslanda;Y;57.751235;11.827376;Göteborg;football
21;2026-10-05;18:30;137301;Herrar, Utveckling B Skövde;2;4;6752328;5;/go-to/?fmid=6752328;Tidans IF U;https://staticcdn.svenskfotboll.se/img/teamssm/10094.png;21;IFK Värsås U;https://staticcdn.svenskfotboll.se/img/teamssm/10948.png;21;0-0;Mogårdsvallen B-plan, Moholms skola;Mogårdsvallen;Idrottsgatan 2, 545 41 Moholm;Y;58.605359;14.044658;Västergötland;football
7;2026-10-05;18:30;133765;Flickor 2012-2013 Liten 9M9 Lätt Gr. C Höst;3;3;6829084;5;/go-to/?fmid=6829084;Proletären FF F2013;https://staticcdn.svenskfotboll.se/img/teamssm/10466.png;7;Lekstorps IF F13;https://staticcdn.svenskfotboll.se/img/teamssm/10760.png;7;0-0;Röda Vallen;Röda Vallen;Åkereds Skolväg 22, 421 66 Västra Frölunda;Y;57.634548;11.903425;Göteborg;football
7;2026-10-05;18:30;133664;Pojkar 2015(11 år) Grupp J Höst;2;2;6851710;5;/go-to/?fmid=6851710;Gunnilse IS Röd;https://staticcdn.svenskfotboll.se/img/teamssm/11237.png;7;Lerums IS P15 vit 2;https://staticcdn.svenskfotboll.se/img/teamssm/10756.png;7;-1--1;Spinnarvallen / B-plan;Spinnarvallen;Tollereds Ströms väg 4, 448 50 Tollered;Y;57.814494;12.424245;Göteborg;football
8;2026-10-05;18:30;136200;P15-16år röd;2;3;6598073;5;/go-to/?fmid=6598073;HGH FC;https://staticcdn.svenskfotboll.se/img/teamssm/9516.png;8;Valinge IF;https://staticcdn.svenskfotboll.se/img/teamssm/9975.png;8;0-0;Tranevall;Tranevall;Tranevall, Tranevallsvägen, Harplinge, Halmstads kommun, Hallands län, 305 60, Sverige;Y;56.743210;12.734066;Halland;football
8;2026-10-05;18:30;139378;P14år Röd B Höst;2;3;6887987;5;/go-to/?fmid=6887987;Skottorps IF Grön;https://staticcdn.svenskfotboll.se/img/teamssm/10302.png;8;Tofta GIF Vit;https://staticcdn.svenskfotboll.se/img/teamssm/10084.png;8;0-0;Veinge Konstgräs;Veinge IP;Veinge, Laholms kommun, Hallands län, 312 35, Sverige;N;56.554026;13.076165;Halland;football
7;2026-10-05;18:30;133577;Pojkar 2011(15 år) Svår Grupp A;2;3;6608297;5;/go-to/?fmid=6608297;Västra Frölunda IF Grön;https://staticcdn.svenskfotboll.se/img/teamssm/9853.png;7;Croatia Göteborg;https://staticcdn.svenskfotboll.se/img/teamssm/9633.png;7;0-0;Välen 1 Konstgräs;Välen;Klubbvägen 20, 421 47 Västra Frölunda;Y;57.642584;11.919773;Göteborg;football
7;2026-10-05;18:45;133814;Flickor 2016(10 år) Grupp E Höst;3;2;6829806;5;/go-to/?fmid=6829806;Sävedalens IF Röd;https://staticcdn.svenskfotboll.se/img/teamssm/9545.png;7;Utbynäs SK Gul;https://staticcdn.svenskfotboll.se/img/teamssm/9983.png;7;-1--1;Vallhamra 21 Konstgräs;Vallhamra IP;Ugglumsleden 48, 433 64 Sävedalen;Y;57.724452;12.079253;Göteborg;football
7;2026-10-05;18:45;133814;Flickor 2016(10 år) Grupp E Höst;3;2;6829807;5;/go-to/?fmid=6829807;Sävedalens IF Blå;https://staticcdn.svenskfotboll.se/img/teamssm/9545.png;7;Utbynäs SK Blå;https://staticcdn.svenskfotboll.se/img/teamssm/9983.png;7;-1--1;Vallhamra 22 Konstgräs;Vallhamra IP;Ugglumsleden 48, 433 64 Sävedalen;Y;57.724452;12.079253;Göteborg;football
8;2026-10-05;19:00;136159;P16-17år;2;3;6596857;5;/go-to/?fmid=6596857;Lilla Träslövs FF;https://staticcdn.svenskfotboll.se/img/teamssm/9502.png;8;Oskarströms IS;https://staticcdn.svenskfotboll.se/img/teamssm/10488.png;8;0-0;Ankarvallen A;Ankarvallen;Ankarvägen 10, 432 74 Träslövsläge;Y;57.057553;12.290310;Halland;football
21;2026-10-05;19:00;136671;Pojkar Div 6 Vara;2;3;6760576;5;/go-to/?fmid=6760576;Holmalund City FF Röd;https://staticcdn.svenskfotboll.se/img/teamssm/11125.png;21;Skoftebyns IF Svart;https://staticcdn.svenskfotboll.se/img/teamssm/8653.png;21;0-0;Östlyckevallen;Brogårdsvallen;Brogårdsvallen, Mångatan, Östlyckan, Alingsås distrikt, Alingsås, Alingsås kommun, Västra Götalands län, 441 35, Sverige;Y;57.931561;12.549578;Västergötland;football
21;2026-10-05;19:00;136550;Herrar, Utveckling A Skövde;2;4;6721442;5;/go-to/?fmid=6721442;IFK Hjo U;https://staticcdn.svenskfotboll.se/img/teamssm/11007.png;21;Falköpings FK U;https://staticcdn.svenskfotboll.se/img/teamssm/7983.png;21;0-0;Guldkroksvallen Konstgräs;Guldkroksvallen;Idrottsgatan 5B, 544 34 Hjo;Y;58.296137;14.278686;Västergötland;football
8;2026-10-05;19:00;139379;P14år Röd A Höst;2;3;6880794;5;/go-to/?fmid=6880794;IF Centern Vit;https://staticcdn.svenskfotboll.se/img/teamssm/9527.png;8;Slöinge GOIF;https://staticcdn.svenskfotboll.se/img/teamssm/9491.png;8;0-0;Kärlekens IP 2;Kärlekens IP;Kärlekens IP, Stenstorpsvägen, 302 30 Halmstad;Y;56.704171;12.857281;Halland;football
8;2026-10-05;19:00;136158;P17-19år;2;3;6596050;5;/go-to/?fmid=6596050;Skrea IF;https://staticcdn.svenskfotboll.se/img/teamssm/9493.png;8;IFK Fjärås;https://staticcdn.svenskfotboll.se/img/teamssm/9511.png;8;0-0;Tånga IP Konstgräs;Tånga IP;Murarevägen 52, 311 36 Falkenberg;Y;56.913833;12.496394;Halland;football
1;2026-10-05;19:00;131957;Div 2 Norra Götaland, herr 2026;2;4;6547416;5;/go-to/?fmid=6547416;Herrestads AIF;https://staticcdn.svenskfotboll.se/img/teamssm/11149.png;28;Grebbestads IF;https://staticcdn.svenskfotboll.se/img/teamssm/11276.png;28;0-0;Undavallen Konstgräs;Undavallen;Stan 101, 451 94 Uddevalla;Y;58.336300;11.826976;1;football
8;2026-10-05;19:00;136158;P17-19år;2;3;6596049;5;/go-to/?fmid=6596049;Veddige BK;https://staticcdn.svenskfotboll.se/img/teamssm/9481.png;8;Trönninge BK;https://staticcdn.svenskfotboll.se/img/teamssm/9485.png;8;0-0;Veddige IP C;Veddige IP;Veddige idrottsplats, 41, Veddige, Varbergs kommun, Hallands län, 432 66, Sverige;Y;57.264497;12.334629;Halland;football
21;2026-10-05;19:00;137313;Herrar, Utveckling B Kinna;2;4;6743968;5;/go-to/?fmid=6743968;Skene IF U;https://staticcdn.svenskfotboll.se/img/teamssm/8655.png;21;Hestrafors IF U2;https://staticcdn.svenskfotboll.se/img/teamssm/11145.png;21;0-0;Vävarevallen A-plan;Vävarevallen;Dalsängsgatan 4, 511 63 Skene;Y;57.485152;12.642137;Västergötland;football
21;2026-10-05;19:15;139936;Kval till SvFF:s P17 Div.1 - Grupp A;2;3;6913654;5;/go-to/?fmid=6913654;IFK Mariestad U16;https://staticcdn.svenskfotboll.se/img/teamssm/8286.png;21;Lidköpings FK U16;https://staticcdn.svenskfotboll.se/img/teamssm/8704.png;21;0-0;Lekevi IP A-plan;Lekevi IP;Lugnåsvägen 20, 542 41 Mariestad;Y;58.689904;13.806826;Västergötland;football
21;2026-10-05;19:15;139927;Kval till SvFF:s P16 Div.1 - Grupp B;2;3;6913636;5;/go-to/?fmid=6913636;Råda BK;https://staticcdn.svenskfotboll.se/img/teamssm/10400.png;21;IFK Skövde FK;https://staticcdn.svenskfotboll.se/img/teamssm/7848.png;21;0-0;Rådavallen Dinaplanen konstgräs;Rådavallen;Rådavallen, Vattenledningsvägen, Råda, Råda distrikt, Lidköpings kommun, Västra Götalands län, 531 59, Sverige;Y;58.499337;13.102725;Västergötland;football
21;2026-10-05;19:15;137311;Herrar, Utveckling B Borås;2;4;6749238;5;/go-to/?fmid=6749238;Borgstena/Fristad/Sparsör U;https://staticcdn.svenskfotboll.se/img/teamssm/11539.png;21;Borås GIF U;https://staticcdn.svenskfotboll.se/img/teamssm/11533.png;21;0-0;Sjöbo Arena B konstgräs;Sjöbo Arena;Barnhemsgatan 71, 506 48 Borås;Y;57.755358;12.938517;Västergötland;football
21;2026-10-05;19:30;136512;Pojkar Div 4 Lidköping;2;3;6708528;5;/go-to/?fmid=6708528;Vara SK;https://staticcdn.svenskfotboll.se/img/teamssm/9966.png;21;Örslösa-Söne IK;https://staticcdn.svenskfotboll.se/img/teamssm/12698.png;21;0-0;Bendersvallen Konstgräs;Bendersvallen;Gradgatan 3, 534 50 Vara;Y;58.264542;12.975519;Västergötland;football
21;2026-10-05;19:30;136514;Pojkar Div 4 Trollhättan;2;3;6709002;5;/go-to/?fmid=6709002;Edet FK;https://staticcdn.svenskfotboll.se/img/teamssm/8683.png;21;Holmalund City FF;https://staticcdn.svenskfotboll.se/img/teamssm/11125.png;21;0-0;Strömsvallen A konstgräs;Strömsvallen;Roddvägen 18, 463 32 Lilla Edet;Y;58.140210;12.120092;Västergötland;football
21;2026-10-05;19:30;137305;Herrar, Utveckling B Trollhättan;2;4;6827375;5;/go-to/?fmid=6827375;Trollhättans BoIS U;https://staticcdn.svenskfotboll.se/img/teamssm/8643.png;21;Upphärads IS U;https://staticcdn.svenskfotboll.se/img/teamssm/9993.png;21;0-0;Torsbovallen Konstgräs;Torsbovallen;Torsbovallen, Albertsvägen, Strömslund, Trollhättan, Trollhättans kommun, Västra Götalands län, 461 57, Sverige;Y;58.290529;12.270870;Västergötland;football
7;2026-10-05;20:00;133745;Flickor 2010-2011 Lätt Grupp B;3;3;6585111;5;/go-to/?fmid=6585111;Bergums IF U-trupp flickor 2011-2012;https://staticcdn.svenskfotboll.se/img/teamssm/11584.png;7;Lerums IS;https://staticcdn.svenskfotboll.se/img/teamssm/10756.png;7;0-0;Bergumsvallen Konstgräs;Bergumsvallen;Grönkullavägen 21, 424 70 Olofstorp;Y;57.801061;12.166928;Göteborg;football
7;2026-10-05;20:00;133764;Flickor 2012-2013 Liten 9M9 Lätt Gr. B Höst;3;3;6828262;5;/go-to/?fmid=6828262;Landvetter IF 2003 F13 Röd;https://staticcdn.svenskfotboll.se/img/teamssm/6789.png;7;Hovås Billdal IF 2013;https://staticcdn.svenskfotboll.se/img/teamssm/11109.png;7;0-0;Landvetter IP A-plan 12;Landvetter IP;Tahultsvägen 60, 438 35 Landvetter;Y;57.702382;12.203031;Göteborg;football
1;2026-10-05;20:00;138419;P16 Div.1 2026 A-slutspel Norra Götaland;2;3;6911866;5;/go-to/?fmid=6911866;Norrby IF;https://staticcdn.svenskfotboll.se/img/teamssm/10554.png;21;Önnereds IK;https://staticcdn.svenskfotboll.se/img/teamssm/9765.png;7;0-0;Ramnavallen konstgräs;Ramnavallen;Ramnavallen, Enandersgatan, Byttorp, Borås, Borås kommun, Västra Götalands län, 504 66, Sverige;Y;57.722541;12.919158;1;football
7;2026-10-05;20:15;133727;Reserv Elit Göteborg;2;4;6578247;5;/go-to/?fmid=6578247;Qviding FIF;https://staticcdn.svenskfotboll.se/img/teamssm/8089.png;7;Västkurd BK;https://staticcdn.svenskfotboll.se/img/teamssm/12987.png;7;0-0;Härlanda Park 1 Konstgräs;Härlanda Park;Härlanda Park 6B, 416 52 Göteborg;Y;57.716492;12.017055;Göteborg;football
7;2026-10-05;20:15;133161;Division 4B Dam;3;4;6533839;5;/go-to/?fmid=6533839;Jonsereds IF;https://staticcdn.svenskfotboll.se/img/teamssm/9595.png;7;Kärra kif;https://staticcdn.svenskfotboll.se/img/teamssm/10780.png;7;0-0;Jonsereds IP 1 Konstgräs;Jonsereds IP;Jons väg 23, 433 75 Jonsered;Y;57.746215;12.169063;Göteborg;football
7;2026-10-05;20:15;133575;Pojkar 2011(15 år) Medel Grupp A;2;3;6607787;5;/go-to/?fmid=6607787;BK Häcken Gul;https://staticcdn.svenskfotboll.se/img/teamssm/11080.png;7;Näsets SK 2;https://staticcdn.svenskfotboll.se/img/teamssm/10510.png;7;0-0;Slättadamm 2 konstgräs;Slättadamm;Slättadammsgatan 6, 417 25 Göteborg;Y;57.730565;11.927705;Göteborg;football
1;2026-10-06;17:00;135385;Ligacupen Elit Västra;2;4;6581939;5;/go-to/?fmid=6581939;GAIS;https://staticcdn.svenskfotboll.se/img/teamssm/9614.png;7;Norrby IF;https://staticcdn.svenskfotboll.se/img/teamssm/10554.png;21;0-0;Ramnavallen konstgräs;;;N;;;1;football
1;2026-10-06;17:00;137810;Svenska Cupen 2026/27 omg. 1-2;2;4;6827321;5;/go-to/?fmid=6827321;FC Trollhättan;https://staticcdn.svenskfotboll.se/img/teamssm/6983.png;21;Mjällby AIF;https://staticcdn.svenskfotboll.se/img/teamssm/10629.png;2;0-0;Edsborgs IP A-plan;Edsborgs IP;Edsborgs idrottsplats, Solrosvägen, Stavre, Trollhättan, Trollhättans kommun, Västra Götalands län, 461 43, Sverige;Y;58.290180;12.312179;1;football
7;2026-10-06;17:00;133683;Pojkar 2016(10 år) Grupp G Höst;2;2;6844289;5;/go-to/?fmid=6844289;Lundby IF P2016 Röd;https://staticcdn.svenskfotboll.se/img/teamssm/11776.png;7;Torslanda IK Sharks;https://staticcdn.svenskfotboll.se/img/teamssm/10068.png;7;-1--1;Fjärdingsplan 11 KG;Fjärdingsplan;Lantmätaregatan 21, 417 06 Göteborg;Y;57.724197;11.939560;Göteborg;football
7;2026-10-06;17:00;133706;Pojkar 2017(9 år) Hisingen+Öckerö Grupp B Höst;2;2;6848423;5;/go-to/?fmid=6848423;Lundby IF P2017 Vit;https://staticcdn.svenskfotboll.se/img/teamssm/11776.png;7;Eriksbergs IF 3;https://staticcdn.svenskfotboll.se/img/teamssm/9629.png;7;-1--1;Fjärdingsplan 11 KG;Fjärdingsplan;Lantmätaregatan 21, 417 06 Göteborg;Y;57.724197;11.939560;Göteborg;football
7;2026-10-06;17:00;133706;Pojkar 2017(9 år) Hisingen+Öckerö Grupp B Höst;2;2;6848424;5;/go-to/?fmid=6848424;Lundby IF P2017 Röd;https://staticcdn.svenskfotboll.se/img/teamssm/11776.png;7;Eriksbergs IF 4;https://staticcdn.svenskfotboll.se/img/teamssm/9629.png;7;-1--1;Fjärdingsplan 11 KG;Fjärdingsplan;Lantmätaregatan 21, 417 06 Göteborg;Y;57.724197;11.939560;Göteborg;football
7;2026-10-06;17:00;133837;Flickor 2017(9 år) Hisingen Grupp A Höst;3;2;6831739;5;/go-to/?fmid=6831739;Hjuviks AIK F2017 Blå;https://staticcdn.svenskfotboll.se/img/teamssm/8330.png;7;Säve SK F17;https://staticcdn.svenskfotboll.se/img/teamssm/10135.png;7;-1--1;21:47 Arena 11;Hästevik;Torslanda Hästeviks väg, 423 41 Torslanda;Y;57.718779;11.721591;Göteborg;football
7;2026-10-06;17:00;133837;Flickor 2017(9 år) Hisingen Grupp A Höst;3;2;6831740;5;/go-to/?fmid=6831740;Hjuviks AIK F2017 Vit;https://staticcdn.svenskfotboll.se/img/teamssm/8330.png;7;IK Zenith F2017 1;https://staticcdn.svenskfotboll.se/img/teamssm/9829.png;7;-1--1;Hästevik 7M7;Hästevik;Torslanda Hästeviks väg, 423 41 Torslanda;Y;57.718779;11.721591;Göteborg;football
7;2026-10-06;18:15;133151;Division 5B Herr;2;4;6532512;5;/go-to/?fmid=6532512;IF Mölndal Fotboll;https://staticcdn.svenskfotboll.se/img/teamssm/9569.png;7;Bergums IF;https://staticcdn.svenskfotboll.se/img/teamssm/11584.png;7;0-0;Åbyvallen 1 Konstgräs;Åbyvallen;Idrottsvägen 5, 431 62 Mölndal;Y;57.645363;12.002082;Göteborg;football
7;2026-10-06;18:30;133760;Flickor 2012-2013 Liten 9M9 Medel Gr. A Höst;3;3;6828201;5;/go-to/?fmid=6828201;Solängens BK F-13 2;https://staticcdn.svenskfotboll.se/img/teamssm/9548.png;7;Utbynäs SK F13 Blå;https://staticcdn.svenskfotboll.se/img/teamssm/9983.png;7;0-0;Eklandavallen 12;Eklandavallen;Bäckstensgatan 15, 431 49 Mölndal;Y;57.654780;11.959687;Göteborg;football
7;2026-10-06;18:30;133765;Flickor 2012-2013 Liten 9M9 Lätt Gr. C Höst;3;3;6829059;5;/go-to/?fmid=6829059;Kärra KIF Gul;https://staticcdn.svenskfotboll.se/img/teamssm/10780.png;7;Kungsladugårds BK Vit;https://staticcdn.svenskfotboll.se/img/teamssm/10799.png;7;0-0;Färjenäsplan;Färjenäsplan;Pölsebogatan, 417 67 Göteborg;Y;57.697441;11.901198;Göteborg;football
7;2026-10-06;18:30;136239;Pojkar 2009-2010(16-17 år) Lätt Grupp B;2;3;6600286;5;/go-to/?fmid=6600286;Mossens BK U17 Gul;https://staticcdn.svenskfotboll.se/img/teamssm/9571.png;7;Kållered SK;https://staticcdn.svenskfotboll.se/img/teamssm/10787.png;7;0-0;Guldheden Södra 1 Konstgräs;Guldheden Södra;Gibraltargatan 41, 412 58 Göteborg;Y;57.681136;11.982964;Göteborg;football
7;2026-10-06;18:30;133760;Flickor 2012-2013 Liten 9M9 Medel Gr. A Höst;3;3;6828203;5;/go-to/?fmid=6828203;Torslanda IK Svart;https://staticcdn.svenskfotboll.se/img/teamssm/10068.png;7;GAIS;https://staticcdn.svenskfotboll.se/img/teamssm/9614.png;7;0-0;Heden 2 Konstgräs;Heden;Heden, 411 38 Göteborg;Y;57.702854;11.978368;Göteborg;football
7;2026-10-06;18:30;133664;Pojkar 2015(11 år) Grupp J Höst;2;2;6851775;5;/go-to/?fmid=6851775;Jonsereds IF Gul;https://staticcdn.svenskfotboll.se/img/teamssm/9595.png;7;Lerums IS P15 vit 1;https://staticcdn.svenskfotboll.se/img/teamssm/10756.png;7;-1--1;Jonsereds IP 11;Jonsereds IP;Jons väg 23, 433 75 Jonsered;Y;57.746215;12.169063;Göteborg;football
7;2026-10-06;18:30;133615;Pojkar 2013(13 år) Höst Lätt Grupp B;2;3;6828515;5;/go-to/?fmid=6828515;Azalea BK Vit;https://staticcdn.svenskfotboll.se/img/teamssm/7817.png;7;Hermansby IF;https://staticcdn.svenskfotboll.se/img/teamssm/11150.png;7;0-0;Kärnavallen 2 Konstgräs;Kärnavallen;Lyckevägen 16, 442 70 Kärna;Y;57.848420;11.786315;Göteborg;football
1;2026-10-06;18:30;135385;Ligacupen Elit Västra;2;4;6581937;5;/go-to/?fmid=6581937;Ljungskile SK Herrfotboll;https://staticcdn.svenskfotboll.se/img/teamssm/13211.png;28;BK Häcken;https://staticcdn.svenskfotboll.se/img/teamssm/11080.png;7;0-0;Skarsjövallen Konstgräs;Skarsjövallen;Skarsjövallen, Skarsjövägen, Ljungskile, Ljungs distrikt, Uddevalla kommun, Västra Götalands län, 459 30, Sverige;Y;58.216505;11.945076;1;football
7;2026-10-06;18:30;133607;Pojkar 2013(13 år) Höst Svår Grupp B;2;3;6829017;5;/go-to/?fmid=6829017;Proletären FF;https://staticcdn.svenskfotboll.se/img/teamssm/10466.png;7;Öjersjö IF 3;https://staticcdn.svenskfotboll.se/img/teamssm/7552.png;7;0-0;Åkeredsvallen 22 Konstgräs;Åkeredsvallen;Bergsätersgatan 1, 421 66 Västra Frölunda;Y;57.631456;11.900982;Göteborg;football
8;2026-10-06;19:00;136200;P15-16år röd;2;3;6598075;5;/go-to/?fmid=6598075;Lilla Träslövs FF;https://staticcdn.svenskfotboll.se/img/teamssm/9502.png;8;Kvibille BK;https://staticcdn.svenskfotboll.se/img/teamssm/10793.png;8;0-0;Ankarvallen A;Ankarvallen;Ankarvägen 10, 432 74 Träslövsläge;Y;57.057553;12.290310;Halland;football
21;2026-10-06;19:00;136742;Flickor Div 4 Borås;3;3;6724734;5;/go-to/?fmid=6724734;Brämhults IK;https://staticcdn.svenskfotboll.se/img/teamssm/8727.png;21;Dalstorp/Limmared/Hestra;https://staticcdn.svenskfotboll.se/img/teamssm/11468.png;21;0-0;Brämhults IP B;Brämhults IP;Gamla Brämhultsvägen, Hässleholmen, Borås, Borås kommun, Västra Götalands län, 507 44, Sverige;Y;57.726346;12.970209;Västergötland;football
7;2026-10-06;19:00;133580;Pojkar 2011(15 år) Lätt Grupp B;2;3;6607650;5;/go-to/?fmid=6607650;Särö Kullavik IF;https://staticcdn.svenskfotboll.se/img/teamssm/9496.png;8;Öjersjö IF Svart 1;https://staticcdn.svenskfotboll.se/img/teamssm/7552.png;7;0-0;Bukärrs IP;Bukärrs IP;Västra Särövägen 29, 429 42 Särö;Y;57.518719;11.961004;Göteborg;football
8;2026-10-06;19:00;137225;Utvecklingsserie Dam;3;4;6733092;5;/go-to/?fmid=6733092;Ullareds IK;https://staticcdn.svenskfotboll.se/img/teamssm/9482.png;8;Lilla Träslövs FF;https://staticcdn.svenskfotboll.se/img/teamssm/9502.png;8;0-0;Hedevi 1;Hedevi;Hedevi idrottsplats, Hedevivägen, Heden, Ullared, Falkenbergs kommun, Hallands län, 311 60, Sverige;Y;57.127163;12.718271;Halland;football
7;2026-10-06;19:00;135973;Flickor 2010-2011 Lätt Grupp C;3;3;6585215;5;/go-to/?fmid=6585215;Onsala BK;https://staticcdn.svenskfotboll.se/img/teamssm/10495.png;8;BK Häcken F2011 lag 2;https://staticcdn.svenskfotboll.se/img/teamssm/11080.png;7;0-0;Kaparevallen;Kaparevallen;Håkullavägen 43, 439 91 Onsala;Y;57.414147;12.014084;Göteborg;football
7;2026-10-06;19:00;133820;Reservklass 3B Höst;2;4;6827206;5;/go-to/?fmid=6827206;Askims IK;https://staticcdn.svenskfotboll.se/img/teamssm/11617.png;7;Sävedalens IF C;https://staticcdn.svenskfotboll.se/img/teamssm/9545.png;7;0-0;Kobbegården 1 Konstgräs;Kobbegården;Stora Åvägen 1, 436 34 Askim;Y;57.639723;11.944383;Göteborg;football
8;2026-10-06;19:00;136393;F15-16år Röd södra;3;3;6636188;5;/go-to/?fmid=6636188;IF Centern Blå;https://staticcdn.svenskfotboll.se/img/teamssm/9527.png;8;Åsa IF;https://staticcdn.svenskfotboll.se/img/teamssm/9807.png;8;0-0;Kärlekens IP 3;Kärlekens IP;Kärlekens IP, Stenstorpsvägen, 302 30 Halmstad;Y;56.704171;12.857281;Halland;football
8;2026-10-06;19:00;136201;P15-16år blå;2;3;6598198;5;/go-to/?fmid=6598198;Varbergs BoIS FC;https://staticcdn.svenskfotboll.se/img/teamssm/7701.png;8;IF Böljan Falkenberg;https://staticcdn.svenskfotboll.se/img/teamssm/9528.png;8;0-0;Påskbergsvallen konstgräs;Påskbergsvallen;Påskbergsvallen, Kattegattsvägen, Mariedal, Sörse, Varberg, Varbergs kommun, Hallands län, 432 43, Sverige;Y;57.097747;12.265223;Halland;football
8;2026-10-06;19:00;133575;Pojkar 2011(15 år) Medel Grupp A;2;3;6607786;5;/go-to/?fmid=6607786;Tölö IF;https://staticcdn.svenskfotboll.se/img/teamssm/10015.png;8;Onsala BK;https://staticcdn.svenskfotboll.se/img/teamssm/10495.png;8;0-0;Tingbergsvallen B;Tingbergsvallen;Borgmästaregatan 12, 434 32 Kungsbacka;Y;57.491213;12.068723;Halland;football
8;2026-10-06;19:00;136282;Division 4 Dam Halland;3;4;6612747;5;/go-to/?fmid=6612747;FC Lagan;https://staticcdn.svenskfotboll.se/img/teamssm/9475.png;8;IS Örnia;https://staticcdn.svenskfotboll.se/img/teamssm/9753.png;8;0-0;Veinge Konstgräs;Veinge IP;Veinge, Laholms kommun, Hallands län, 312 35, Sverige;N;56.554026;13.076165;Halland;football
8;2026-10-06;19:00;137297;Nivå 2 Mellersta Herrar;2;4;6746386;5;/go-to/?fmid=6746386;Bua IF;https://staticcdn.svenskfotboll.se/img/teamssm/11508.png;8;Träslövsläge IF U;https://staticcdn.svenskfotboll.se/img/teamssm/10045.png;8;0-0;Värö konstgräs;Värö IP;Värö idrottsplats, Ellickevägen, Limabacka, Varbergs kommun, Hallands län, 432 65, Sverige;Y;57.238901;12.184606;Halland;football
21;2026-10-06;19:15;136731;Pojkar Div 8 Borås norr;2;3;6723492;5;/go-to/?fmid=6723492;IF Elfsborg Röd;https://staticcdn.svenskfotboll.se/img/teamssm/11429.png;21;Bergdalens IK;https://staticcdn.svenskfotboll.se/img/teamssm/11592.png;21;0-0;Ryda fotbollshall;Ryda fotbollshall;Almenäsvägen 12, 506 32 Borås;Y;57.746351;12.931030;Västergötland;football
7;2026-10-06;19:30;133578;Pojkar 2011(15 år) Svår Grupp B;2;3;6608461;5;/go-to/?fmid=6608461;GAIS Akademi;https://staticcdn.svenskfotboll.se/img/teamssm/9614.png;7;BK Häcken;https://staticcdn.svenskfotboll.se/img/teamssm/11080.png;7;0-0;Gaisgården 2 Konstgräs;Gaisgården;Gamla Boråsvägen 75, 412 76 Göteborg;Y;57.680427;12.029061;Göteborg;football
7;2026-10-06;19:30;136239;Pojkar 2009-2010(16-17 år) Lätt Grupp B;2;3;6600354;5;/go-to/?fmid=6600354;Sandarna BK Svart;https://staticcdn.svenskfotboll.se/img/teamssm/10367.png;7;Azalea BK U17;https://staticcdn.svenskfotboll.se/img/teamssm/7817.png;7;0-0;Gröna Vallen 1;Gröna Vallen;Gröna Vallen, Svanebäcksgatan 16, 414 71 Göteborg;Y;57.687961;11.917564;Göteborg;football
7;2026-10-06;19:30;135973;Flickor 2010-2011 Lätt Grupp C;3;3;6585212;5;/go-to/?fmid=6585212;Lindome GIF Vit;https://staticcdn.svenskfotboll.se/img/teamssm/10741.png;7;Lekstorps IF F11/12 vit;https://staticcdn.svenskfotboll.se/img/teamssm/10760.png;7;0-0;Lindevi IP 1 Konstgräs;Lindevi IP;Hällesåkersvägen 5, 437 91 Lindome;Y;57.585286;12.108877;Göteborg;football
7;2026-10-06;19:30;133579;Pojkar 2011(15 år) Lätt Grupp A;2;3;6607253;5;/go-to/?fmid=6607253;Ahlafors/Älvängen/Nol;https://staticcdn.svenskfotboll.se/img/teamssm/11662.png;7;Dalen/Krokslätts FF;https://staticcdn.svenskfotboll.se/img/teamssm/9632.png;7;0-0;Svenska Stenhus Arena 3 Konstgräs;Sjövallen IP;Sjövallavägen 111, 449 50 Alafors;Y;57.915942;12.107763;Göteborg;football
7;2026-10-06;20:00;135972;Flickor 2010-2011 9M9;3;3;6584834;5;/go-to/?fmid=6584834;Hjuviks AIK F11;https://staticcdn.svenskfotboll.se/img/teamssm/8330.png;7;Gunnilse IS F2010-2011;https://staticcdn.svenskfotboll.se/img/teamssm/11237.png;7;0-0;21:47 Arena 1;Hästevik;Torslanda Hästeviks väg, 423 41 Torslanda;Y;57.718779;11.721591;Göteborg;football
7;2026-10-06;20:00;133151;Division 5B Herr;2;4;6532511;5;/go-to/?fmid=6532511;Valhalla FC;https://staticcdn.svenskfotboll.se/img/teamssm/13532.png;7;Pushers BK;https://staticcdn.svenskfotboll.se/img/teamssm/9563.png;7;0-0;Kviberg 5 konstgräs;Kviberg;Luftvärnsvägen, 415 06 Göteborg;Y;57.737550;12.038540;Göteborg;football
7;2026-10-06;20:00;133742;Flickor 2011 Regional;3;3;6597834;5;/go-to/?fmid=6597834;Jitex BK F15E;https://staticcdn.svenskfotboll.se/img/teamssm/7516.png;7;BK Häcken FF F15;https://staticcdn.svenskfotboll.se/img/teamssm/9584.png;7;0-0;Åbyvallen 1 Konstgräs;Åbyvallen;Idrottsvägen 5, 431 62 Mölndal;Y;57.645363;12.002082;Göteborg;football
7;2026-10-06;20:00;133759;Flickor 2012-2013 Stor 9M9 Medel Gr. C Höst;3;3;6827857;5;/go-to/?fmid=6827857;Hovås Billdal IF;https://staticcdn.svenskfotboll.se/img/teamssm/11109.png;7;Älvsborg FF F2013 Vit;https://staticcdn.svenskfotboll.se/img/teamssm/9622.png;7;0-0;Åkeredsvallen 2 Konstgräs;Åkeredsvallen;Bergsätersgatan 1, 421 66 Västra Frölunda;Y;57.631456;11.900982;Göteborg;football
7;2026-10-06;20:00;133581;Pojkar 2011(15 år) Medel Grupp C;2;3;6608201;5;/go-to/?fmid=6608201;Lunden Överås BK Svart;https://staticcdn.svenskfotboll.se/img/teamssm/10705.png;7;Jonsereds IF;https://staticcdn.svenskfotboll.se/img/teamssm/9595.png;7;0-0;Överåsvallen 1 Konstgräs;Överåsvallen;Skogshyddegatan 16, 412 74 Göteborg;Y;57.707876;12.002439;Göteborg;football
7;2026-10-06;20:15;133820;Reservklass 3B Höst;2;4;6827201;5;/go-to/?fmid=6827201;SK Argo;https://staticcdn.svenskfotboll.se/img/teamssm/9645.png;7;Stenkullen GoIK (C);https://staticcdn.svenskfotboll.se/img/teamssm/10243.png;7;0-0;Blidvädersplan;Blidvädersplan;Ovädersgatan 1A, 418 34 Göteborg;Y;57.707987;11.887592;Göteborg;football
7;2026-10-06;20:15;138540;P17 Kval Grupp C;2;3;6907485;5;/go-to/?fmid=6907485;Mölnlycke IS Ungdom;https://staticcdn.svenskfotboll.se/img/teamssm/13695.png;7;Backatorp IF;https://staticcdn.svenskfotboll.se/img/teamssm/11915.png;7;0-0;Djupedalsplan A Konstgräs;Djupedals IP;Djupedals Ip, Rullstensvägen 1, 435 41 Mölnlycke;Y;57.652820;12.126316;Göteborg;football
7;2026-10-06;20:15;133817;Reservklass 2A Höst;2;4;6827165;5;/go-to/?fmid=6827165;Floda BoIF;https://staticcdn.svenskfotboll.se/img/teamssm/11366.png;7;Eriksbergs IF;https://staticcdn.svenskfotboll.se/img/teamssm/9629.png;7;0-0;Flodala IP 3 KG;Flodala IP;Skallsjö Prästväg 14, 448 31 Floda;Y;57.795503;12.346356;Göteborg;football
7;2026-10-06;20:15;133579;Pojkar 2011(15 år) Lätt Grupp A;2;3;6607256;5;/go-to/?fmid=6607256;Gunnilse IS;https://staticcdn.svenskfotboll.se/img/teamssm/11237.png;7;Azalea BK Orange;https://staticcdn.svenskfotboll.se/img/teamssm/7817.png;7;0-0;Hjällbovallen 2 Konstgräs;Hjällbovallen;Knattens väg 12, 424 32 Angered;Y;57.777950;12.017062;Göteborg;football
7;2026-10-06;20:15;133727;Reserv Elit Göteborg;2;4;6578238;5;/go-to/?fmid=6578238;Hovås Billdal IF;https://staticcdn.svenskfotboll.se/img/teamssm/11109.png;7;Västra Frölunda IF;https://staticcdn.svenskfotboll.se/img/teamssm/9853.png;7;0-0;Hovås Billdal Arena 1;Hovås Billdal Arena;Kruniusvägen, 427 36 Billdal;Y;57.589555;11.946909;Göteborg;football
7;2026-10-06;20:15;133801;7M7 Serie A, dam;3;5;6563304;5;/go-to/?fmid=6563304;Lerums IS;https://staticcdn.svenskfotboll.se/img/teamssm/10756.png;7;Eriksbergs IF;https://staticcdn.svenskfotboll.se/img/teamssm/9629.png;7;0-0;Hulan;Hulan;Lilla Bråtavägen, 443 51 Lerum;Y;57.750361;12.243393;Göteborg;football
7;2026-10-06;20:15;138257;Junior Flickor Div 3 Höst;3;3;6827582;5;/go-to/?fmid=6827582;Kållered SK Damjunior;https://staticcdn.svenskfotboll.se/img/teamssm/10787.png;7;Öckerö IF Damjunior;https://staticcdn.svenskfotboll.se/img/teamssm/9774.png;7;0-0;Kållered Sportcenter 1;Kållered Sportcenter;Tulebovägen 17, 428 34 Kållered;Y;57.611466;12.075548;Göteborg;football
7;2026-10-06;20:15;133525;Junior Pojkar Div 2B;2;3;6542972;5;/go-to/?fmid=6542972;Älvsborg FF 2;https://staticcdn.svenskfotboll.se/img/teamssm/9622.png;7;Lindome GIF;https://staticcdn.svenskfotboll.se/img/teamssm/10741.png;7;0-0;Påvelund 1 Konstgräs;Påvelund;Redegatan 18, 426 77 Västra Frölunda;Y;57.668781;11.881476;Göteborg;football
7;2026-10-06;20:15;133727;Reserv Elit Göteborg;2;4;6578249;5;/go-to/?fmid=6578249;IK Kongahälla;https://staticcdn.svenskfotboll.se/img/teamssm/9590.png;7;Jonsereds IF;https://staticcdn.svenskfotboll.se/img/teamssm/9595.png;7;0-0;Romevi 3 Konstgräs;Romevi;Hög 130, 442 92 Romelanda;Y;57.937642;12.038425;Göteborg;football
7;2026-10-06;20:15;133571;Pojkar 2009-2010(16-17 år) Medel Grupp A;2;3;6601581;5;/go-to/?fmid=6601581;BK Häcken Gul;https://staticcdn.svenskfotboll.se/img/teamssm/11080.png;7;Sävedalens IF Blå;https://staticcdn.svenskfotboll.se/img/teamssm/9545.png;7;0-0;Slättadamm 2 konstgräs;Slättadamm;Slättadammsgatan 6, 417 25 Göteborg;Y;57.730565;11.927705;Göteborg;football
7;2026-10-06;20:15;133576;Pojkar 2011(15 år) Medel Grupp B;2;3;6607918;5;/go-to/?fmid=6607918;Lerums IS;https://staticcdn.svenskfotboll.se/img/teamssm/10756.png;7;Lundby IF p11 Grön;https://staticcdn.svenskfotboll.se/img/teamssm/11776.png;7;0-0;Stenkullens IP 2 KG;Stenkullens IP;Granitvägen 3, 443 61 Stenkullen;Y;57.795326;12.310226;Göteborg;football
8;2026-10-06;20:15;136100;P18-kval;2;3;6594077;5;/go-to/?fmid=6594077;BK Astrio;https://staticcdn.svenskfotboll.se/img/teamssm/9529.png;8;Onsala BK;https://staticcdn.svenskfotboll.se/img/teamssm/10495.png;8;0-0;Söndrums IP konstgräs;Söndrums IP;Söndrums Idrottsplats, Bäckagårdsvägen, Pålsbo, Bäckagård, Halmstad, Halmstads kommun, Hallands län, 302 91, Sverige;Y;56.670271;12.797138;Halland;football
7;2026-10-06;20:15;133577;Pojkar 2011(15 år) Svår Grupp A;2;3;6608358;5;/go-to/?fmid=6608358;Ytterby IS Vit;https://staticcdn.svenskfotboll.se/img/teamssm/9832.png;7;Mölnlycke IS Ungdom;https://staticcdn.svenskfotboll.se/img/teamssm/13695.png;7;0-0;Ytterns IP 3 konstgräs;Ytterns IP;Ytterby, 442 40 Kungälv;Y;57.869280;11.935196;Göteborg;football
7;2026-10-06;20:15;133743;Flickor 2010-2011 Medel Grupp A;3;3;6584950;5;/go-to/?fmid=6584950;Lerkils IF;https://staticcdn.svenskfotboll.se/img/teamssm/10757.png;8;IK Kongahälla FU;https://staticcdn.svenskfotboll.se/img/teamssm/9590.png;7;0-0;Ängås IP D;Ängås IP;Ängåsvägen 39, 434 93 Vallda;Y;57.454340;11.941076;Göteborg;football
7;2026-10-06;20:15;138256;Junior Flickor Div 2 Höst;3;3;6827528;5;/go-to/?fmid=6827528;IF Väster Damjunior Orange;https://staticcdn.svenskfotboll.se/img/teamssm/9861.png;7;Backatorp IF DJ;https://staticcdn.svenskfotboll.se/img/teamssm/11915.png;7;0-0;Önneredsplan 1 Konstgräs;Önneredsplan;Ersåsgatan 2, 421 59 Västra Frölunda;Y;57.637219;11.884878;Göteborg;football
7;2026-10-06;20:30;133161;Division 4B Dam;3;4;6533830;5;/go-to/?fmid=6533830;HBH Hönö/Björkö;https://staticcdn.svenskfotboll.se/img/teamssm/11038.png;7;Sävedalens IF (B);https://staticcdn.svenskfotboll.se/img/teamssm/9545.png;7;0-0;Hönö Arena 1;Hönö Arena;Lindblomsvägen 30, 475 42 Hönö;Y;57.687870;11.652948;Göteborg;football
8;2026-10-07;17:00;139134;F13år Röd B Höst;3;3;6896229;5;/go-to/?fmid=6896229;IF Böljan Falkenberg Vit;https://staticcdn.svenskfotboll.se/img/teamssm/9528.png;8;Vinbergs IF;https://staticcdn.svenskfotboll.se/img/teamssm/9913.png;8;0-0;Falkenbergs IP C;Falkenbergs IP;Falkenbergs IP A, Skogsvägen, Kristineslätt, Skrea Strand, Falkenberg, Falkenbergs kommun, Hallands län, 311 45, Sverige;Y;56.897775;12.508271;Halland;football
7;2026-10-07;17:15;133614;Pojkar 2013(13 år) Höst Svår Grupp A;2;3;6828830;5;/go-to/?fmid=6828830;Kärra KIF Blå;https://staticcdn.svenskfotboll.se/img/teamssm/10780.png;7;GAIS 3;https://staticcdn.svenskfotboll.se/img/teamssm/9614.png;7;0-0;Klarebergsvallen 2 Konstgräs;Klarebergsvallen;Burmans Gata 3, 425 33 Hisings Kärra;Y;57.798761;11.987168;Göteborg;football
8;2026-10-07;17:15;139133;F13år Röd A Höst;3;3;6896285;5;/go-to/?fmid=6896285;IF Centern Blå;https://staticcdn.svenskfotboll.se/img/teamssm/9527.png;8;BK Astrio Svart;https://staticcdn.svenskfotboll.se/img/teamssm/9529.png;8;0-0;Kärlekens IP 2;Kärlekens IP;Kärlekens IP, Stenstorpsvägen, 302 30 Halmstad;Y;56.704171;12.857281;Halland;football
7;2026-10-07;17:15;133665;Pojkar 2015(11 år) Grupp K Höst;2;2;6850346;5;/go-to/?fmid=6850346;Lerums IS P15 lila 2;https://staticcdn.svenskfotboll.se/img/teamssm/10756.png;7;Bergums IF Vit;https://staticcdn.svenskfotboll.se/img/teamssm/11584.png;7;-1--1;Stenkullens IP 21 KG;Stenkullens IP;Granitvägen 3, 443 61 Stenkullen;Y;57.795326;12.310226;Göteborg;football
7;2026-10-07;17:30;133780;Flickor 2014(12 år) Grupp A Höst;3;2;6834775;5;/go-to/?fmid=6834775;Näsets SK F14 Röd;https://staticcdn.svenskfotboll.se/img/teamssm/10510.png;7;IF Mölndal Fotboll Röd;https://staticcdn.svenskfotboll.se/img/teamssm/9569.png;7;-1--1;Näset Yuncture Arena 11;Åkeredsvallen;Bergsätersgatan 1, 421 66 Västra Frölunda;Y;57.631456;11.900982;Göteborg;football
7;2026-10-07;17:45;133681;Pojkar 2016(10 år) Grupp E Höst;2;2;6858061;5;/go-to/?fmid=6858061;Lindome GIF P2016 3;https://staticcdn.svenskfotboll.se/img/teamssm/10741.png;7;Backatorp IF Svart;https://staticcdn.svenskfotboll.se/img/teamssm/11915.png;7;-1--1;Lindevi 11 konstgräs;Lindevi IP;Hällesåkersvägen 5, 437 91 Lindome;Y;57.585286;12.108877;Göteborg;football
7;2026-10-07;18:00;133798;Flickor 2015(11 år) Grupp D Höst;3;2;6840681;5;/go-to/?fmid=6840681;Hönö IS HBH Röd;https://staticcdn.svenskfotboll.se/img/teamssm/11038.png;7;Torslanda IK Blå;https://staticcdn.svenskfotboll.se/img/teamssm/10068.png;7;-1--1;Hönö Arena 22;Hönö Arena;Lindblomsvägen 30, 475 42 Hönö;Y;57.687870;11.652948;Göteborg;football
7;2026-10-07;18:15;133764;Flickor 2012-2013 Liten 9M9 Lätt Gr. B Höst;3;3;6828265;5;/go-to/?fmid=6828265;Kållered SK Blå;https://staticcdn.svenskfotboll.se/img/teamssm/10787.png;7;Kareby IS F13;https://staticcdn.svenskfotboll.se/img/teamssm/10872.png;7;0-0;Kållered Sportcenter 11;Kållered Sportcenter;Tulebovägen 17, 428 34 Kållered;Y;57.611466;12.075548;Göteborg;football
7;2026-10-07;18:15;133585;Pojkar 2012(14 år) Lätt Grupp A;2;3;6621891;5;/go-to/?fmid=6621891;Solväders FC;https://staticcdn.svenskfotboll.se/img/teamssm/12147.png;7;Lerums IS Vit;https://staticcdn.svenskfotboll.se/img/teamssm/10756.png;7;0-0;Länsmansgårdens IP 2 Konstgräs;Länsmansgårdens IP;Temperaturgatan 76, 418 41 Göteborg;Y;57.730616;11.886442;Göteborg;football
7;2026-10-07;18:15;133608;Pojkar 2013(13 år) Höst Medel Grupp A;2;3;6828695;5;/go-to/?fmid=6828695;Masthuggets BK 2;https://staticcdn.svenskfotboll.se/img/teamssm/10643.png;7;Lunden Överås BK Vit;https://staticcdn.svenskfotboll.se/img/teamssm/10705.png;7;0-0;Majvallen 11 Konstgräs;Majvallen;Ekedalsgatan 20, 414 68 Göteborg;Y;57.689370;11.936171;Göteborg;football
7;2026-10-07;18:30;133614;Pojkar 2013(13 år) Höst Svår Grupp A;2;3;6828829;5;/go-to/?fmid=6828829;Älvsborg FF Gul;https://staticcdn.svenskfotboll.se/img/teamssm/9622.png;7;GoldCoast FC Gul;https://staticcdn.svenskfotboll.se/img/teamssm/13374.png;7;0-0;Bergsjövallen 21 Konstgräs;Bergsjövallen;Sjustjärnan 20, 415 51 Göteborg;Y;57.750377;12.057010;Göteborg;football
7;2026-10-07;18:30;133587;Pojkar 2012(14 år) Medel Grupp B;2;3;6621326;5;/go-to/?fmid=6621326;IF Mölndal Fotboll röd;https://staticcdn.svenskfotboll.se/img/teamssm/9569.png;7;Masthuggets BK Blå;https://staticcdn.svenskfotboll.se/img/teamssm/10643.png;7;0-0;Bifrostplan;Bifrostplan;Pinnharvsgatan 11, 431 47 Mölndal;Y;57.660287;11.990525;Göteborg;football
7;2026-10-07;18:30;133582;Pojkar 2012(14 år) Svår Grupp B;2;3;6622256;5;/go-to/?fmid=6622256;Götaholms BK P2012 Vit;https://staticcdn.svenskfotboll.se/img/teamssm/9615.png;7;Sandarna BK Röd;https://staticcdn.svenskfotboll.se/img/teamssm/10367.png;7;0-0;Gamlestadsvallen 2 Konstgräs;Gamlestadsvallen;Lars Kaggsgatan 24, 415 04 Göteborg;Y;57.734308;12.013832;Göteborg;football
21;2026-10-07;18:30;136519;Pojkar Div 5 Trollhättan;2;3;6888945;5;/go-to/?fmid=6888945;IFK Trollhättan;https://staticcdn.svenskfotboll.se/img/teamssm/8696.png;21;Trollhättans FK Vit;https://staticcdn.svenskfotboll.se/img/teamssm/8642.png;21;0-0;Granngårdens Konstgräs;Granngårdens;Granngårdens Idrottsanläggning, Lextorpsvägen, Lextorp, Trollhättan, Trollhättans kommun, Västra Götalands län, 461 63, Sverige;Y;58.261543;12.297018;Västergötland;football
8;2026-10-07;18:30;137160;P12år Vit;2;2;6729487;5;/go-to/?fmid=6729487;Trönninge BK Grön;https://staticcdn.svenskfotboll.se/img/teamssm/9485.png;8;Snöstorp Nyhem FF;https://staticcdn.svenskfotboll.se/img/teamssm/7704.png;8;-1--1;Håstens IP;Håstens IP;Hästens idrottsplats, Ölandsgatan, Nedregården, Varberg, Varbergs kommun, Hallands län, 432 36, Sverige;Y;57.117456;12.285361;Halland;football
8;2026-10-07;18:30;138585;F15 Nordvästra, höst;3;3;6872728;5;/go-to/?fmid=6872728;Skottorps IF;https://staticcdn.svenskfotboll.se/img/teamssm/10302.png;8;Helsingborgs IF blå;https://staticcdn.svenskfotboll.se/img/teamssm/9332.png;14;0-0;Veinge Konstgräs;Veinge IP;Veinge, Laholms kommun, Hallands län, 312 35, Sverige;N;56.554026;13.076165;Halland;football
7;2026-10-07;18:30;133611;Pojkar 2013(13 år) Höst Medel Grupp E;2;3;6828897;5;/go-to/?fmid=6828897;Näsets SK Blå;https://staticcdn.svenskfotboll.se/img/teamssm/10510.png;7;Södra Skärgårdens IK(SSIK)/Donsö I.S/Styrsö BK/Vrångö IF;https://staticcdn.svenskfotboll.se/img/teamssm/9631.png;7;0-0;Näset Yuncture Arena 12;Åkeredsvallen;Bergsätersgatan 1, 421 66 Västra Frölunda;Y;57.631456;11.900982;Göteborg;football
7;2026-10-07;18:35;133613;Pojkar 2013(13 år) Höst Medel Grupp B;2;3;6828731;5;/go-to/?fmid=6828731;Proletären FF 1;https://staticcdn.svenskfotboll.se/img/teamssm/10466.png;7;Solängens BK Vit;https://staticcdn.svenskfotboll.se/img/teamssm/9548.png;7;0-0;Åkeredsvallen 22 Konstgräs;Åkeredsvallen;Bergsätersgatan 1, 421 66 Västra Frölunda;Y;57.631456;11.900982;Göteborg;football
7;2026-10-07;18:40;138261;Pojkar 2013(13 år) Höst Medel Grupp F;2;3;6828914;5;/go-to/?fmid=6828914;Landvetter IS Vit P2013;https://staticcdn.svenskfotboll.se/img/teamssm/10768.png;7;Sandarna BK Röd;https://staticcdn.svenskfotboll.se/img/teamssm/10367.png;7;0-0;Landvetter IP B-plan 21;Landvetter IP;Tahultsvägen 60, 438 35 Landvetter;Y;57.702382;12.203031;Göteborg;football
21;2026-10-07;18:45;136511;Pojkar Div 4 Falköping;2;3;6708475;5;/go-to/?fmid=6708475;Åsarp-Trädet/Vartofta;https://staticcdn.svenskfotboll.se/img/teamssm/6993.png;21;Dalsjöfors GoIF;https://staticcdn.svenskfotboll.se/img/teamssm/12553.png;21;0-0;Åsarps IP A-plan;Åsarps IP;Åsarps distrikt, Falköpings kommun, Västra Götalands län, Sverige;Y;57.988818;13.628281;Västergötland;football
8;2026-10-07;19:00;137649;P14år Vit;2;3;6781239;5;/go-to/?fmid=6781239;Varbergs BoIS FC Svart;https://staticcdn.svenskfotboll.se/img/teamssm/7701.png;8;Onsala BK Blå;https://staticcdn.svenskfotboll.se/img/teamssm/10495.png;8;0-0;Ankarvallen B;Ankarvallen;Ankarvägen 10, 432 74 Träslövsläge;Y;57.057553;12.290310;Halland;football
21;2026-10-07;19:00;136507;Pojkar Div 1 19+ Västergötland;2;3;6707966;5;/go-to/?fmid=6707966;Bergdalens IK;https://staticcdn.svenskfotboll.se/img/teamssm/11592.png;21;Hestrafors IF;https://staticcdn.svenskfotboll.se/img/teamssm/11145.png;21;0-0;Björkängsvallen, Borås, Konstgräs;Björkängsvallen;Backersgatan 10, 504 57 Borås;Y;57.727601;12.958736;Västergötland;football
21;2026-10-07;19:00;133401;Träningsmatcher Herrar, Västergötland;2;4;6914106;5;/go-to/?fmid=6914106;Stora Mellby SK A;https://staticcdn.svenskfotboll.se/img/teamssm/10213.png;21;Sollebrunns AIK A;https://staticcdn.svenskfotboll.se/img/teamssm/10266.png;21;0-0;Brynet;Brynet;Prästvägen 31, 466 94 Sollebrunn;Y;58.145235;12.577816;Västergötland;football
7;2026-10-07;19:00;133586;Pojkar 2012(14 år) Svår Grupp A;2;3;6622111;5;/go-to/?fmid=6622111;Mölnlycke IS Ungdom 1;https://staticcdn.svenskfotboll.se/img/teamssm/13695.png;7;BK Häcken P14A;https://staticcdn.svenskfotboll.se/img/teamssm/11080.png;7;0-0;Bråtaredsvallen 3, konstgräs;Bråtaredsvallen;Bråtaredsvallen, 438 52 Rävlanda;Y;57.658014;12.492537;Göteborg;football
7;2026-10-07;19:00;135973;Flickor 2010-2011 Lätt Grupp C;3;3;6585214;5;/go-to/?fmid=6585214;Särö Kullavik IF;https://staticcdn.svenskfotboll.se/img/teamssm/9496.png;8;Hovås Billdal IF;https://staticcdn.svenskfotboll.se/img/teamssm/11109.png;7;0-0;Bukärrs IP;Bukärrs IP;Västra Särövägen 29, 429 42 Särö;Y;57.518719;11.961004;Göteborg;football
8;2026-10-07;19:00;137260;Nivå 3 Mellersta Norra Herrar;2;4;6733976;5;/go-to/?fmid=6733976;Rinia IF;https://staticcdn.svenskfotboll.se/img/teamssm/7291.png;8;Grimetons IK;https://staticcdn.svenskfotboll.se/img/teamssm/11272.png;8;0-0;Falkenbergs IP A;Falkenbergs IP;Falkenbergs IP A, Skogsvägen, Kristineslätt, Skrea Strand, Falkenberg, Falkenbergs kommun, Hallands län, 311 45, Sverige;Y;56.897775;12.508271;Halland;football
8;2026-10-07;19:00;136201;P15-16år blå;2;3;6598197;5;/go-to/?fmid=6598197;Frillesås FF;https://staticcdn.svenskfotboll.se/img/teamssm/9524.png;8;Snöstorp Nyhem FF Röd;https://staticcdn.svenskfotboll.se/img/teamssm/7704.png;8;0-0;Frillesås IP C;Frillesås IP;Rya industriväg 39, 439 62 Frillesås;Y;57.322466;12.184797;Halland;football
21;2026-10-07;19:00;139927;Kval till SvFF:s P16 Div.1 - Grupp B;2;3;6913639;5;/go-to/?fmid=6913639;Vänersborgs FK;https://staticcdn.svenskfotboll.se/img/teamssm/8626.png;21;Råda BK;https://staticcdn.svenskfotboll.se/img/teamssm/10400.png;21;0-0;Hallevi IP, Wargön C-plan;Hallevi IP;Nordkroksvägen 85, 468 33 Vargön;Y;58.366825;12.400851;Västergötland;football
28;2026-10-07;19:00;136359;BDFF P15-19 Blå Södra;2;3;6638709;5;/go-to/?fmid=6638709;Lysekils AIK Herrjuniorer;https://staticcdn.svenskfotboll.se/img/teamssm/10699.png;28;Sotenäs Fotboll J-lag;https://staticcdn.svenskfotboll.se/img/teamssm/10801.png;28;0-0;Kronbergsvallens IP;Kronbergsvallens IP;Kronbergsvallen,Färgaregatan, 453 34 Lysekil;Y;58.278390;11.435233;Bohuslän-Dalsland;football
21;2026-10-07;19:00;139929;Kval till SvFF:s P16 Div.1 - Grupp D;2;3;6913652;5;/go-to/?fmid=6913652;Skene IF;https://staticcdn.svenskfotboll.se/img/teamssm/8655.png;21;Bergdalens IK;https://staticcdn.svenskfotboll.se/img/teamssm/11592.png;21;0-0;Kunskapens Hus, konstgräs;Kunskapens Hus;Kunskapens hus, Varbergsvägen, Skene, Kinna, Marks kommun, Västra Götalands län, 511 56, Sverige;Y;57.497192;12.667653;Västergötland;football
21;2026-10-07;19:00;137605;Flickor Div 6 Ulricehamn;3;2;6782966;5;/go-to/?fmid=6782966;Ulricehamns IFK;https://staticcdn.svenskfotboll.se/img/teamssm/7738.png;21;Sjömarkens IF;https://staticcdn.svenskfotboll.se/img/teamssm/10325.png;21;-1--1;Lassalyckan B-plan;Lassalyckan;Lassalyckan, Ulricehamns distrikt, Ulricehamn, Ulricehamns kommun, Västra Götalands län, 523 33, Sverige;Y;57.785778;13.436509;Västergötland;football
21;2026-10-07;19:00;139926;Kval till SvFF:s P16 Div.1 - Grupp A;2;3;6913634;5;/go-to/?fmid=6913634;Ulricehamns IFK;https://staticcdn.svenskfotboll.se/img/teamssm/7738.png;21;Gerdskens BK;https://staticcdn.svenskfotboll.se/img/teamssm/8712.png;21;0-0;Lassalyckan A-plan konstgräs;Lassalyckan;Lassalyckan, Ulricehamns distrikt, Ulricehamn, Ulricehamns kommun, Västra Götalands län, 523 33, Sverige;Y;57.785778;13.436509;Västergötland;football
21;2026-10-07;19:00;136272;Herrar, U21 Västergötland;2;4;6632218;5;/go-to/?fmid=6632218;IFK Mariestad U21;https://staticcdn.svenskfotboll.se/img/teamssm/8286.png;21;IK Gauthiod U21;https://staticcdn.svenskfotboll.se/img/teamssm/11304.png;21;0-0;Lekevi IP Konstgräsplan;Lekevi IP;Lugnåsvägen 20, 542 41 Mariestad;Y;58.689904;13.806826;Västergötland;football
8;2026-10-07;19:00;137974;DM Damer slutspel;3;4;6909599;5;/go-to/?fmid=6909599;Varbergs BoIS FC;https://staticcdn.svenskfotboll.se/img/teamssm/7701.png;8;Halmstads BK;https://staticcdn.svenskfotboll.se/img/teamssm/9517.png;8;0-0;Påskbergsvallen;Påskbergsvallen;Påskbergsvallen, Kattegattsvägen, Mariedal, Sörse, Varberg, Varbergs kommun, Hallands län, 432 43, Sverige;Y;57.097747;12.265223;Halland;football
21;2026-10-07;19:00;139935;Kval till SvFF:s P19 Div.1 - Grupp C;2;3;6913688;5;/go-to/?fmid=6913688;Skara FC U18;https://staticcdn.svenskfotboll.se/img/teamssm/7451.png;21;Skene IF U18;https://staticcdn.svenskfotboll.se/img/teamssm/8655.png;21;0-0;Sparbanken Arena F;Sparbanken Arena;Sparbanken Arena, E 20, Vilans fritidsområde, Skara domkyrkodistrikt, Skara, Skara kommun, Västra Götalands län, 532 37, Sverige;Y;58.388258;13.461198;Västergötland;football
21;2026-10-07;19:00;136744;Flickor Div 4 Kinna;3;3;6724922;5;/go-to/?fmid=6724922;Rydboholms SK;https://staticcdn.svenskfotboll.se/img/teamssm/10408.png;21;Skene IF;https://staticcdn.svenskfotboll.se/img/teamssm/8655.png;21;0-0;Sven Erikssonsvallen;Sven Erikssonsvallen;Varbergsvägen 74, 515 34 Viskafors;Y;57.637595;12.861251;Västergötland;football
7;2026-10-07;19:00;133763;Flickor 2012-2013 Liten 9M9 Lätt Gr. A Höst;3;3;6828285;5;/go-to/?fmid=6828285;IF Warta;https://staticcdn.svenskfotboll.se/img/teamssm/9841.png;7;Finlandia Pallo AIF F 13 Blå;https://staticcdn.svenskfotboll.se/img/teamssm/7939.png;7;0-0;Sälöfjordsvallen 22 K.Gräs;Sälöfjordsvallen;Södra Sälöfjordsgatan 33, 418 73 Göteborg;Y;57.713415;11.904523;Göteborg;football
8;2026-10-07;19:00;136282;Division 4 Dam Halland;3;4;6612635;5;/go-to/?fmid=6612635;Tölö IF;https://staticcdn.svenskfotboll.se/img/teamssm/10015.png;8;Slöinge GOIF;https://staticcdn.svenskfotboll.se/img/teamssm/9491.png;8;0-0;Tingbergsvallen B;Tingbergsvallen;Borgmästaregatan 12, 434 32 Kungsbacka;Y;57.491213;12.068723;Halland;football
8;2026-10-07;19:00;136159;P16-17år;2;3;6596859;5;/go-to/?fmid=6596859;HGH FC;https://staticcdn.svenskfotboll.se/img/teamssm/9516.png;8;Derome-Åskloster FF;https://staticcdn.svenskfotboll.se/img/teamssm/13260.png;8;0-0;Tranevall;Tranevall;Tranevall, Tranevallsvägen, Harplinge, Halmstads kommun, Hallands län, 305 60, Sverige;Y;56.743210;12.734066;Halland;football
21;2026-10-07;19:00;136508;Pojkar Div 2 Norra;2;3;6711295;5;/go-to/?fmid=6711295;Herrestads AIF;https://staticcdn.svenskfotboll.se/img/teamssm/11149.png;28;Vara SK;https://staticcdn.svenskfotboll.se/img/teamssm/9966.png;21;0-0;Undavallen Konstgräs;Undavallen;Stan 101, 451 94 Uddevalla;Y;58.336300;11.826976;Västergötland;football
21;2026-10-07;19:00;139928;Kval till SvFF:s P16 Div.1 - Grupp C;2;3;6913649;5;/go-to/?fmid=6913649;Mariestads BK;https://staticcdn.svenskfotboll.se/img/teamssm/8679.png;21;Skövde AIK;https://staticcdn.svenskfotboll.se/img/teamssm/10281.png;21;0-0;Högelid;Vänershofs IP;Östra Järnvägsgatan 59, 542 33 Mariestad;N;58.704735;13.837044;Västergötland;football
21;2026-10-07;19:15;136523;Flickor Div 2 Borås;3;3;6715301;5;/go-to/?fmid=6715301;Brämhults IK;https://staticcdn.svenskfotboll.se/img/teamssm/8727.png;21;Skene IF;https://staticcdn.svenskfotboll.se/img/teamssm/8655.png;21;0-0;Brämhults IP A;Brämhults IP;Gamla Brämhultsvägen, Hässleholmen, Borås, Borås kommun, Västra Götalands län, 507 44, Sverige;Y;57.726346;12.970209;Västergötland;football
7;2026-10-07;19:15;133160;Division 4A Dam;3;4;6533672;5;/go-to/?fmid=6533672;Donsö IS;https://staticcdn.svenskfotboll.se/img/teamssm/9631.png;7;Kållered SK;https://staticcdn.svenskfotboll.se/img/teamssm/10787.png;7;0-0;Donsövallen;Donsövallen;Donsövallen, Lurkenvägen 2, 430 82 Donsö;Y;57.605163;11.805907;Göteborg;football
21;2026-10-07;19:15;139935;Kval till SvFF:s P19 Div.1 - Grupp C;2;3;6913689;5;/go-to/?fmid=6913689;Gerdskens BK U18;https://staticcdn.svenskfotboll.se/img/teamssm/8712.png;21;Norra Härene BK U18;https://staticcdn.svenskfotboll.se/img/teamssm/8673.png;21;0-0;Gerdskenvallen A-plan;Gerdskenvallen;Gerdskenvallen, Örnvägen 9, 441 40 Alingsås;Y;57.921454;12.538694;Västergötland;football
28;2026-10-07;19:15;139706;BDFF F15-19 Grön Höst;3;3;6906059;5;/go-to/?fmid=6906059;Orust FC F14 (f-2012);https://staticcdn.svenskfotboll.se/img/teamssm/12132.png;28;Vallens IF;https://staticcdn.svenskfotboll.se/img/teamssm/8496.png;28;0-0;Ängö Arena;Lövängen;Rönnbärsvägen 2, 472 95 Varekil;Y;58.120973;11.708544;Bohuslän-Dalsland;football
21;2026-10-07;19:15;137311;Herrar, Utveckling B Borås;2;4;6743376;5;/go-to/?fmid=6743376;Borås GIF U;https://staticcdn.svenskfotboll.se/img/teamssm/11533.png;21;Rydboholms SK U;https://staticcdn.svenskfotboll.se/img/teamssm/10408.png;21;0-0;Sjöbo Arena B konstgräs;Sjöbo Arena;Barnhemsgatan 71, 506 48 Borås;Y;57.755358;12.938517;Västergötland;football
21;2026-10-07;19:15;139934;Kval till SvFF:s P19 Div.1 - Grupp B;2;3;6913679;5;/go-to/?fmid=6913679;Vänersborgs FK U18;https://staticcdn.svenskfotboll.se/img/teamssm/8626.png;21;FC Trollhättan U18;https://staticcdn.svenskfotboll.se/img/teamssm/6983.png;21;0-0;Vänersvallen Nord;Vänersvallen;Gropbrovägen 4, 462 56 Vänersborg;Y;58.367442;12.323966;Västergötland;football
21;2026-10-07;19:30;136299;Flickor F19 DM 2026;3;3;6615581;5;/go-to/?fmid=6615581;IF Elfsborg;https://staticcdn.svenskfotboll.se/img/teamssm/11429.png;21;Vara SK;https://staticcdn.svenskfotboll.se/img/teamssm/9966.png;21;0-0;Borås Arena;Borås Arena;Borås Arena, Ålgårdsvägen 16, 506 30 Borås;Y;57.734400;12.934766;Västergötland;football
1;2026-10-07;19:30;138417;P16 Div.1 2026 B-slutspel Västra Götaland;2;3;6911998;5;/go-to/?fmid=6911998;Laholms FK;https://staticcdn.svenskfotboll.se/img/teamssm/9504.png;8;BK Astrio;https://staticcdn.svenskfotboll.se/img/teamssm/9529.png;8;0-0;Glänninge Park B;Glänninge Park;Hellbakken 1, 312 36 Laholm;Y;56.501248;13.054870;1;football
7;2026-10-07;19:30;133746;Flickor 2010-2011 Medel Grupp B;3;3;6585597;5;/go-to/?fmid=6585597;BK Häcken FF F15 Svart;https://staticcdn.svenskfotboll.se/img/teamssm/9584.png;7;Sävedalens IF Röd;https://staticcdn.svenskfotboll.se/img/teamssm/9545.png;7;0-0;Gothia Park 4;Gothia Park;Entreprenadvägen 6, 417 05 Göteborg;Y;57.740380;11.947473;Göteborg;football
8;2026-10-07;19:30;136304;F16-17år;3;3;6614774;5;/go-to/?fmid=6614774;Halmstads BK;https://staticcdn.svenskfotboll.se/img/teamssm/9517.png;8;IFK Fjärås;https://staticcdn.svenskfotboll.se/img/teamssm/9511.png;8;0-0;Halmstad Arena P7;Halmstad Arena;Kristinehedsvägen 4B, 302 44 Halmstad;Y;56.675943;12.888513;Halland;football
21;2026-10-07;19:30;137311;Herrar, Utveckling B Borås;2;4;6743392;5;/go-to/?fmid=6743392;Mariedals IK U;https://staticcdn.svenskfotboll.se/img/teamssm/10652.png;21;BK Spark U;https://staticcdn.svenskfotboll.se/img/teamssm/8649.png;21;0-0;Kransmossens IP A;Kransmossens IP;Kransmossens idrottsplats, Kransvägen, Brotorp, Borås, Borås kommun, Västra Götalands län, 507 65, Sverige;Y;57.707261;12.979446;Västergötland;football
7;2026-10-07;19:30;135972;Flickor 2010-2011 9M9;3;3;6584837;5;/go-to/?fmid=6584837;Lekstorps IF F11/12 Grön;https://staticcdn.svenskfotboll.se/img/teamssm/10760.png;7;Sandarna BK Svart;https://staticcdn.svenskfotboll.se/img/teamssm/10367.png;7;0-0;LP - Idrottspark A - plan;LP - Idrottspark;LP Idrottspark, Sportvägen 7, 443 40 Gråbo;Y;57.841028;12.289142;Göteborg;football
7;2026-10-07;19:30;133616;Pojkar 2013(13 år) Höst Lätt Grupp C;2;3;6828557;5;/go-to/?fmid=6828557;Lindome GIF Vit;https://staticcdn.svenskfotboll.se/img/teamssm/10741.png;7;Fässbergs IF Vit;https://staticcdn.svenskfotboll.se/img/teamssm/9620.png;7;0-0;Rävekärrsplan;Rävekärrsplan;Fågelbergsgatan 6, 431 33 Mölndal;Y;57.643218;12.034367;Göteborg;football
7;2026-10-07;19:30;133743;Flickor 2010-2011 Medel Grupp A;3;3;6584963;5;/go-to/?fmid=6584963;Örgryte IS Fotboll;https://staticcdn.svenskfotboll.se/img/teamssm/12910.png;7;BK Häcken F2011 Lag 1;https://staticcdn.svenskfotboll.se/img/teamssm/11080.png;7;0-0;ÖIS-gården 2;ÖIS-gården;Korndalsvägen 3, 412 76 Göteborg;Y;57.675233;12.028495;Göteborg;football
7;2026-10-07;19:45;133155;Division 7A Herr;2;4;6533624;5;/go-to/?fmid=6533624;AIF Göteborg;https://staticcdn.svenskfotboll.se/img/teamssm/11626.png;7;BK Bifrost;https://staticcdn.svenskfotboll.se/img/teamssm/9641.png;7;0-0;Gröna Vallen 1;Gröna Vallen;Gröna Vallen, Svanebäcksgatan 16, 414 71 Göteborg;Y;57.687961;11.917564;Göteborg;football
7;2026-10-07;19:45;133153;Division 6B Herr;2;4;6534251;5;/go-to/?fmid=6534251;Ösets BK;https://staticcdn.svenskfotboll.se/img/teamssm/9533.png;7;Backatorp IF;https://staticcdn.svenskfotboll.se/img/teamssm/11915.png;7;0-0;Majvallen 1 Konstgräs;Majvallen;Ekedalsgatan 20, 414 68 Göteborg;Y;57.689370;11.936171;Göteborg;football
21;2026-10-07;19:45;136550;Herrar, Utveckling A Skövde;2;4;6721432;5;/go-to/?fmid=6721432;Skultorps IF U;https://staticcdn.svenskfotboll.se/img/teamssm/10298.png;21;Floby-Grolanda IF U;https://staticcdn.svenskfotboll.se/img/teamssm/13639.png;21;0-0;Södermalms IP A;Södermalms IP;Södermalms idrottsplats, Skaraborgsgatan, Södermalm, Skövde, Skövde kommun, Västra Götalands län, 541 52, Sverige;Y;58.378431;13.840427;Västergötland;football
7;2026-10-07;20:00;136239;Pojkar 2009-2010(16-17 år) Lätt Grupp B;2;3;6600260;5;/go-to/?fmid=6600260;Kungsladugårds BK;https://staticcdn.svenskfotboll.se/img/teamssm/10799.png;7;Särö Kullavik IF 2;https://staticcdn.svenskfotboll.se/img/teamssm/9496.png;8;0-0;Apelsinplan 2 Konstgräs;Apelsinplan;Apelsingatan 6, 426 54 Västra Frölunda;Y;57.655054;11.882940;Göteborg;football
1;2026-10-07;20:00;138411;P17 Div.1 2026 B-slutspel Nordvästra Götaland;2;3;6912031;5;/go-to/?fmid=6912031;Backatorp IF;https://staticcdn.svenskfotboll.se/img/teamssm/11915.png;7;Ytterby IS;https://staticcdn.svenskfotboll.se/img/teamssm/9832.png;7;0-0;Backavallen 1 Konstgräs;Backavallen;Wadköpingsgatan 153, 422 51 Hisings Backa;Y;57.745322;11.967003;1;football
7;2026-10-07;20:00;133745;Flickor 2010-2011 Lätt Grupp B;3;3;6585140;5;/go-to/?fmid=6585140;IFK Hindås F-11/12;https://staticcdn.svenskfotboll.se/img/teamssm/11008.png;7;Bergums IF U-trupp flickor 2011-2012;https://staticcdn.svenskfotboll.se/img/teamssm/11584.png;7;0-0;Fagervallen 2 Konstgräs;Fagervallen;Sportvägen 9, 438 98 Hindås;Y;57.695964;12.435282;Göteborg;football
7;2026-10-07;20:00;133745;Flickor 2010-2011 Lätt Grupp B;3;3;6585143;5;/go-to/?fmid=6585143;Floda BoIF F11;https://staticcdn.svenskfotboll.se/img/teamssm/11366.png;7;Älvängens IK F11;https://staticcdn.svenskfotboll.se/img/teamssm/9783.png;7;0-0;Flodala IP 3 KG;Flodala IP;Skallsjö Prästväg 14, 448 31 Floda;Y;57.795503;12.346356;Göteborg;football
7;2026-10-07;20:00;133580;Pojkar 2011(15 år) Lätt Grupp B;2;3;6607653;5;/go-to/?fmid=6607653;Mossens BK Svart;https://staticcdn.svenskfotboll.se/img/teamssm/9571.png;7;Lundby IF p11 Vit;https://staticcdn.svenskfotboll.se/img/teamssm/11776.png;7;0-0;Guldheden Södra 1 Konstgräs;Guldheden Södra;Gibraltargatan 41, 412 58 Göteborg;Y;57.681136;11.982964;Göteborg;football
7;2026-10-07;20:00;133746;Flickor 2010-2011 Medel Grupp B;3;3;6585596;5;/go-to/?fmid=6585596;GAIS F15-16;https://staticcdn.svenskfotboll.se/img/teamssm/9614.png;7;Mossens BK F2010/2011;https://staticcdn.svenskfotboll.se/img/teamssm/9571.png;7;0-0;Heden 3 Konstgräs;Heden;Heden, 411 38 Göteborg;Y;57.702854;11.978368;Göteborg;football
7;2026-10-07;20:00;133576;Pojkar 2011(15 år) Medel Grupp B;2;3;6607917;5;/go-to/?fmid=6607917;Kärra KIF Gul;https://staticcdn.svenskfotboll.se/img/teamssm/10780.png;7;Älvsborg FF Blå;https://staticcdn.svenskfotboll.se/img/teamssm/9622.png;7;0-0;Klarebergsvallen 2 Konstgräs;Klarebergsvallen;Burmans Gata 3, 425 33 Hisings Kärra;Y;57.798761;11.987168;Göteborg;football
7;2026-10-07;20:00;136239;Pojkar 2009-2010(16-17 år) Lätt Grupp B;2;3;6600372;5;/go-to/?fmid=6600372;Utbynäs SK Blå;https://staticcdn.svenskfotboll.se/img/teamssm/9983.png;7;IK Zenith P17 Grön;https://staticcdn.svenskfotboll.se/img/teamssm/9829.png;7;0-0;Lemmingvallen 2 Konstgräs;Lemmingvallen;Lemmingsgatan 5, 415 07 Göteborg;Y;57.734850;12.052148;Göteborg;football
7;2026-10-07;20:00;133742;Flickor 2011 Regional;3;3;6597832;5;/go-to/?fmid=6597832;Älvsborg FF F2011;https://staticcdn.svenskfotboll.se/img/teamssm/9622.png;7;Junior Lions FootballClub F15-A;https://staticcdn.svenskfotboll.se/img/teamssm/13588.png;21;0-0;Påvelund 1 Konstgräs;Påvelund;Redegatan 18, 426 77 Västra Frölunda;Y;57.668781;11.881476;Göteborg;football
7;2026-10-07;20:00;133577;Pojkar 2011(15 år) Svår Grupp A;2;3;6608317;5;/go-to/?fmid=6608317;Torslanda IK Röd;https://staticcdn.svenskfotboll.se/img/teamssm/10068.png;7;IK Zenith Grön;https://staticcdn.svenskfotboll.se/img/teamssm/9829.png;7;0-0;Torslandavallen 2 Konstgräs;Torslandavallen;Torslanda Idrottsväg 17, 423 32 Torslanda;Y;57.718280;11.757490;Göteborg;football
7;2026-10-07;20:00;133577;Pojkar 2011(15 år) Svår Grupp A;2;3;6608301;5;/go-to/?fmid=6608301;Finlandia Pallo AIF;https://staticcdn.svenskfotboll.se/img/teamssm/7939.png;7;Croatia Göteborg;https://staticcdn.svenskfotboll.se/img/teamssm/9633.png;7;0-0;Tuvevallen 2 Konstgräs;Tuvevallen;Tuvevallen, 417 45 Göteborg;Y;57.750937;11.915436;Göteborg;football
7;2026-10-07;20:15;133768;Reservklass 1;2;4;6552715;5;/go-to/?fmid=6552715;Göteborgs FF;https://staticcdn.svenskfotboll.se/img/teamssm/11217.png;7;IK Zenith;https://staticcdn.svenskfotboll.se/img/teamssm/9829.png;7;0-0;Blidvädersplan;Blidvädersplan;Ovädersgatan 1A, 418 34 Göteborg;Y;57.707987;11.887592;Göteborg;football
7;2026-10-07;20:15;138539;P17 Kval Grupp A;2;3;6907484;5;/go-to/?fmid=6907484;Öjersjö IF;https://staticcdn.svenskfotboll.se/img/teamssm/7552.png;7;Qviding FIF;https://staticcdn.svenskfotboll.se/img/teamssm/8089.png;7;0-0;Furulundsplan 1 Konstgräs;Furulundsplan;Furulundsplan, Timmervägen, 433 47 Partille;Y;57.727253;12.129716;Göteborg;football
7;2026-10-07;20:15;133817;Reservklass 2A Höst;2;4;6827179;5;/go-to/?fmid=6827179;Utbynäs SK;https://staticcdn.svenskfotboll.se/img/teamssm/9983.png;7;Azalea BK;https://staticcdn.svenskfotboll.se/img/teamssm/7817.png;7;0-0;Gamlestadsvallen 2 Konstgräs;Gamlestadsvallen;Lars Kaggsgatan 24, 415 04 Göteborg;Y;57.734308;12.013832;Göteborg;football
7;2026-10-07;20:15;135972;Flickor 2010-2011 9M9;3;3;6584836;5;/go-to/?fmid=6584836;Gunnilse IS F2010-2011;https://staticcdn.svenskfotboll.se/img/teamssm/11237.png;7;Götaholms BK F2010;https://staticcdn.svenskfotboll.se/img/teamssm/9615.png;7;0-0;Hjällbovallen 2 Konstgräs;Hjällbovallen;Knattens väg 12, 424 32 Angered;Y;57.777950;12.017062;Göteborg;football
7;2026-10-07;20:15;133157;Division 7C Herr;2;4;6534577;5;/go-to/?fmid=6534577;IK Zenith FF;https://staticcdn.svenskfotboll.se/img/teamssm/13708.png;7;Neutrala UF;https://staticcdn.svenskfotboll.se/img/teamssm/11940.png;7;0-0;Hovgårdsvallen 2 Konstgräs (Bjurforsplanen);Hovgårdsvallen;Gamla Lillebyvägen 1, 432 00 Torslanda;Y;57.751235;11.827376;Göteborg;football
7;2026-10-07;20:15;133950;Division 5B Dam;3;4;6534106;5;/go-to/?fmid=6534106;Floda BoIF (U);https://staticcdn.svenskfotboll.se/img/teamssm/11366.png;7;Kungsladugårds BK;https://staticcdn.svenskfotboll.se/img/teamssm/10799.png;7;0-0;Kobbegården 1 Konstgräs;Kobbegården;Stora Åvägen 1, 436 34 Askim;Y;57.639723;11.944383;Göteborg;football
7;2026-10-07;20:15;133525;Junior Pojkar Div 2B;2;3;6543026;5;/go-to/?fmid=6543026;Torslanda IK HJ 2;https://staticcdn.svenskfotboll.se/img/teamssm/10068.png;7;Eriksbergs IF 1;https://staticcdn.svenskfotboll.se/img/teamssm/9629.png;7;0-0;Krokängsplan 1 Konstgräs;Krokängsplan;Säterigatan 15, 417 69 Göteborg;Y;57.702920;11.910432;Göteborg;football
7;2026-10-07;20:15;133744;Flickor 2010-2011 Lätt Grupp A;3;3;6585035;5;/go-to/?fmid=6585035;Landvetter IF 2003 F11 Röd;https://staticcdn.svenskfotboll.se/img/teamssm/6789.png;7;Utbynäs SK Blå;https://staticcdn.svenskfotboll.se/img/teamssm/9983.png;7;0-0;Landvetter IP A-plan;Landvetter IP;Tahultsvägen 60, 438 35 Landvetter;Y;57.702382;12.203031;Göteborg;football
7;2026-10-07;20:15;138542;P17 Kval Grupp D;2;3;6907990;5;/go-to/?fmid=6907990;Landvetter IS;https://staticcdn.svenskfotboll.se/img/teamssm/10768.png;7;KF Velebit;https://staticcdn.svenskfotboll.se/img/teamssm/9949.png;7;0-0;Landvetter IP B-plan;Landvetter IP;Tahultsvägen 60, 438 35 Landvetter;Y;57.702382;12.203031;Göteborg;football
7;2026-10-07;20:15;133155;Division 7A Herr;2;4;6533628;5;/go-to/?fmid=6533628;Mölnlycke IS Ungdom;https://staticcdn.svenskfotboll.se/img/teamssm/13695.png;7;Johannebergs IF;https://staticcdn.svenskfotboll.se/img/teamssm/8144.png;7;0-0;Mölnlycke IP;Mölnlycke IP;Idrottsgatan 1, 435 35 Mölnlycke;Y;57.660896;12.119026;Göteborg;football
7;2026-10-07;20:15;133575;Pojkar 2011(15 år) Medel Grupp A;2;3;6607772;5;/go-to/?fmid=6607772;BK Häcken Gul;https://staticcdn.svenskfotboll.se/img/teamssm/11080.png;7;Öckerö IF P-11;https://staticcdn.svenskfotboll.se/img/teamssm/9774.png;7;0-0;Slättadamm 2 konstgräs;Slättadamm;Slättadammsgatan 6, 417 25 Göteborg;Y;57.730565;11.927705;Göteborg;football
7;2026-10-07;20:15;133161;Division 4B Dam;3;4;6533853;5;/go-to/?fmid=6533853;Lerums IS;https://staticcdn.svenskfotboll.se/img/teamssm/10756.png;7;Jonsereds IF;https://staticcdn.svenskfotboll.se/img/teamssm/9595.png;7;0-0;Spinnarvallen / B-plan;Spinnarvallen;Tollereds Ströms väg 4, 448 50 Tollered;Y;57.814494;12.424245;Göteborg;football
7;2026-10-07;20:15;133441;Junior Pojkar Div 1;2;3;6538315;5;/go-to/?fmid=6538315;Lerums IS;https://staticcdn.svenskfotboll.se/img/teamssm/10756.png;7;Jonsereds IF 1;https://staticcdn.svenskfotboll.se/img/teamssm/9595.png;7;0-0;Stenkullens IP 2 KG;Stenkullens IP;Granitvägen 3, 443 61 Stenkullen;Y;57.795326;12.310226;Göteborg;football
7;2026-10-07;20:15;133160;Division 4A Dam;3;4;6533686;5;/go-to/?fmid=6533686;Mossens BK (B);https://staticcdn.svenskfotboll.se/img/teamssm/9571.png;7;Öjersjö IF;https://staticcdn.svenskfotboll.se/img/teamssm/7552.png;7;0-0;Valhalla 1 Konstgräs;Valhalla;Valhallagatan 6, 412 51 Göteborg;Y;57.701605;11.991324;Göteborg;football
1;2026-10-07;20:15;129333;P19 Div.1 2026 Västra Götaland;2;3;6585886;5;/go-to/?fmid=6585886;Sävedalens IF;https://staticcdn.svenskfotboll.se/img/teamssm/9545.png;7;Kinna IF;https://staticcdn.svenskfotboll.se/img/teamssm/10844.png;21;0-0;Vallhamra 2 Konstgräs;Vallhamra IP;Ugglumsleden 48, 433 64 Sävedalen;Y;57.724452;12.079253;1;football
7;2026-10-07;20:15;133573;Pojkar 2009-2010(16-17 år) Lätt Grupp A;2;3;6600202;5;/go-to/?fmid=6600202;Nödinge SK Fotboll Vit;https://staticcdn.svenskfotboll.se/img/teamssm/10503.png;7;Kungsbacka IF Junior Pojk;https://staticcdn.svenskfotboll.se/img/teamssm/9505.png;8;0-0;Vimmervi 2 Konstgräs;Vimmervi;Gamla Kilandavägen 62, 449 36 Nödinge;Y;57.886226;12.080329;Göteborg;football
7;2026-10-07;20:15;133161;Division 4B Dam;3;4;6533843;5;/go-to/?fmid=6533843;Ytterby IS (B);https://staticcdn.svenskfotboll.se/img/teamssm/9832.png;7;HBH Hönö/Björkö;https://staticcdn.svenskfotboll.se/img/teamssm/11038.png;7;0-0;Ytterns IP 1 Konstgräs;Ytterns IP;Ytterby, 442 40 Kungälv;Y;57.869280;11.935196;Göteborg;football
7;2026-10-07;20:15;133744;Flickor 2010-2011 Lätt Grupp A;3;3;6585033;5;/go-to/?fmid=6585033;Ytterby IS F11;https://staticcdn.svenskfotboll.se/img/teamssm/9832.png;7;Backatorp IF;https://staticcdn.svenskfotboll.se/img/teamssm/11915.png;7;0-0;Ytterns IP 3 konstgräs;Ytterns IP;Ytterby, 442 40 Kungälv;Y;57.869280;11.935196;Göteborg;football
7;2026-10-07;20:15;133160;Division 4A Dam;3;4;6533747;5;/go-to/?fmid=6533747;Näsets SK (B);https://staticcdn.svenskfotboll.se/img/teamssm/10510.png;7;Lindome GIF;https://staticcdn.svenskfotboll.se/img/teamssm/10741.png;7;0-0;Näset Yuncture Arena;Åkeredsvallen;Bergsätersgatan 1, 421 66 Västra Frölunda;Y;57.631456;11.900982;Göteborg;football
7;2026-10-08;17:00;138263;Pojkar 2015(11 år) Grupp M Höst;2;2;6850302;5;/go-to/?fmid=6850302;Askims IK P2015 U11 Röd;https://staticcdn.svenskfotboll.se/img/teamssm/11617.png;7;Bergums IF Gul;https://staticcdn.svenskfotboll.se/img/teamssm/11584.png;7;-1--1;Kobbegården Övre 21;Kobbegården;Stora Åvägen 1, 436 34 Askim;Y;57.639723;11.944383;Göteborg;football
28;2026-10-08;17:30;136357;BDFF F13-14 Grön Västra;3;3;6678286;5;/go-to/?fmid=6678286;Orust FC 2013 svart;https://staticcdn.svenskfotboll.se/img/teamssm/12132.png;28;IFK Valla Ungdomslag Röd;https://staticcdn.svenskfotboll.se/img/teamssm/8504.png;28;0-0;Ängevi Svanesund;Ängevi;Ängevi, Fridängsvägen, 472 32 Svanesund;Y;58.144278;11.807265;Bohuslän-Dalsland;football
7;2026-10-08;18:00;133613;Pojkar 2013(13 år) Höst Medel Grupp B;2;3;6828739;5;/go-to/?fmid=6828739;Solängens BK Vit;https://staticcdn.svenskfotboll.se/img/teamssm/9548.png;7;Lekstorps IF;https://staticcdn.svenskfotboll.se/img/teamssm/10760.png;7;0-0;Eklandavallen 12;Eklandavallen;Bäckstensgatan 15, 431 49 Mölndal;Y;57.654780;11.959687;Göteborg;football
7;2026-10-08;18:00;133765;Flickor 2012-2013 Liten 9M9 Lätt Gr. C Höst;3;3;6829099;5;/go-to/?fmid=6829099;Floda BoIF Svart;https://staticcdn.svenskfotboll.se/img/teamssm/11366.png;7;Masthuggets BK;https://staticcdn.svenskfotboll.se/img/teamssm/10643.png;7;0-0;Flodala IP 3 KG;Flodala IP;Skallsjö Prästväg 14, 448 31 Floda;Y;57.795503;12.346356;Göteborg;football
7;2026-10-08;18:00;136459;Fotbollsligan 7M7 Herr Höst GrpA;2;5;6829580;5;/go-to/?fmid=6829580;Hovås Billdal IF;https://staticcdn.svenskfotboll.se/img/teamssm/11109.png;7;Alealiber IF;https://staticcdn.svenskfotboll.se/img/teamssm/13380.png;7;0-0;Hovås Billdal Arena 11 Konstgräs;Hovås Billdal Arena;Kruniusvägen, 427 36 Billdal;Y;57.589555;11.946909;Göteborg;football
21;2026-10-08;18:00;137529;Pojkar Div 9 Kinna;2;2;6773560;5;/go-to/?fmid=6773560;Dardania IF Svart;https://staticcdn.svenskfotboll.se/img/teamssm/12285.png;21;Rävlanda AIS Vit;https://staticcdn.svenskfotboll.se/img/teamssm/10390.png;21;-1--1;Kransmossens IP A;Kransmossens IP;Kransmossens idrottsplats, Kransvägen, Brotorp, Borås, Borås kommun, Västra Götalands län, 507 65, Sverige;Y;57.707261;12.979446;Västergötland;football
7;2026-10-08;18:00;133781;Flickor 2014(12 år) Grupp D Höst;3;2;6835509;5;/go-to/?fmid=6835509;Nödinge SK Fotboll Blå;https://staticcdn.svenskfotboll.se/img/teamssm/10503.png;7;Öjersjö IF Blå;https://staticcdn.svenskfotboll.se/img/teamssm/7552.png;7;-1--1;Vimmervi 22 Konstgräs;Vimmervi;Gamla Kilandavägen 62, 449 36 Nödinge;Y;57.886226;12.080329;Göteborg;football
7;2026-10-08;18:30;138261;Pojkar 2013(13 år) Höst Medel Grupp F;2;3;6828924;5;/go-to/?fmid=6828924;Eriksbergs IF 2;https://staticcdn.svenskfotboll.se/img/teamssm/9629.png;7;Espanyol Göteborg IF;https://staticcdn.svenskfotboll.se/img/teamssm/13418.png;7;0-0;Kviberg 2:21;Kviberg;Luftvärnsvägen, 415 06 Göteborg;Y;57.737550;12.038540;Göteborg;football
21;2026-10-08;18:30;137533;Pojkar Div 9 Skövde;2;2;6774454;5;/go-to/?fmid=6774454;IFK Skövde FK Svart;https://staticcdn.svenskfotboll.se/img/teamssm/7848.png;21;Skövde AIK Röd;https://staticcdn.svenskfotboll.se/img/teamssm/10281.png;21;-1--1;Lillegårdens IP;Lillegårdens IP;Billingehovsvägen 9, 549 49 Skövde;Y;58.413432;13.849265;Västergötland;football
7;2026-10-08;18:30;133607;Pojkar 2013(13 år) Höst Svår Grupp B;2;3;6828983;5;/go-to/?fmid=6828983;GAIS Akademi;https://staticcdn.svenskfotboll.se/img/teamssm/9614.png;7;Masthuggets BK 1;https://staticcdn.svenskfotboll.se/img/teamssm/10643.png;7;0-0;Majvallen 11 Konstgräs;Majvallen;Ekedalsgatan 20, 414 68 Göteborg;Y;57.689370;11.936171;Göteborg;football
1;2026-10-08;18:30;137816;Svenska Cupen 2026/27 omg. 1-3;3;4;6908836;5;/go-to/?fmid=6908836;Alingsås IF FF;https://staticcdn.svenskfotboll.se/img/teamssm/12595.png;21;IF Elfsborg;https://staticcdn.svenskfotboll.se/img/teamssm/11429.png;21;0-0;Mjörnvallen, A-plan;Mjörnvallen;Mjörnvallen, Mjörnstrandsvägen, Stadsskogen, Alingsås distrikt, Alingsås, Alingsås kommun, Västra Götalands län, 441 44, Sverige;Y;57.930328;12.504176;1;football
21;2026-10-08;18:30;136529;Flickor Div 3 Trollhättan;3;3;6710850;5;/go-to/?fmid=6710850;Bjärke;https://staticcdn.svenskfotboll.se/img/teamssm/10266.png;21;Trollhättans BoIS;https://staticcdn.svenskfotboll.se/img/teamssm/8643.png;21;0-0;Nya Bjärkevi Konstgräs;Nya Bjärkevi;Skolgatan 10, 466 30 Sollebrunn;Y;58.119009;12.527619;Västergötland;football
7;2026-10-08;18:45;133795;Flickor 2015(11 år) Grupp B Höst;3;2;6838814;5;/go-to/?fmid=6838814;Azalea BK Svart;https://staticcdn.svenskfotboll.se/img/teamssm/7817.png;7;Kungsladugårds BK Vit;https://staticcdn.svenskfotboll.se/img/teamssm/10799.png;7;-1--1;Karl Johans Torg 11;Karl Johans Torg;Karl Johanstorget 1, 414 61 Göteborg;Y;57.694518;11.929255;Göteborg;football
7;2026-10-08;19:00;133581;Pojkar 2011(15 år) Medel Grupp C;2;3;6608200;5;/go-to/?fmid=6608200;Marieholm IK 2;https://staticcdn.svenskfotboll.se/img/teamssm/13640.png;7;IFK Fjärås;https://staticcdn.svenskfotboll.se/img/teamssm/9511.png;8;0-0;Bläsebovallen 1 Konstgräs;;;N;;;Göteborg;football
7;2026-10-08;19:00;133525;Junior Pojkar Div 2B;2;3;6544085;5;/go-to/?fmid=6544085;Mölnlycke IS Ungdom;https://staticcdn.svenskfotboll.se/img/teamssm/13695.png;7;Partille IF FK Herrjunior;https://staticcdn.svenskfotboll.se/img/teamssm/12478.png;7;0-0;Bråtaredsvallen 3, konstgräs;Bråtaredsvallen;Bråtaredsvallen, 438 52 Rävlanda;Y;57.658014;12.492537;Göteborg;football
8;2026-10-08;19:00;133432;Träningsmatcher Div. 1 - Div. 3 herrar;2;4;6920251;5;/go-to/?fmid=6920251;Falkenbergs FF (U19);https://staticcdn.svenskfotboll.se/img/teamssm/9525.png;8;Tvååkers IF (Ettan);https://staticcdn.svenskfotboll.se/img/teamssm/9483.png;8;0-0;Kristineslätt IP 5;Kristineslätt IP;Kristineslätt, Skrea Strand, Falkenberg, Falkenbergs kommun, Hallands län, 311 41, Sverige;Y;56.891601;12.514593;Halland;football
7;2026-10-08;19:00;136238;Pojkar 2009-2010(16-17 år) Svår Grupp B;2;3;6602157;5;/go-to/?fmid=6602157;Ale United U17 Lag 2;https://staticcdn.svenskfotboll.se/img/teamssm/11662.png;7;Mossens BK Svart;https://staticcdn.svenskfotboll.se/img/teamssm/9571.png;7;0-0;Svenska Stenhus Arena 3 Konstgräs;Sjövallen IP;Sjövallavägen 111, 449 50 Alafors;Y;57.915942;12.107763;Göteborg;football
8;2026-10-08;19:00;136201;P15-16år blå;2;3;6598108;5;/go-to/?fmid=6598108;Snöstorp Nyhem FF Grön;https://staticcdn.svenskfotboll.se/img/teamssm/7704.png;8;Åsa IF;https://staticcdn.svenskfotboll.se/img/teamssm/9807.png;8;0-0;Skedalaheds IP 3;Skedalaheds IP;Skedalahed 114, 305 93 Halmstad;Y;56.686715;12.945246;Halland;football
8;2026-10-08;19:00;136158;P17-19år;2;3;6596010;5;/go-to/?fmid=6596010;BK Astrio;https://staticcdn.svenskfotboll.se/img/teamssm/9529.png;8;Lerkils IF;https://staticcdn.svenskfotboll.se/img/teamssm/10757.png;8;0-0;Söndrums IP konstgräs;Söndrums IP;Söndrums Idrottsplats, Bäckagårdsvägen, Pålsbo, Bäckagård, Halmstad, Halmstads kommun, Hallands län, 302 91, Sverige;Y;56.670271;12.797138;Halland;football
8;2026-10-08;19:00;136200;P15-16år röd;2;3;6598074;5;/go-to/?fmid=6598074;Hyltebruks IF;https://staticcdn.svenskfotboll.se/img/teamssm/11090.png;8;Värö United;https://staticcdn.svenskfotboll.se/img/teamssm/11508.png;8;0-0;Örnvallen konstgräs;Örnvallen;Gamla Nissastigen 77, 314 32 Hyltebruk;Y;57.004760;13.250475;Halland;football
7;2026-10-08;19:30;133581;Pojkar 2011(15 år) Medel Grupp C;2;3;6608199;5;/go-to/?fmid=6608199;Mölnlycke IF P11;https://staticcdn.svenskfotboll.se/img/teamssm/10594.png;7;Örgryte IS Fotboll Vit;https://staticcdn.svenskfotboll.se/img/teamssm/12910.png;7;0-0;Djupedalsplan A Konstgräs;Djupedals IP;Djupedals Ip, Rullstensvägen 1, 435 41 Mölnlycke;Y;57.652820;12.126316;Göteborg;football
7;2026-10-08;19:30;133950;Division 5B Dam;3;4;6534125;5;/go-to/?fmid=6534125;IFK Hindås;https://staticcdn.svenskfotboll.se/img/teamssm/11008.png;7;Lundby IF;https://staticcdn.svenskfotboll.se/img/teamssm/11776.png;7;0-0;Fagervallen 1 Gräs;Fagervallen;Sportvägen 9, 438 98 Hindås;Y;57.695964;12.435282;Göteborg;football
1;2026-10-08;19:30;138409;P17 Div.1 2026 A-slutspel Norra Götaland;2;3;6911840;5;/go-to/?fmid=6911840;GAIS;https://staticcdn.svenskfotboll.se/img/teamssm/9614.png;7;Norra Härene BK;https://staticcdn.svenskfotboll.se/img/teamssm/8673.png;21;0-0;Gaisgården 2 Konstgräs;Gaisgården;Gamla Boråsvägen 75, 412 76 Göteborg;Y;57.680427;12.029061;1;football
7;2026-10-08;19:30;133745;Flickor 2010-2011 Lätt Grupp B;3;3;6585142;5;/go-to/?fmid=6585142;Lindome GIF Svart;https://staticcdn.svenskfotboll.se/img/teamssm/10741.png;7;Surte/Ahlafors;https://staticcdn.svenskfotboll.se/img/teamssm/12036.png;7;0-0;Lindevi IP 3 Konstgräs;Lindevi IP;Hällesåkersvägen 5, 437 91 Lindome;Y;57.585286;12.108877;Göteborg;football
1;2026-10-08;19:30;129333;P19 Div.1 2026 Västra Götaland;2;3;6585840;5;/go-to/?fmid=6585840;Ljungskile SK Herrfotboll;https://staticcdn.svenskfotboll.se/img/teamssm/13211.png;28;Kungsladugårds BK;https://staticcdn.svenskfotboll.se/img/teamssm/10799.png;7;0-0;Skarsjövallen Konstgräs;Skarsjövallen;Skarsjövallen, Skarsjövägen, Ljungskile, Ljungs distrikt, Uddevalla kommun, Västra Götalands län, 459 30, Sverige;Y;58.216505;11.945076;1;football
21;2026-10-08;19:30;139936;Kval till SvFF:s P17 Div.1 - Grupp A;2;3;6913655;5;/go-to/?fmid=6913655;IFK Skövde FK U16;https://staticcdn.svenskfotboll.se/img/teamssm/7848.png;21;Vänersborgs FK U16;https://staticcdn.svenskfotboll.se/img/teamssm/8626.png;21;0-0;Södermalms IP B;Södermalms IP;Södermalms idrottsplats, Skaraborgsgatan, Södermalm, Skövde, Skövde kommun, Västra Götalands län, 541 52, Sverige;Y;58.378431;13.840427;Västergötland;football
28;2026-10-08;19:30;136359;BDFF P15-19 Blå Södra;2;3;6638715;5;/go-to/?fmid=6638715;Skärhamns IK P-utveckling Blå;https://staticcdn.svenskfotboll.se/img/teamssm/10285.png;28;Ljungskile SK U15;https://staticcdn.svenskfotboll.se/img/teamssm/13211.png;28;0-0;Tjörns Sparbank Arena;Tjörns Sparbank Arena;Hamngatan, 471 95 Skärhamn;Y;57.971096;11.555368;Bohuslän-Dalsland;football
1;2026-10-08;19:30;131957;Div 2 Norra Götaland, herr 2026;2;4;6547423;5;/go-to/?fmid=6547423;Vänersborgs FK;https://staticcdn.svenskfotboll.se/img/teamssm/8626.png;21;IFK Kumla;https://staticcdn.svenskfotboll.se/img/teamssm/7733.png;13;0-0;Vänersvallen Nord;Vänersvallen;Gropbrovägen 4, 462 56 Vänersborg;Y;58.367442;12.323966;1;football
7;2026-10-08;19:45;133160;Division 4A Dam;3;4;6533753;5;/go-to/?fmid=6533753;Lindome GIF;https://staticcdn.svenskfotboll.se/img/teamssm/10741.png;7;Mölnlycke IF;https://staticcdn.svenskfotboll.se/img/teamssm/10594.png;7;0-0;Lindevi IP 1 Konstgräs;Lindevi IP;Hällesåkersvägen 5, 437 91 Lindome;Y;57.585286;12.108877;Göteborg;football
7;2026-10-08;20:00;133577;Pojkar 2011(15 år) Svår Grupp A;2;3;6608225;4;/go-to/?fmid=6608225;Marieholm IK 1;https://staticcdn.svenskfotboll.se/img/teamssm/13640.png;7;Surte IS FK;https://staticcdn.svenskfotboll.se/img/teamssm/12036.png;7;3-0;Bläsebovallen 1 Konstgräs;;;N;;;Göteborg;football
7;2026-10-08;20:00;133570;Pojkar 2009-2010(16-17 år) Svår Grupp A;2;3;6601974;5;/go-to/?fmid=6601974;Önnereds IK P 16/17;https://staticcdn.svenskfotboll.se/img/teamssm/9765.png;7;Qviding FIF P17;https://staticcdn.svenskfotboll.se/img/teamssm/8089.png;7;0-0;Apelsinplan 2 Konstgräs;Apelsinplan;Apelsingatan 6, 426 54 Västra Frölunda;Y;57.655054;11.882940;Göteborg;football
7;2026-10-08;20:00;133580;Pojkar 2011(15 år) Lätt Grupp B;2;3;6607652;5;/go-to/?fmid=6607652;Floda BoIF P11;https://staticcdn.svenskfotboll.se/img/teamssm/11366.png;7;Masthuggets BK;https://staticcdn.svenskfotboll.se/img/teamssm/10643.png;7;0-0;Flodala IP 3 KG;Flodala IP;Skallsjö Prästväg 14, 448 31 Floda;Y;57.795503;12.346356;Göteborg;football
7;2026-10-08;20:00;136238;Pojkar 2009-2010(16-17 år) Svår Grupp B;2;3;6602230;5;/go-to/?fmid=6602230;Hovås Billdal IF U17-P Blå;https://staticcdn.svenskfotboll.se/img/teamssm/11109.png;7;BK Häcken Svart;https://staticcdn.svenskfotboll.se/img/teamssm/11080.png;7;0-0;Hovås Billdal Arena 1;Hovås Billdal Arena;Kruniusvägen, 427 36 Billdal;Y;57.589555;11.946909;Göteborg;football
7;2026-10-08;20:00;135139;Slutspel DM Damer;3;4;6825757;5;/go-to/?fmid=6825757;Qviding FIF;https://staticcdn.svenskfotboll.se/img/teamssm/8089.png;7;Eriksbergs IF;https://staticcdn.svenskfotboll.se/img/teamssm/9629.png;7;0-0;Härlanda Park 2 Konstgräs;Härlanda Park;Härlanda Park 6B, 416 52 Göteborg;Y;57.716492;12.017055;Göteborg;football
7;2026-10-08;20:00;138541;P17 Kval Grupp B;2;3;6907496;5;/go-to/?fmid=6907496;Surte IS FK;https://staticcdn.svenskfotboll.se/img/teamssm/12036.png;7;Nödinge SK Fotboll Blå;https://staticcdn.svenskfotboll.se/img/teamssm/10503.png;7;0-0;Surte 2 Konstgräs;Surte IP;Idrottsvägen 4, 445 55 Surte;Y;57.836279;12.017412;Göteborg;football
7;2026-10-08;20:00;136239;Pojkar 2009-2010(16-17 år) Lätt Grupp B;2;3;6600363;5;/go-to/?fmid=6600363;Torslanda IK Svart P17;https://staticcdn.svenskfotboll.se/img/teamssm/10068.png;7;Hönö IS Vit;https://staticcdn.svenskfotboll.se/img/teamssm/11038.png;7;0-0;Torslandavallen 2 Konstgräs;Torslandavallen;Torslanda Idrottsväg 17, 423 32 Torslanda;Y;57.718280;11.757490;Göteborg;football
7;2026-10-08;20:00;133441;Junior Pojkar Div 1;2;3;6538314;5;/go-to/?fmid=6538314;Lindome GIF;https://staticcdn.svenskfotboll.se/img/teamssm/10741.png;7;Västra Frölunda IF;https://staticcdn.svenskfotboll.se/img/teamssm/9853.png;7;0-0;Välen 1 Konstgräs;Välen;Klubbvägen 20, 421 47 Västra Frölunda;Y;57.642584;11.919773;Göteborg;football
7;2026-10-08;20:00;136238;Pojkar 2009-2010(16-17 år) Svår Grupp B;2;3;6602209;5;/go-to/?fmid=6602209;Fässbergs IF U16;https://staticcdn.svenskfotboll.se/img/teamssm/9620.png;7;Tölö IF U17;https://staticcdn.svenskfotboll.se/img/teamssm/10015.png;8;0-0;Åbyvallen 1 Konstgräs;Åbyvallen;Idrottsvägen 5, 431 62 Mölndal;Y;57.645363;12.002082;Göteborg;football
7;2026-10-08;20:15;133198;Division 5A Dam;3;4;6534023;5;/go-to/?fmid=6534023;Hisingsbacka FC;https://staticcdn.svenskfotboll.se/img/teamssm/11138.png;7;IK Kongahälla (U);https://staticcdn.svenskfotboll.se/img/teamssm/9590.png;7;0-0;Backavallen 2 (GRATTS Arena);Backavallen;Wadköpingsgatan 153, 422 51 Hisings Backa;Y;57.745322;11.967003;Göteborg;football
7;2026-10-08;20:15;133591;Pojkar 2012(14 år) Lätt Grupp D;2;3;6620940;5;/go-to/?fmid=6620940;Fässbergs IF Lila;https://staticcdn.svenskfotboll.se/img/teamssm/9620.png;7;Öjersjö IF Blå;https://staticcdn.svenskfotboll.se/img/teamssm/7552.png;7;0-0;Förbovallen 1;Förbovallen;Ålegårdsgatan 297, 431 50 Mölndal;Y;57.625892;12.021226;Göteborg;football
7;2026-10-08;20:15;133727;Reserv Elit Göteborg;2;4;6578232;5;/go-to/?fmid=6578232;Västkurd BK;https://staticcdn.svenskfotboll.se/img/teamssm/12987.png;7;Näsets SK;https://staticcdn.svenskfotboll.se/img/teamssm/10510.png;7;0-0;Generatorsplan;Generatorsplan;Minelundsvägen 14, 417 05 Göteborg;Y;57.730133;11.950968;Göteborg;football
7;2026-10-08;20:15;133154;Division 6C Herr;2;4;6533496;5;/go-to/?fmid=6533496;Göteborgs SIF;https://staticcdn.svenskfotboll.se/img/teamssm/11214.png;7;IFK Hindås;https://staticcdn.svenskfotboll.se/img/teamssm/11008.png;7;0-0;Guldheden Södra 1 Konstgräs;Guldheden Södra;Gibraltargatan 41, 412 58 Göteborg;Y;57.681136;11.982964;Göteborg;football
7;2026-10-08;20:15;133154;Division 6C Herr;2;4;6533492;5;/go-to/?fmid=6533492;Fröjdens FK;https://staticcdn.svenskfotboll.se/img/teamssm/12793.png;7;Sjövalla FK;https://staticcdn.svenskfotboll.se/img/teamssm/10323.png;7;0-0;Heden 3 Konstgräs;Heden;Heden, 411 38 Göteborg;Y;57.702854;11.978368;Göteborg;football
7;2026-10-08;20:15;133950;Division 5B Dam;3;4;6534157;5;/go-to/?fmid=6534157;FC Kålltorp;https://staticcdn.svenskfotboll.se/img/teamssm/13416.png;7;Guldhedens IK;https://staticcdn.svenskfotboll.se/img/teamssm/11249.png;7;0-0;Härlanda Park 1 Konstgräs;Härlanda Park;Härlanda Park 6B, 416 52 Göteborg;Y;57.716492;12.017055;Göteborg;football
7;2026-10-08;20:15;133157;Division 7C Herr;2;4;6534579;5;/go-to/?fmid=6534579;Säve SK;https://staticcdn.svenskfotboll.se/img/teamssm/10135.png;7;Hålta IK;https://staticcdn.svenskfotboll.se/img/teamssm/12094.png;7;0-0;Klarebergsvallen 2 Konstgräs;Klarebergsvallen;Burmans Gata 3, 425 33 Hisings Kärra;Y;57.798761;11.987168;Göteborg;football
7;2026-10-08;20:15;138257;Junior Flickor Div 3 Höst;3;3;6827579;5;/go-to/?fmid=6827579;Askims IK F-2008/2009/2010;https://staticcdn.svenskfotboll.se/img/teamssm/11617.png;7;Lekstorps IF Damjunior;https://staticcdn.svenskfotboll.se/img/teamssm/10760.png;7;0-0;Kobbegården 1 Konstgräs;Kobbegården;Stora Åvägen 1, 436 34 Askim;Y;57.639723;11.944383;Göteborg;football
7;2026-10-08;20:15;133152;Division 6A Herr;2;4;6532700;5;/go-to/?fmid=6532700;Inter GIF;https://staticcdn.svenskfotboll.se/img/teamssm/13055.png;7;Gårdsten FC;https://staticcdn.svenskfotboll.se/img/teamssm/13638.png;7;0-0;Lemmingvallen 2 Konstgräs;Lemmingvallen;Lemmingsgatan 5, 415 07 Göteborg;Y;57.734850;12.052148;Göteborg;football
7;2026-10-08;20:15;133153;Division 6B Herr;2;4;6534288;5;/go-to/?fmid=6534288;BK Skottfint;https://staticcdn.svenskfotboll.se/img/teamssm/7100.png;7;Finlandia Pallo AIF;https://staticcdn.svenskfotboll.se/img/teamssm/7939.png;7;0-0;Nordic Wellness Arena;Nordic Wellness Arena;Inlandsgatan 48, 417 15 Göteborg;Y;57.719843;11.932408;Göteborg;football
7;2026-10-08;20:15;133441;Junior Pojkar Div 1;2;3;6538312;5;/go-to/?fmid=6538312;Älvsborg FF;https://staticcdn.svenskfotboll.se/img/teamssm/9622.png;7;Öjersjö IF;https://staticcdn.svenskfotboll.se/img/teamssm/7552.png;7;0-0;Påvelund 1 Konstgräs;Påvelund;Redegatan 18, 426 77 Västra Frölunda;Y;57.668781;11.881476;Göteborg;football
7;2026-10-08;20:15;136459;Fotbollsligan 7M7 Herr Höst GrpA;2;5;6829576;5;/go-to/?fmid=6829576;Älvsborg FF;https://staticcdn.svenskfotboll.se/img/teamssm/9622.png;7;Landvetter IS;https://staticcdn.svenskfotboll.se/img/teamssm/10768.png;7;0-0;Påvelund 2 Konstgräs 7-manna;Påvelund;Redegatan 18, 426 77 Västra Frölunda;Y;57.668781;11.881476;Göteborg;football
7;2026-10-08;20:15;133570;Pojkar 2009-2010(16-17 år) Svår Grupp A;2;3;6602026;5;/go-to/?fmid=6602026;Lerums IS;https://staticcdn.svenskfotboll.se/img/teamssm/10756.png;7;Sandarna BK Röd;https://staticcdn.svenskfotboll.se/img/teamssm/10367.png;7;0-0;Stenkullens IP 2 KG;Stenkullens IP;Granitvägen 3, 443 61 Stenkullen;Y;57.795326;12.310226;Göteborg;football
7;2026-10-08;20:15;133580;Pojkar 2011(15 år) Lätt Grupp B;2;3;6607654;5;/go-to/?fmid=6607654;Nödinge SK Fotboll Vit;https://staticcdn.svenskfotboll.se/img/teamssm/10503.png;7;Lerkils IF;https://staticcdn.svenskfotboll.se/img/teamssm/10757.png;8;0-0;Vimmervi 2 Konstgräs;Vimmervi;Gamla Kilandavägen 62, 449 36 Nödinge;Y;57.886226;12.080329;Göteborg;football
7;2026-10-08;20:15;138257;Junior Flickor Div 3 Höst;3;3;6827581;5;/go-to/?fmid=6827581;IF Väster Damjunior Svart;https://staticcdn.svenskfotboll.se/img/teamssm/9861.png;7;IF Mölndal Fotboll;https://staticcdn.svenskfotboll.se/img/teamssm/9569.png;7;0-0;Önneredsplan 1 Konstgräs;Önneredsplan;Ersåsgatan 2, 421 59 Västra Frölunda;Y;57.637219;11.884878;Göteborg;football
7;2026-10-09;17:00;133653;Pojkar 2015(11 år) Grupp K Vår;2;2;6604172;5;/go-to/?fmid=6604172;Öjersjö IF 1;https://staticcdn.svenskfotboll.se/img/teamssm/7552.png;7;Lekstorps IF P15 Grön;https://staticcdn.svenskfotboll.se/img/teamssm/10760.png;7;-1--1;Öjersjö IP 12 Konstgräs;Öjersjö IP;Tallmossevägen 9, 433 50 Öjersjö;Y;57.702889;12.149245;Göteborg;football
7;2026-10-09;17:30;133798;Flickor 2015(11 år) Grupp D Höst;3;2;6840676;5;/go-to/?fmid=6840676;Eriksbergs IF 1;https://staticcdn.svenskfotboll.se/img/teamssm/9629.png;7;Romelanda UF F15;https://staticcdn.svenskfotboll.se/img/teamssm/10427.png;7;-1--1;Krokängsplan 12 Konstgräs;Krokängsplan;Säterigatan 15, 417 69 Göteborg;Y;57.702920;11.910432;Göteborg;football
7;2026-10-09;18:00;133757;Flickor 2012-2013 Stor 9M9 Medel Gr. A Höst;3;3;6828021;5;/go-to/?fmid=6828021;IF Mölndal Fotboll F12 Blå;https://staticcdn.svenskfotboll.se/img/teamssm/9569.png;7;Lerums IS F13;https://staticcdn.svenskfotboll.se/img/teamssm/10756.png;7;0-0;Förbovallen 1;Förbovallen;Ålegårdsgatan 297, 431 50 Mölndal;Y;57.625892;12.021226;Göteborg;football
7;2026-10-09;18:00;136239;Pojkar 2009-2010(16-17 år) Lätt Grupp B;2;3;6600336;5;/go-to/?fmid=6600336;Kareby/Kode/RUF;https://staticcdn.svenskfotboll.se/img/teamssm/10872.png;7;Mossens BK U17 Gul;https://staticcdn.svenskfotboll.se/img/teamssm/9571.png;7;0-0;Kareby Hed;Kareby Hed;442 46 Kareby;Y;57.903192;11.928436;Göteborg;football
7;2026-10-09;18:00;133609;Pojkar 2013(13 år) Höst Medel Grupp C;2;3;6828777;5;/go-to/?fmid=6828777;Nödinge SK Fotboll Blå;https://staticcdn.svenskfotboll.se/img/teamssm/10503.png;7;IK Kongahälla Grön;https://staticcdn.svenskfotboll.se/img/teamssm/9590.png;7;0-0;Vimmervi 21 Konstgräs;Vimmervi;Gamla Kilandavägen 62, 449 36 Nödinge;Y;57.886226;12.080329;Göteborg;football
7;2026-10-09;18:15;135973;Flickor 2010-2011 Lätt Grupp C;3;3;6585213;5;/go-to/?fmid=6585213;Torslanda IK F2011;https://staticcdn.svenskfotboll.se/img/teamssm/10068.png;7;IK Zenith F16 2;https://staticcdn.svenskfotboll.se/img/teamssm/9829.png;7;0-0;Torslandavallen 2 Konstgräs;Torslandavallen;Torslanda Idrottsväg 17, 423 32 Torslanda;Y;57.718280;11.757490;Göteborg;football
21;2026-10-09;18:30;136675;Damer, Utveckling Södra;3;4;6723201;5;/go-to/?fmid=6723201;Södra Härene/Östadkulle U;https://staticcdn.svenskfotboll.se/img/teamssm/10122.png;21;Bergdalens IK U;https://staticcdn.svenskfotboll.se/img/teamssm/11592.png;21;0-0;Björkvallen konstgräs, Vårgårda;;;N;;;Västergötland;football
21;2026-10-09;18:30;136663;Pojkar Div 6 Alingsås;2;3;6721562;5;/go-to/?fmid=6721562;Holmalund City FF Svart;https://staticcdn.svenskfotboll.se/img/teamssm/11125.png;21;Brämhults IK Svart;https://staticcdn.svenskfotboll.se/img/teamssm/8727.png;21;0-0;Östlyckevallen;Brogårdsvallen;Brogårdsvallen, Mångatan, Östlyckan, Alingsås distrikt, Alingsås, Alingsås kommun, Västra Götalands län, 441 35, Sverige;Y;57.931561;12.549578;Västergötland;football
7;2026-10-09;18:30;133579;Pojkar 2011(15 år) Lätt Grupp A;2;3;6607252;5;/go-to/?fmid=6607252;IF Mölndal Fotboll Röd;https://staticcdn.svenskfotboll.se/img/teamssm/9569.png;7;IK Zenith Vit;https://staticcdn.svenskfotboll.se/img/teamssm/9829.png;7;0-0;Frejaplan 1 K.Gräs;Frejaplan;Fiskargatan, 431 43 Mölndal;Y;57.656471;12.005152;Göteborg;football
7;2026-10-09;18:30;133746;Flickor 2010-2011 Medel Grupp B;3;3;6585594;5;/go-to/?fmid=6585594;IK Zenith F16;https://staticcdn.svenskfotboll.se/img/teamssm/9829.png;7;Kungsbacka IF F15;https://staticcdn.svenskfotboll.se/img/teamssm/9505.png;8;0-0;Hovgårdsvallen 2 Konstgräs (Bjurforsplanen);Hovgårdsvallen;Gamla Lillebyvägen 1, 432 00 Torslanda;Y;57.751235;11.827376;Göteborg;football
7;2026-10-09;18:30;133579;Pojkar 2011(15 år) Lätt Grupp A;2;3;6607251;5;/go-to/?fmid=6607251;Hovås Billdal IF Vit;https://staticcdn.svenskfotboll.se/img/teamssm/11109.png;7;Torslanda IK Svart;https://staticcdn.svenskfotboll.se/img/teamssm/10068.png;7;0-0;Hovås Billdal Arena 1;Hovås Billdal Arena;Kruniusvägen, 427 36 Billdal;Y;57.589555;11.946909;Göteborg;football
7;2026-10-09;18:30;136239;Pojkar 2009-2010(16-17 år) Lätt Grupp B;2;3;6600278;5;/go-to/?fmid=6600278;Kållered SK;https://staticcdn.svenskfotboll.se/img/teamssm/10787.png;7;Lekstorps IF/ Sjöviks SK;https://staticcdn.svenskfotboll.se/img/teamssm/10760.png;7;0-0;Kållered Sportcenter 1;Kållered Sportcenter;Tulebovägen 17, 428 34 Kållered;Y;57.611466;12.075548;Göteborg;football
8;2026-10-09;18:30;139133;F13år Röd A Höst;3;3;6896282;5;/go-to/?fmid=6896282;HGH FC;https://staticcdn.svenskfotboll.se/img/teamssm/9516.png;8;Skottorps IF;https://staticcdn.svenskfotboll.se/img/teamssm/10302.png;8;0-0;Tranevall;Tranevall;Tranevall, Tranevallsvägen, Harplinge, Halmstads kommun, Hallands län, 305 60, Sverige;Y;56.743210;12.734066;Halland;football
7;2026-10-09;18:30;133576;Pojkar 2011(15 år) Medel Grupp B;2;3;6607915;5;/go-to/?fmid=6607915;Fässbergs IF Vit;https://staticcdn.svenskfotboll.se/img/teamssm/9620.png;7;Örgryte IS Fotboll Blå;https://staticcdn.svenskfotboll.se/img/teamssm/12910.png;7;0-0;Åbyvallen 1 Konstgräs;Åbyvallen;Idrottsvägen 5, 431 62 Mölndal;Y;57.645363;12.002082;Göteborg;football
7;2026-10-09;18:30;133761;Flickor 2012-2013 Stor 9M9 Svår Höst;3;3;6827821;5;/go-to/?fmid=6827821;Jitex BK;https://staticcdn.svenskfotboll.se/img/teamssm/7516.png;7;Lerums IS Vit;https://staticcdn.svenskfotboll.se/img/teamssm/10756.png;7;0-0;Åbyvallen 2 Konstgräs;Åbyvallen;Idrottsvägen 5, 431 62 Mölndal;Y;57.645363;12.002082;Göteborg;football
7;2026-10-09;18:30;133587;Pojkar 2012(14 år) Medel Grupp B;2;3;6621346;5;/go-to/?fmid=6621346;Proletären FF;https://staticcdn.svenskfotboll.se/img/teamssm/10466.png;7;Qviding FIF 1;https://staticcdn.svenskfotboll.se/img/teamssm/8089.png;7;0-0;Åkeredsvallen 2 Konstgräs;Åkeredsvallen;Bergsätersgatan 1, 421 66 Västra Frölunda;Y;57.631456;11.900982;Göteborg;football
7;2026-10-09;18:30;138257;Junior Flickor Div 3 Höst;3;3;6827583;5;/go-to/?fmid=6827583;Näsets SK DJ 3;https://staticcdn.svenskfotboll.se/img/teamssm/10510.png;7;Örgryte IS Fotboll;https://staticcdn.svenskfotboll.se/img/teamssm/12910.png;7;0-0;Näset Yuncture Arena;Åkeredsvallen;Bergsätersgatan 1, 421 66 Västra Frölunda;Y;57.631456;11.900982;Göteborg;football
21;2026-10-09;18:30;136550;Herrar, Utveckling A Skövde;2;4;6721470;5;/go-to/?fmid=6721470;Åsarp-Trädet FK U;https://staticcdn.svenskfotboll.se/img/teamssm/6993.png;21;Floby-Grolanda IF U;https://staticcdn.svenskfotboll.se/img/teamssm/13639.png;21;0-0;Åsarps IP B-plan;Åsarps IP;Åsarps distrikt, Falköpings kommun, Västra Götalands län, Sverige;Y;57.988818;13.628281;Västergötland;football
21;2026-10-09;18:45;136510;Pojkar Div 4 Borås;2;3;6710992;5;/go-to/?fmid=6710992;Bergdalens IK;https://staticcdn.svenskfotboll.se/img/teamssm/11592.png;21;Kronängs IF;https://staticcdn.svenskfotboll.se/img/teamssm/8688.png;21;0-0;Björkängsvallen, Borås, Konstgräs;Björkängsvallen;Backersgatan 10, 504 57 Borås;Y;57.727601;12.958736;Västergötland;football
7;2026-10-09;18:45;133573;Pojkar 2009-2010(16-17 år) Lätt Grupp A;2;3;6600229;5;/go-to/?fmid=6600229;Landvetter IS Grön;https://staticcdn.svenskfotboll.se/img/teamssm/10768.png;7;Lunden Överås BK Svart;https://staticcdn.svenskfotboll.se/img/teamssm/10705.png;7;0-0;Landvetter IP B-plan;Landvetter IP;Tahultsvägen 60, 438 35 Landvetter;Y;57.702382;12.203031;Göteborg;football
7;2026-10-09;18:45;133760;Flickor 2012-2013 Liten 9M9 Medel Gr. A Höst;3;3;6828205;5;/go-to/?fmid=6828205;Ytterby IS Vit 2013;https://staticcdn.svenskfotboll.se/img/teamssm/9832.png;7;Utbynäs SK F13 Blå;https://staticcdn.svenskfotboll.se/img/teamssm/9983.png;7;0-0;Ytterns IP 31;Ytterns IP;Ytterby, 442 40 Kungälv;Y;57.869280;11.935196;Göteborg;football
8;2026-10-09;19:00;133572;Pojkar 2009-2010(16-17 år) Medel Grupp B;2;3;6601750;5;/go-to/?fmid=6601750;Särö Kullavik IF;https://staticcdn.svenskfotboll.se/img/teamssm/9496.png;8;Onsala BK;https://staticcdn.svenskfotboll.se/img/teamssm/10495.png;8;0-0;Bukärrs IP;Bukärrs IP;Västra Särövägen 29, 429 42 Särö;Y;57.518719;11.961004;Halland;football
7;2026-10-09;19:00;133766;Flickor 2012-2013 Stor 9M9 Lätt Gr. A Höst;3;3;6828148;5;/go-to/?fmid=6828148;Mölnlycke IF Gul (F2012);https://staticcdn.svenskfotboll.se/img/teamssm/10594.png;7;Jitex BK Vit;https://staticcdn.svenskfotboll.se/img/teamssm/7516.png;7;0-0;Djupedalsplan B Konstgräs;Djupedals IP;Djupedals Ip, Rullstensvägen 1, 435 41 Mölnlycke;Y;57.652820;12.126316;Göteborg;football
1;2026-10-09;19:00;133348;Allsvenskan 2026;2;4;6530007;5;/go-to/?fmid=6530007;IFK Göteborg;https://staticcdn.svenskfotboll.se/img/teamssm/11012.png;7;Västerås SK FK;https://staticcdn.svenskfotboll.se/img/teamssm/7998.png;22;0-0;Gamla Ullevi;Gamla Ullevi;Ullevigatan 5, 411 39 Göteborg;Y;57.706411;11.980905;1;football
7;2026-10-09;19:00;133570;Pojkar 2009-2010(16-17 år) Svår Grupp A;2;3;6601952;5;/go-to/?fmid=6601952;KF Velebit;https://staticcdn.svenskfotboll.se/img/teamssm/9949.png;7;Lekstorps IF /Stenkullen J17;https://staticcdn.svenskfotboll.se/img/teamssm/10760.png;7;0-0;Generatorsplan;Generatorsplan;Minelundsvägen 14, 417 05 Göteborg;Y;57.730133;11.950968;Göteborg;football
8;2026-10-09;19:00;139378;P14år Röd B Höst;2;3;6887988;5;/go-to/?fmid=6887988;IF Leikin Svart;https://staticcdn.svenskfotboll.se/img/teamssm/9503.png;8;Snöstorp Nyhem FF;https://staticcdn.svenskfotboll.se/img/teamssm/7704.png;8;0-0;Halmstad Arena P6;Halmstad Arena;Kristinehedsvägen 4B, 302 44 Halmstad;Y;56.675943;12.888513;Halland;football
7;2026-10-09;19:00;133153;Division 6B Herr;2;4;6534290;5;/go-to/?fmid=6534290;Kode IF;https://staticcdn.svenskfotboll.se/img/teamssm/10828.png;7;FC Härlanda;https://staticcdn.svenskfotboll.se/img/teamssm/12452.png;7;0-0;Kode IP 3 Konstgräs;Kode IP;SLÄBO 120, 442 96 Kode;Y;57.946073;11.863428;Göteborg;football
7;2026-10-09;19:00;133570;Pojkar 2009-2010(16-17 år) Svår Grupp A;2;3;6602047;5;/go-to/?fmid=6602047;Kungsbacka IF P09;https://staticcdn.svenskfotboll.se/img/teamssm/9505.png;8;Landvetter IS;https://staticcdn.svenskfotboll.se/img/teamssm/10768.png;7;0-0;Kungsbacka sportcenter 10;Kungsbacka sportcenter;Kungsbacka Sportcenter, Södra Infarten 11, 434 50 Kungsbacka;Y;57.479212;12.076907;Göteborg;football
1;2026-10-09;19:00;139916;P16 Allsvenskan A-slutspel Södra 2026;2;3;6912049;5;/go-to/?fmid=6912049;IFK Göteborg;https://staticcdn.svenskfotboll.se/img/teamssm/11012.png;7;GAIS;https://staticcdn.svenskfotboll.se/img/teamssm/9614.png;7;0-0;Kviberg 6 KG;Kviberg;Luftvärnsvägen, 415 06 Göteborg;Y;57.737550;12.038540;1;football
7;2026-10-09;19:00;133152;Division 6A Herr;2;4;6532699;5;/go-to/?fmid=6532699;Lekstorps IF;https://staticcdn.svenskfotboll.se/img/teamssm/10760.png;7;Galacticos FC;https://staticcdn.svenskfotboll.se/img/teamssm/13691.png;7;0-0;LP - Idrottspark A - plan;LP - Idrottspark;LP Idrottspark, Sportvägen 7, 443 40 Gråbo;Y;57.841028;12.289142;Göteborg;football
7;2026-10-09;19:00;133198;Division 5A Dam;3;4;6534004;5;/go-to/?fmid=6534004;Hälsö BK;https://staticcdn.svenskfotboll.se/img/teamssm/11065.png;7;Hjuviks AIK;https://staticcdn.svenskfotboll.se/img/teamssm/8330.png;7;0-0;Prästängen 1 Konstgräs;Prästängen;PRÄSTÄNGEN 1, 475 31 Öckerö;Y;57.717030;11.641158;Göteborg;football
1;2026-10-09;19:00;138419;P16 Div.1 2026 A-slutspel Norra Götaland;2;3;6911870;5;/go-to/?fmid=6911870;Norrby IF;https://staticcdn.svenskfotboll.se/img/teamssm/10554.png;21;Kinna IF;https://staticcdn.svenskfotboll.se/img/teamssm/10844.png;21;0-0;Ramnavallen konstgräs;Ramnavallen;Ramnavallen, Enandersgatan, Byttorp, Borås, Borås kommun, Västra Götalands län, 504 66, Sverige;Y;57.722541;12.919158;1;football
7;2026-10-09;19:00;133760;Flickor 2012-2013 Liten 9M9 Medel Gr. A Höst;3;3;6828207;5;/go-to/?fmid=6828207;Romelanda UF/KFF 2;https://staticcdn.svenskfotboll.se/img/teamssm/10427.png;7;Näsets SK Svart;https://staticcdn.svenskfotboll.se/img/teamssm/10510.png;7;0-0;Romevi 31 Konstgräs;Romevi;Hög 130, 442 92 Romelanda;Y;57.937642;12.038425;Göteborg;football
7;2026-10-09;19:00;133745;Flickor 2010-2011 Lätt Grupp B;3;3;6585141;5;/go-to/?fmid=6585141;Lerums IS;https://staticcdn.svenskfotboll.se/img/teamssm/10756.png;7;Södra Skärgårdens IK F11-12;https://staticcdn.svenskfotboll.se/img/teamssm/9631.png;7;0-0;Spinnarvallen / B-plan;Spinnarvallen;Tollereds Ströms väg 4, 448 50 Tollered;Y;57.814494;12.424245;Göteborg;football
1;2026-10-09;19:00;131957;Div 2 Norra Götaland, herr 2026;2;4;6547420;5;/go-to/?fmid=6547420;IFK Skövde FK;https://staticcdn.svenskfotboll.se/img/teamssm/7848.png;21;Skara FC;https://staticcdn.svenskfotboll.se/img/teamssm/7451.png;21;0-0;Södermalms IP A;Södermalms IP;Södermalms idrottsplats, Skaraborgsgatan, Södermalm, Skövde, Skövde kommun, Västra Götalands län, 541 52, Sverige;Y;58.378431;13.840427;1;football
28;2026-10-09;19:00;135689;BDFF P15-19 Svart-Röd;2;3;6735311;5;/go-to/?fmid=6735311;Herrestads AIF P17 år;https://staticcdn.svenskfotboll.se/img/teamssm/11149.png;28;Stenungsunds IF/Vallens IF P19;https://staticcdn.svenskfotboll.se/img/teamssm/10236.png;28;0-0;Undavallen Konstgräs;Undavallen;Stan 101, 451 94 Uddevalla;Y;58.336300;11.826976;Bohuslän-Dalsland;football
7;2026-10-09;19:00;133577;Pojkar 2011(15 år) Svår Grupp A;2;3;6608280;5;/go-to/?fmid=6608280;Ytterby IS Vit;https://staticcdn.svenskfotboll.se/img/teamssm/9832.png;7;Finlandia Pallo AIF;https://staticcdn.svenskfotboll.se/img/teamssm/7939.png;7;0-0;Ytterns IP 1 Konstgräs;Ytterns IP;Ytterby, 442 40 Kungälv;Y;57.869280;11.935196;Göteborg;football
1;2026-10-09;19:00;129327;P19 Superettan Södra 2026;2;3;6561649;5;/go-to/?fmid=6561649;Örgryte IS Fotboll;https://staticcdn.svenskfotboll.se/img/teamssm/12910.png;7;Utsiktens BK;https://staticcdn.svenskfotboll.se/img/teamssm/9982.png;7;0-0;Hammarviken Arena;ÖIS-gården;Korndalsvägen 3, 412 76 Göteborg;Y;57.675233;12.028495;1;football
7;2026-10-09;19:00;133116;Träningsmatcher Ungdomar Göteborg Flick;3;3;6920364;5;/go-to/?fmid=6920364;Öjersjö IF F12/13;https://staticcdn.svenskfotboll.se/img/teamssm/7552.png;7;IFK Göteborg F2012;https://staticcdn.svenskfotboll.se/img/teamssm/11012.png;7;0-0;Öjersjö IP 1 Konstgräs;Öjersjö IP;Tallmossevägen 9, 433 50 Öjersjö;Y;57.702889;12.149245;Göteborg;football
7;2026-10-09;19:15;133154;Division 6C Herr;2;4;6533494;5;/go-to/?fmid=6533494;Askims IK;https://staticcdn.svenskfotboll.se/img/teamssm/11617.png;7;SG Ruddalen IF;https://staticcdn.svenskfotboll.se/img/teamssm/11284.png;7;0-0;Kobbegården 1 Konstgräs;Kobbegården;Stora Åvägen 1, 436 34 Askim;Y;57.639723;11.944383;Göteborg;football
28;2026-10-09;19:15;135691;BDFF P15-19 Blå Norra;2;3;6683802;5;/go-to/?fmid=6683802;Tanums IF 15-19år;https://staticcdn.svenskfotboll.se/img/teamssm/10104.png;28;Melleruds IF 2;https://staticcdn.svenskfotboll.se/img/teamssm/10635.png;28;0-0;Sparvallen;Sparvallen;Sparvallen, Bergsvägen, Tanumshede, Tanums kommun, Västra Götalands län, 457 30, Sverige;Y;58.728148;11.317719;Bohuslän-Dalsland;football
7;2026-10-09;19:15;133573;Pojkar 2009-2010(16-17 år) Lätt Grupp A;2;3;6600220;5;/go-to/?fmid=6600220;Sävedalens IF Röd;https://staticcdn.svenskfotboll.se/img/teamssm/9545.png;7;Tölö IF U17:2;https://staticcdn.svenskfotboll.se/img/teamssm/10015.png;8;0-0;Vallhamra 2 Konstgräs;Vallhamra IP;Ugglumsleden 48, 433 64 Sävedalen;Y;57.724452;12.079253;Göteborg;football
7;2026-10-09;19:30;133578;Pojkar 2011(15 år) Svår Grupp B;2;3;6608504;5;/go-to/?fmid=6608504;Kungsladugårds BK P11 1;https://staticcdn.svenskfotboll.se/img/teamssm/10799.png;7;BK Häcken;https://staticcdn.svenskfotboll.se/img/teamssm/11080.png;7;0-0;Apelsinplan 2 Konstgräs;Apelsinplan;Apelsingatan 6, 426 54 Västra Frölunda;Y;57.655054;11.882940;Göteborg;football
7;2026-10-09;19:30;133591;Pojkar 2012(14 år) Lätt Grupp D;2;3;6621003;5;/go-to/?fmid=6621003;Södra Skärgårdens IK(SSIK)/Donsö I.S/Styrsö BK/Vrångö IF;https://staticcdn.svenskfotboll.se/img/teamssm/9631.png;7;Nödinge SK Fotboll Vit;https://staticcdn.svenskfotboll.se/img/teamssm/10503.png;7;0-0;Donsövallen;Donsövallen;Donsövallen, Lurkenvägen 2, 430 82 Donsö;Y;57.605163;11.805907;Göteborg;football
7;2026-10-09;19:30;136239;Pojkar 2009-2010(16-17 år) Lätt Grupp B;2;3;6600310;5;/go-to/?fmid=6600310;Azalea BK U17;https://staticcdn.svenskfotboll.se/img/teamssm/7817.png;7;Utbynäs SK Blå;https://staticcdn.svenskfotboll.se/img/teamssm/9983.png;7;0-0;Gröna Vallen 1;Gröna Vallen;Gröna Vallen, Svanebäcksgatan 16, 414 71 Göteborg;Y;57.687961;11.917564;Göteborg;football
1;2026-10-09;19:30;131959;Div 2 Västra Götaland, herr 2026;2;4;6547603;5;/go-to/?fmid=6547603;Lindome GIF;https://staticcdn.svenskfotboll.se/img/teamssm/10741.png;7;IF Böljan Falkenberg;https://staticcdn.svenskfotboll.se/img/teamssm/9528.png;8;0-0;Lindevi IP 1 Konstgräs;Lindevi IP;Hällesåkersvägen 5, 437 91 Lindome;Y;57.585286;12.108877;1;football
7;2026-10-09;20:00;133152;Division 6A Herr;2;4;6532697;5;/go-to/?fmid=6532697;Syrianska Göteborg FC;https://staticcdn.svenskfotboll.se/img/teamssm/12263.png;7;FC Heden;https://staticcdn.svenskfotboll.se/img/teamssm/12336.png;7;0-0;Gamlestadsvallen 2 Konstgräs;Gamlestadsvallen;Lars Kaggsgatan 24, 415 04 Göteborg;Y;57.734308;12.013832;Göteborg;football
7;2026-10-09;20:00;135972;Flickor 2010-2011 9M9;3;3;6598717;5;/go-to/?fmid=6598717;Gårdsten FC 1;https://staticcdn.svenskfotboll.se/img/teamssm/13638.png;7;Hjuviks AIK F11;https://staticcdn.svenskfotboll.se/img/teamssm/8330.png;7;0-0;Gunnaredsplan 1 Konstgräs;Gunnaredsplan;Gunnaredsvallen 4, 413 22 Göteborg;Y;57.800277;12.065439;Göteborg;football
7;2026-10-09;20:00;136238;Pojkar 2009-2010(16-17 år) Svår Grupp B;2;3;6602189;5;/go-to/?fmid=6602189;Gunnilse IS;https://staticcdn.svenskfotboll.se/img/teamssm/11237.png;7;Mölnlycke IS Ungdom;https://staticcdn.svenskfotboll.se/img/teamssm/13695.png;7;0-0;Hjällbovallen 2 Konstgräs;Hjällbovallen;Knattens väg 12, 424 32 Angered;Y;57.777950;12.017062;Göteborg;football
7;2026-10-09;20:00;133581;Pojkar 2011(15 år) Medel Grupp C;2;3;6608198;5;/go-to/?fmid=6608198;Qviding FIF 2;https://staticcdn.svenskfotboll.se/img/teamssm/8089.png;7;Sandarna BK Röd;https://staticcdn.svenskfotboll.se/img/teamssm/10367.png;7;0-0;Härlanda Park 2 Konstgräs;Härlanda Park;Härlanda Park 6B, 416 52 Göteborg;Y;57.716492;12.017055;Göteborg;football
7;2026-10-09;20:00;133743;Flickor 2010-2011 Medel Grupp A;3;3;6584961;5;/go-to/?fmid=6584961;Utbynäs SK Gul;https://staticcdn.svenskfotboll.se/img/teamssm/9983.png;7;IK Kongahälla FU;https://staticcdn.svenskfotboll.se/img/teamssm/9590.png;7;0-0;Lemmingvallen 2 Konstgräs;Lemmingvallen;Lemmingsgatan 5, 415 07 Göteborg;Y;57.734850;12.052148;Göteborg;football
7;2026-10-09;20:15;133156;Division 7B Herr;2;4;6534423;5;/go-to/?fmid=6534423;Alealiber IF;https://staticcdn.svenskfotboll.se/img/teamssm/13380.png;7;Göteborgs City FF;https://staticcdn.svenskfotboll.se/img/teamssm/11911.png;7;0-0;Heden 3 Konstgräs;Heden;Heden, 411 38 Göteborg;Y;57.702854;11.978368;Göteborg;football
7;2026-10-09;20:15;133573;Pojkar 2009-2010(16-17 år) Lätt Grupp A;2;3;6600148;5;/go-to/?fmid=6600148;Lerums IS P17;https://staticcdn.svenskfotboll.se/img/teamssm/10756.png;7;Donsö IS;https://staticcdn.svenskfotboll.se/img/teamssm/9631.png;7;0-0;Stenkullens IP 2 KG;Stenkullens IP;Granitvägen 3, 443 61 Stenkullen;Y;57.795326;12.310226;Göteborg;football
7;2026-10-10;09:00;133832;Flickor 2017(9 år) Centrum+Härryda+Mölndal+Väster Grupp B Höst;3;2;6833549;5;/go-to/?fmid=6833549;Landvetter IF 2003 F2017 Röd;https://staticcdn.svenskfotboll.se/img/teamssm/6789.png;7;Kållered SK F17;https://staticcdn.svenskfotboll.se/img/teamssm/10787.png;7;-1--1;Landvetter IP A-plan 11;Landvetter IP;Tahultsvägen 60, 438 35 Landvetter;Y;57.702382;12.203031;Göteborg;football
21;2026-10-10;09:15;136737;Pojkar Div 8 Skövde;2;3;6724087;5;/go-to/?fmid=6724087;Skövde AIK Svart;https://staticcdn.svenskfotboll.se/img/teamssm/10281.png;21;Skultorps IF;https://staticcdn.svenskfotboll.se/img/teamssm/10298.png;21;0-0;Södermalms IP B;Södermalms IP;Södermalms idrottsplats, Skaraborgsgatan, Södermalm, Skövde, Skövde kommun, Västra Götalands län, 541 52, Sverige;Y;58.378431;13.840427;Västergötland;football
7;2026-10-10;09:45;133706;Pojkar 2017(9 år) Hisingen+Öckerö Grupp B Höst;2;2;6848429;5;/go-to/?fmid=6848429;Torslanda IK Svart;https://staticcdn.svenskfotboll.se/img/teamssm/10068.png;7;IF Warta P17 svart;https://staticcdn.svenskfotboll.se/img/teamssm/9841.png;7;-1--1;Torslandavallen 21 Konstgräs;Torslandavallen;Torslanda Idrottsväg 17, 423 32 Torslanda;Y;57.718280;11.757490;Göteborg;football
7;2026-10-10;09:45;133706;Pojkar 2017(9 år) Hisingen+Öckerö Grupp B Höst;2;2;6848430;5;/go-to/?fmid=6848430;Torslanda IK Röd;https://staticcdn.svenskfotboll.se/img/teamssm/10068.png;7;IF Warta P17 vit;https://staticcdn.svenskfotboll.se/img/teamssm/9841.png;7;-1--1;Torslandavallen 21 Konstgräs;Torslandavallen;Torslanda Idrottsväg 17, 423 32 Torslanda;Y;57.718280;11.757490;Göteborg;football
7;2026-10-10;10:00;133664;Pojkar 2015(11 år) Grupp J Höst;2;2;6851661;5;/go-to/?fmid=6851661;Bergums IF Blå;https://staticcdn.svenskfotboll.se/img/teamssm/11584.png;7;Qviding FIF Svart 1;https://staticcdn.svenskfotboll.se/img/teamssm/8089.png;7;-1--1;Bergumsvallen 22;Bergumsvallen;Grönkullavägen 21, 424 70 Olofstorp;Y;57.801061;12.166928;Göteborg;football
7;2026-10-10;10:00;133664;Pojkar 2015(11 år) Grupp J Höst;2;2;6851662;5;/go-to/?fmid=6851662;Bergums IF Svart;https://staticcdn.svenskfotboll.se/img/teamssm/11584.png;7;Qviding FIF Svart 2;https://staticcdn.svenskfotboll.se/img/teamssm/8089.png;7;-1--1;Bergumsvallen 22;Bergumsvallen;Grönkullavägen 21, 424 70 Olofstorp;Y;57.801061;12.166928;Göteborg;football
21;2026-10-10;10:00;137583;Pojkar Div 13 Kinna;2;2;6820073;5;/go-to/?fmid=6820073;Rävlanda AIS;https://staticcdn.svenskfotboll.se/img/teamssm/10390.png;21;Ubbhult/Hällingsjö/Hyssna;https://staticcdn.svenskfotboll.se/img/teamssm/8636.png;21;-1--1;Bråtaredsvallen 11;Bråtaredsvallen;Bråtaredsvallen, 438 52 Rävlanda;Y;57.658014;12.492537;Västergötland;football
8;2026-10-10;10:00;136531;P10år Röd Norr;2;2;6903955;5;/go-to/?fmid=6903955;Derome-Åskloster FF;https://staticcdn.svenskfotboll.se/img/teamssm/13260.png;8;Falkenbergs FF;https://staticcdn.svenskfotboll.se/img/teamssm/9525.png;8;-1--1;Dersbovallen C;Dersbovallen;Dersbovallen, Bjurumsvägen, Ävjedal, Derome, Varbergs kommun, Hallands län, 463 68, Sverige;Y;57.234794;12.317065;Halland;football
8;2026-10-10;10:00;137618;F14år Röd;3;3;6778833;5;/go-to/?fmid=6778833;IF Böljan Falkenberg Blå;https://staticcdn.svenskfotboll.se/img/teamssm/9528.png;8;Trönninge IF;https://staticcdn.svenskfotboll.se/img/teamssm/9484.png;8;0-0;Falkenbergs IP B;Falkenbergs IP;Falkenbergs IP A, Skogsvägen, Kristineslätt, Skrea Strand, Falkenberg, Falkenbergs kommun, Hallands län, 311 45, Sverige;Y;56.897775;12.508271;Halland;football
7;2026-10-10;10:00;133784;Flickor 2014(12 år) Grupp C Höst;3;2;6834924;5;/go-to/?fmid=6834924;Lunden Överås BK;https://staticcdn.svenskfotboll.se/img/teamssm/10705.png;7;Sävedalens IF Blå;https://staticcdn.svenskfotboll.se/img/teamssm/9545.png;7;-1--1;Heden 41 Konstgräs;Heden;Heden, 411 38 Göteborg;Y;57.702854;11.978368;Göteborg;football
7;2026-10-10;10:00;133633;Pojkar 2014(12 år) Grupp E Höst;2;2;6843151;5;/go-to/?fmid=6843151;Dalen/Krokslätts FF Gul;https://staticcdn.svenskfotboll.se/img/teamssm/9632.png;7;Solängens BK P2014 vit;https://staticcdn.svenskfotboll.se/img/teamssm/9548.png;7;-1--1;Krokslättsvallen 12;Krokslättsvallen;Krokslätts Storgata 44, 431 38 Mölndal;Y;57.671326;11.997967;Göteborg;football
8;2026-10-10;10:00;137618;F14år Röd;3;3;6778832;5;/go-to/?fmid=6778832;Kungsbacka IF;https://staticcdn.svenskfotboll.se/img/teamssm/9505.png;8;IF Norvalla;https://staticcdn.svenskfotboll.se/img/teamssm/9499.png;8;0-0;Kungsbacka sportcenter 3;Kungsbacka sportcenter;Kungsbacka Sportcenter, Södra Infarten 11, 434 50 Kungsbacka;Y;57.479212;12.076907;Halland;football
8;2026-10-10;10:00;139379;P14år Röd A Höst;2;3;6880798;5;/go-to/?fmid=6880798;Tvååker/Galtabäck;https://staticcdn.svenskfotboll.se/img/teamssm/9483.png;8;Lerkils IF Röd;https://staticcdn.svenskfotboll.se/img/teamssm/10757.png;8;0-0;Övrevi B;Övrevi;Övrevi idrottsplats, N 760, Stenen, Övreby, Tvååker, Varbergs kommun, Hallands län, 432 78, Sverige;Y;57.046115;12.379083;Halland;football
7;2026-10-10;10:15;133659;Pojkar 2015(11 år) Grupp E Höst;2;2;6846155;5;/go-to/?fmid=6846155;Balltorps FF Rossoneri;https://staticcdn.svenskfotboll.se/img/teamssm/8047.png;7;Hovås Billdal IF Vit;https://staticcdn.svenskfotboll.se/img/teamssm/11109.png;7;-1--1;Förbovallen 11;Förbovallen;Ålegårdsgatan 297, 431 50 Mölndal;Y;57.625892;12.021226;Göteborg;football
7;2026-10-10;10:30;133657;Pojkar 2015(11 år) Grupp C Höst;2;2;6845044;5;/go-to/?fmid=6845044;Lunden Överås BK Vit;https://staticcdn.svenskfotboll.se/img/teamssm/10705.png;7;Lerums IS P15 lila 3;https://staticcdn.svenskfotboll.se/img/teamssm/10756.png;7;-1--1;Aspevallen B-plan;Aspevallen;Strandvägen 7, 443 31 Lerum;Y;57.768427;12.253218;Göteborg;football
28;2026-10-10;10:30;139708;BDFF P13-14 Blå Höst 2;2;3;6906090;5;/go-to/?fmid=6906090;IK Oddevold 2013 P13;https://staticcdn.svenskfotboll.se/img/teamssm/10500.png;28;IFK Uddevalla 2014;https://staticcdn.svenskfotboll.se/img/teamssm/8505.png;28;0-0;Fridhemsvallen Konstgräs;Fridhemsvallen;Fridhemsvallen, Fridhemsvägen, 451 93 Uddevalla;Y;58.381083;11.937419;Bohuslän-Dalsland;football
7;2026-10-10;10:30;133757;Flickor 2012-2013 Stor 9M9 Medel Gr. A Höst;3;3;6828011;5;/go-to/?fmid=6828011;Jonsereds IF Lag 2;https://staticcdn.svenskfotboll.se/img/teamssm/9595.png;7;IF Mölndal Fotboll F12 Blå;https://staticcdn.svenskfotboll.se/img/teamssm/9569.png;7;0-0;Jonsereds IP 1 Konstgräs;Jonsereds IP;Jons väg 23, 433 75 Jonsered;Y;57.746215;12.169063;Göteborg;football
7;2026-10-10;10:30;133684;Pojkar 2016(10 år) Grupp H Höst;2;2;6907663;5;/go-to/?fmid=6907663;Jonsereds IF P16 Svart;https://staticcdn.svenskfotboll.se/img/teamssm/9595.png;7;Qviding FIF Vit 2;https://staticcdn.svenskfotboll.se/img/teamssm/8089.png;7;-1--1;Jonsereds IP II;Jonsereds IP;Jons väg 23, 433 75 Jonsered;Y;57.746215;12.169063;Göteborg;football
7;2026-10-10;10:30;133684;Pojkar 2016(10 år) Grupp H Höst;2;2;6907664;5;/go-to/?fmid=6907664;Jonsereds IF P16 Gul;https://staticcdn.svenskfotboll.se/img/teamssm/9595.png;7;Qviding FIF Vit 1;https://staticcdn.svenskfotboll.se/img/teamssm/8089.png;7;-1--1;Jonsereds IP III;Jonsereds IP;Jons väg 23, 433 75 Jonsered;Y;57.746215;12.169063;Göteborg;football
7;2026-10-10;10:30;133638;Pojkar 2014(12 år) Grupp J Höst;2;2;6837993;5;/go-to/?fmid=6837993;Askims IK P2014 U12 Rosa;https://staticcdn.svenskfotboll.se/img/teamssm/11617.png;7;IK Kongahälla Röd;https://staticcdn.svenskfotboll.se/img/teamssm/9590.png;7;-1--1;Kobbegården 11 konstgräs;Kobbegården;Stora Åvägen 1, 436 34 Askim;Y;57.639723;11.944383;Göteborg;football
21;2026-10-10;10:30;136523;Flickor Div 2 Borås;3;3;6715364;5;/go-to/?fmid=6715364;Alingsås KIK/Alingsås IF;https://staticcdn.svenskfotboll.se/img/teamssm/8345.png;21;Skene IF;https://staticcdn.svenskfotboll.se/img/teamssm/8655.png;21;0-0;Noltorpsvallen B Konstgräs;Noltorpsvallen;Noltorpsvallen, Mjörnstigen, Noltorp, Alingsås distrikt, Alingsås, Alingsås kommun, Västra Götalands län, 441 56, Sverige;Y;57.936860;12.515810;Västergötland;football
7;2026-10-10;10:45;133800;Flickor 2015(11 år) Grupp E Höst;3;2;6839763;5;/go-to/?fmid=6839763;Lunden Överås BK Vit;https://staticcdn.svenskfotboll.se/img/teamssm/10705.png;7;Gunnilse IS;https://staticcdn.svenskfotboll.se/img/teamssm/11237.png;7;-1--1;Överåsvallen 11 Konstgräs;Överåsvallen;Skogshyddegatan 16, 412 74 Göteborg;Y;57.707876;12.002439;Göteborg;football
21;2026-10-10;11:00;136510;Pojkar Div 4 Borås;2;3;6710973;5;/go-to/?fmid=6710973;Hestrafors IF;https://staticcdn.svenskfotboll.se/img/teamssm/11145.png;21;Byttorps IF;https://staticcdn.svenskfotboll.se/img/teamssm/11498.png;21;0-0;Bollevi Konstgräs;Bollevi;BRANDSHED 44, 517 92 Bollebygd;Y;57.710389;12.582741;Västergötland;football
1;2026-10-10;11:00;129327;P19 Superettan Södra 2026;2;3;6561588;5;/go-to/?fmid=6561588;IF Elfsborg;https://staticcdn.svenskfotboll.se/img/teamssm/11429.png;21;Lunds BK;https://staticcdn.svenskfotboll.se/img/teamssm/10704.png;14;0-0;Borås Arena;Borås Arena;Borås Arena, Ålgårdsvägen 16, 506 30 Borås;Y;57.734400;12.934766;1;football
8;2026-10-10;11:00;139378;P14år Röd B Höst;2;3;6887989;5;/go-to/?fmid=6887989;Getinge IF;https://staticcdn.svenskfotboll.se/img/teamssm/11297.png;8;Kvibille BK;https://staticcdn.svenskfotboll.se/img/teamssm/10793.png;8;0-0;Getinge IP 21;Getinge IP;Getinge idrottsplats, N 625, Eskilstorp, Getinge, Halmstads kommun, Hallands län, 310 44, Sverige;Y;56.809430;12.736674;Halland;football
8;2026-10-10;11:00;136222;P15år;2;3;6598711;5;/go-to/?fmid=6598711;LGM;https://staticcdn.svenskfotboll.se/img/teamssm/9500.png;8;IF Centern;https://staticcdn.svenskfotboll.se/img/teamssm/9527.png;8;0-0;Glommens IP 1;Glommens IP;Glommens IP, 311 98 Glommen;Y;56.946704;12.473148;Halland;football
28;2026-10-10;11:00;135691;BDFF P15-19 Blå Norra;2;3;6683800;5;/go-to/?fmid=6683800;Färgelanda IF/Högsäters GF;https://staticcdn.svenskfotboll.se/img/teamssm/11322.png;28;Brålanda IF/Fränderfors IF;https://staticcdn.svenskfotboll.se/img/teamssm/11513.png;28;0-0;Högalid IP;Högalid IP;Färgelanda IF,458 32 Färgelanda;Y;58.561270;11.999821;Bohuslän-Dalsland;football
7;2026-10-10;11:00;133782;Flickor 2014(12 år) Grupp E Höst;3;2;6836095;5;/go-to/?fmid=6836095;Kode IF 2;https://staticcdn.svenskfotboll.se/img/teamssm/10828.png;7;Mölnlycke IF GUL;https://staticcdn.svenskfotboll.se/img/teamssm/10594.png;7;-1--1;Kode IP 31 Konstgräs;Kode IP;SLÄBO 120, 442 96 Kode;Y;57.946073;11.863428;Göteborg;football
21;2026-10-10;11:00;136731;Pojkar Div 8 Borås norr;2;3;6723512;5;/go-to/?fmid=6723512;Kronängs IF Vit;https://staticcdn.svenskfotboll.se/img/teamssm/8688.png;21;Bergdalens IK;https://staticcdn.svenskfotboll.se/img/teamssm/11592.png;21;0-0;Kronäng Arena;Kronäng Arena;Schaktgatan 1, 504 41 Borås;Y;57.696516;12.931606;Västergötland;football
7;2026-10-10;11:00;133813;Flickor 2016(10 år) Grupp D Höst;3;2;6834541;5;/go-to/?fmid=6834541;IK Kongahälla;https://staticcdn.svenskfotboll.se/img/teamssm/9590.png;7;Ytterby IS Röd;https://staticcdn.svenskfotboll.se/img/teamssm/9832.png;7;-1--1;Munkegärdesplan 22 Konstgräs;Munkegärdesplan;Räfsalsvägen 11, 442 42 Kungälv;Y;57.890004;11.967916;Göteborg;football
7;2026-10-10;11:00;133616;Pojkar 2013(13 år) Höst Lätt Grupp C;2;3;6828552;5;/go-to/?fmid=6828552;Fässbergs IF Vit;https://staticcdn.svenskfotboll.se/img/teamssm/9620.png;7;Utbynäs SK Blå;https://staticcdn.svenskfotboll.se/img/teamssm/9983.png;7;0-0;Rävekärrsplan;Rävekärrsplan;Fågelbergsgatan 6, 431 33 Mölndal;Y;57.643218;12.034367;Göteborg;football
7;2026-10-10;11:00;133659;Pojkar 2015(11 år) Grupp E Höst;2;2;6846138;5;/go-to/?fmid=6846138;Sandarna BK Vit;https://staticcdn.svenskfotboll.se/img/teamssm/10367.png;7;IF Mölndal Fotboll Gul;https://staticcdn.svenskfotboll.se/img/teamssm/9569.png;7;-1--1;Sannaplan 2;Sannaplan;Ostindiegatan 28, 414 72 Göteborg;Y;57.685701;11.913302;Göteborg;football
8;2026-10-10;11:00;136545;F12år Röd;3;2;6909577;5;/go-to/?fmid=6909577;Slöinge GOIF;https://staticcdn.svenskfotboll.se/img/teamssm/9491.png;8;DFK Hasko;https://staticcdn.svenskfotboll.se/img/teamssm/7028.png;8;-1--1;Slöinge IP B;Slöinge IP;Slöinge idrottsplats, Idrottsvägen, Slöinge, Falkenbergs kommun, Hallands län, 311 68, Sverige;Y;56.855624;12.703541;Halland;football
7;2026-10-10;11:00;136731;Pojkar Div 8 Borås norr;2;3;6723538;5;/go-to/?fmid=6723538;Tollered/Hemsjö;https://staticcdn.svenskfotboll.se/img/teamssm/10081.png;7;Brämhults IK Vit;https://staticcdn.svenskfotboll.se/img/teamssm/8727.png;21;0-0;Spinnarvallen / B-plan;Spinnarvallen;Tollereds Ströms väg 4, 448 50 Tollered;Y;57.814494;12.424245;Göteborg;football
7;2026-10-10;11:00;133713;Pojkar 2017(9 år) Ale+Kungälv Grupp A Höst;2;2;6846595;5;/go-to/?fmid=6846595;Surte IS FK Gul;https://staticcdn.svenskfotboll.se/img/teamssm/12036.png;7;IK Kongahälla Grön;https://staticcdn.svenskfotboll.se/img/teamssm/9590.png;7;-1--1;Surte IP 22;Surte IP;Idrottsvägen 4, 445 55 Surte;Y;57.836279;12.017412;Göteborg;football
8;2026-10-10;11:00;136434;F10år Söder;3;2;6726593;5;/go-to/?fmid=6726593;Vinbergs IF;https://staticcdn.svenskfotboll.se/img/teamssm/9913.png;8;Skottorps IF Grön;https://staticcdn.svenskfotboll.se/img/teamssm/10302.png;8;-1--1;Vinåvallen F;Vinåvallen;Vinåvallen, Apelsinvägen, Vinberg, Falkenbergs kommun, Hallands län, 311 94, Sverige;Y;56.946817;12.546193;Halland;football
8;2026-10-10;11:00;139379;P14år Röd A Höst;2;3;6880800;5;/go-to/?fmid=6880800;Värö United;https://staticcdn.svenskfotboll.se/img/teamssm/11508.png;8;IF Centern Vit;https://staticcdn.svenskfotboll.se/img/teamssm/9527.png;8;0-0;Västkustvallen;Västkustvallen;Västkustvallen, Kustroddarevägen, Hovgården, Bua, Varbergs kommun, Hallands län, 432 63, Sverige;Y;57.230684;12.125208;Halland;football
7;2026-10-10;11:15;133810;Flickor 2016(10 år) Grupp A Höst;3;2;6832865;5;/go-to/?fmid=6832865;Kareby IS F16 röd;https://staticcdn.svenskfotboll.se/img/teamssm/10872.png;7;Lunden Överås BK Vit;https://staticcdn.svenskfotboll.se/img/teamssm/10705.png;7;-1--1;Kareby Hed 12;Kareby Hed;442 46 Kareby;Y;57.903192;11.928436;Göteborg;football
28;2026-10-10;11:30;136233;BDFF P10-12 Svart;2;2;6734585;5;/go-to/?fmid=6734585;IK Oddevold P2014 Svart;https://staticcdn.svenskfotboll.se/img/teamssm/10500.png;28;Herrestads AIF P2014 Orange;https://staticcdn.svenskfotboll.se/img/teamssm/11149.png;28;-1--1;Arwidsroplanen;Arwidsroplanen;Fossums Kvarnväg 4, 451 34 Uddevalla;Y;58.348766;11.975349;Bohuslän-Dalsland;football
8;2026-10-10;11:30;137618;F14år Röd;3;3;6778831;5;/go-to/?fmid=6778831;Onsala BK;https://staticcdn.svenskfotboll.se/img/teamssm/10495.png;8;Åsa IF svart;https://staticcdn.svenskfotboll.se/img/teamssm/9807.png;8;0-0;Kaparevallen;Kaparevallen;Håkullavägen 43, 439 91 Onsala;Y;57.414147;12.014084;Halland;football
7;2026-10-10;12:00;133617;Pojkar 2013(13 år) Höst Lätt Grupp D;2;3;6828600;5;/go-to/?fmid=6828600;Guldhedens IK PF 13;https://staticcdn.svenskfotboll.se/img/teamssm/11249.png;7;Bergums IF;https://staticcdn.svenskfotboll.se/img/teamssm/11584.png;7;0-0;Anders Svensson vallen;Anders Svensson vallen;Anders Svenssonvallen, Doktor Heymans Gata 1F, 413 22 Göteborg;Y;57.687279;11.968893;Göteborg;football
7;2026-10-10;12:00;133610;Pojkar 2013(13 år) Höst Medel Grupp D;2;3;6828865;5;/go-to/?fmid=6828865;Hisingsbacka FC;https://staticcdn.svenskfotboll.se/img/teamssm/11138.png;7;Partille IF FK Blå;https://staticcdn.svenskfotboll.se/img/teamssm/12478.png;7;0-0;Backavallen 22(Gratts Arena);Backavallen;Wadköpingsgatan 153, 422 51 Hisings Backa;Y;57.745322;11.967003;Göteborg;football
7;2026-10-10;12:00;133613;Pojkar 2013(13 år) Höst Medel Grupp B;2;3;6828732;5;/go-to/?fmid=6828732;Mölnlycke IF Röd;https://staticcdn.svenskfotboll.se/img/teamssm/10594.png;7;Angereds IS;https://staticcdn.svenskfotboll.se/img/teamssm/12744.png;7;0-0;Djupedalsplan A Konstgräs vänster;Djupedals IP;Djupedals Ip, Rullstensvägen 1, 435 41 Mölnlycke;Y;57.652820;12.126316;Göteborg;football
7;2026-10-10;12:00;133837;Flickor 2017(9 år) Hisingen Grupp A Höst;3;2;6831742;5;/go-to/?fmid=6831742;BK Häcken F2017 lag 1 Svart;https://staticcdn.svenskfotboll.se/img/teamssm/11080.png;7;Eriksbergs IF 1;https://staticcdn.svenskfotboll.se/img/teamssm/9629.png;7;-1--1;Färjenäsplan 12:1;Färjenäsplan;Pölsebogatan, 417 67 Göteborg;Y;57.697441;11.901198;Göteborg;football
7;2026-10-10;12:00;133837;Flickor 2017(9 år) Hisingen Grupp A Höst;3;2;6831743;5;/go-to/?fmid=6831743;BK Häcken F2017 lag 2 Gul;https://staticcdn.svenskfotboll.se/img/teamssm/11080.png;7;Torslanda IK 3;https://staticcdn.svenskfotboll.se/img/teamssm/10068.png;7;-1--1;Färjenäsplan 12:2;Färjenäsplan;Pölsebogatan, 417 67 Göteborg;Y;57.697441;11.901198;Göteborg;football
7;2026-10-10;12:00;133583;Pojkar 2012(14 år) Medel Grupp A;2;3;6621213;5;/go-to/?fmid=6621213;Mossens BK Svart;https://staticcdn.svenskfotboll.se/img/teamssm/9571.png;7;IK Kongahälla Röd;https://staticcdn.svenskfotboll.se/img/teamssm/9590.png;7;0-0;Guldheden Södra 1 Konstgräs;Guldheden Södra;Gibraltargatan 41, 412 58 Göteborg;Y;57.681136;11.982964;Göteborg;football
7;2026-10-10;12:00;133608;Pojkar 2013(13 år) Höst Medel Grupp A;2;3;6828686;5;/go-to/?fmid=6828686;Marieholm IK Röd;https://staticcdn.svenskfotboll.se/img/teamssm/13640.png;7;Fässbergs IF Lila;https://staticcdn.svenskfotboll.se/img/teamssm/9620.png;7;0-0;Gunnaredsplan 11 Konstgräs;Gunnaredsplan;Gunnaredsvallen 4, 413 22 Göteborg;Y;57.800277;12.065439;Göteborg;football
7;2026-10-10;12:00;133677;Pojkar 2016(10 år) Grupp A Höst;2;2;6841463;5;/go-to/?fmid=6841463;Marieholm IK Svart;https://staticcdn.svenskfotboll.se/img/teamssm/13640.png;7;Älvängens IK P16 blå;https://staticcdn.svenskfotboll.se/img/teamssm/9783.png;7;-1--1;Gunnaredsplan 12 Konstgräs;Gunnaredsplan;Gunnaredsvallen 4, 413 22 Göteborg;Y;57.800277;12.065439;Göteborg;football
7;2026-10-10;12:00;133610;Pojkar 2013(13 år) Höst Medel Grupp D;2;3;6828867;5;/go-to/?fmid=6828867;Qviding FIF 2;https://staticcdn.svenskfotboll.se/img/teamssm/8089.png;7;Ytterby IS Blå;https://staticcdn.svenskfotboll.se/img/teamssm/9832.png;7;0-0;Härlanda 12;Härlanda Park;Härlanda Park 6B, 416 52 Göteborg;Y;57.716492;12.017055;Göteborg;football
7;2026-10-10;12:00;133782;Flickor 2014(12 år) Grupp E Höst;3;2;6836096;5;/go-to/?fmid=6836096;Qviding FIF 2;https://staticcdn.svenskfotboll.se/img/teamssm/8089.png;7;Romelanda UF F14;https://staticcdn.svenskfotboll.se/img/teamssm/10427.png;7;-1--1;Härlanda 22;Härlanda Park;Härlanda Park 6B, 416 52 Göteborg;Y;57.716492;12.017055;Göteborg;football
7;2026-10-10;12:00;133576;Pojkar 2011(15 år) Medel Grupp B;2;3;6607916;5;/go-to/?fmid=6607916;Hjuviks AIK;https://staticcdn.svenskfotboll.se/img/teamssm/8330.png;7;Älvängens/Ahlafors/Nol;https://staticcdn.svenskfotboll.se/img/teamssm/9783.png;7;0-0;21:47 Arena 1;Hästevik;Torslanda Hästeviks väg, 423 41 Torslanda;Y;57.718779;11.721591;Göteborg;football
7;2026-10-10;12:00;133744;Flickor 2010-2011 Lätt Grupp A;3;3;6585034;5;/go-to/?fmid=6585034;HBH F10/11;https://staticcdn.svenskfotboll.se/img/teamssm/11038.png;7;Qviding FIF F10/11;https://staticcdn.svenskfotboll.se/img/teamssm/8089.png;7;0-0;Hönö Arena 1;Hönö Arena;Lindblomsvägen 30, 475 42 Hönö;Y;57.687870;11.652948;Göteborg;football
7;2026-10-10;12:00;138261;Pojkar 2013(13 år) Höst Medel Grupp F;2;3;6828958;5;/go-to/?fmid=6828958;Hönö IS;https://staticcdn.svenskfotboll.se/img/teamssm/11038.png;7;Qviding FIF 1;https://staticcdn.svenskfotboll.se/img/teamssm/8089.png;7;0-0;Hönö Arena 2;Hönö Arena;Lindblomsvägen 30, 475 42 Hönö;Y;57.687870;11.652948;Göteborg;football
7;2026-10-10;12:00;133759;Flickor 2012-2013 Stor 9M9 Medel Gr. C Höst;3;3;6827854;5;/go-to/?fmid=6827854;Askims IK Röd;https://staticcdn.svenskfotboll.se/img/teamssm/11617.png;7;Kållered SK F11/12;https://staticcdn.svenskfotboll.se/img/teamssm/10787.png;7;0-0;Kobbegården 1 Konstgräs;Kobbegården;Stora Åvägen 1, 436 34 Askim;Y;57.639723;11.944383;Göteborg;football
7;2026-10-10;12:00;133613;Pojkar 2013(13 år) Höst Medel Grupp B;2;3;6828735;5;/go-to/?fmid=6828735;Lekstorps IF;https://staticcdn.svenskfotboll.se/img/teamssm/10760.png;7;GoldCoast FC Svart;https://staticcdn.svenskfotboll.se/img/teamssm/13374.png;7;0-0;LP Idrottsplats A - plan/ Halva A;LP - Idrottspark;LP Idrottspark, Sportvägen 7, 443 40 Gråbo;Y;57.841028;12.289142;Göteborg;football
7;2026-10-10;12:00;133610;Pojkar 2013(13 år) Höst Medel Grupp D;2;3;6828866;5;/go-to/?fmid=6828866;Utbynäs SK Gul;https://staticcdn.svenskfotboll.se/img/teamssm/9983.png;7;Mossens BK Gul;https://staticcdn.svenskfotboll.se/img/teamssm/9571.png;7;0-0;Lemmingvallen 22 Konstgräs;Lemmingvallen;Lemmingsgatan 5, 415 07 Göteborg;Y;57.734850;12.052148;Göteborg;football
7;2026-10-10;12:00;133609;Pojkar 2013(13 år) Höst Medel Grupp C;2;3;6828778;5;/go-to/?fmid=6828778;Backatorp IF Svart;https://staticcdn.svenskfotboll.se/img/teamssm/11915.png;7;IFK Hindås;https://staticcdn.svenskfotboll.se/img/teamssm/11008.png;7;0-0;Lillhagsplan 12;Lillhagsplan;Lillhagsvägen, 422 57 Hisings Backa;Y;57.763300;11.956822;Göteborg;football
7;2026-10-10;12:00;133837;Flickor 2017(9 år) Hisingen Grupp A Höst;3;2;6831741;5;/go-to/?fmid=6831741;Backatorp IF F17;https://staticcdn.svenskfotboll.se/img/teamssm/11915.png;7;Eriksbergs IF 2;https://staticcdn.svenskfotboll.se/img/teamssm/9629.png;7;-1--1;Lillhagsplan 11;Lillhagsplan;Lillhagsvägen, 422 57 Hisings Backa;Y;57.763300;11.956822;Göteborg;football
7;2026-10-10;12:00;133609;Pojkar 2013(13 år) Höst Medel Grupp C;2;3;6828776;5;/go-to/?fmid=6828776;Nol IK;https://staticcdn.svenskfotboll.se/img/teamssm/10573.png;7;Solängens BK Grön;https://staticcdn.svenskfotboll.se/img/teamssm/9548.png;7;0-0;Nolängens IP 9M9 Konstgräs;Nolängens IP;Gallåsvägen 4, 449 40 Nol;Y;57.908182;12.066376;Göteborg;football
7;2026-10-10;12:00;133837;Flickor 2017(9 år) Hisingen Grupp A Höst;3;2;6831736;5;/go-to/?fmid=6831736;Öckerö IF F2017;https://staticcdn.svenskfotboll.se/img/teamssm/9774.png;7;Torslanda IK 1;https://staticcdn.svenskfotboll.se/img/teamssm/10068.png;7;-1--1;Prästängen 31 KG;Prästängen;PRÄSTÄNGEN 1, 475 31 Öckerö;Y;57.717030;11.641158;Göteborg;football
7;2026-10-10;12:00;133523;Junior Pojkar Div 3;2;3;6543100;5;/go-to/?fmid=6543100;Romelanda UF;https://staticcdn.svenskfotboll.se/img/teamssm/10427.png;7;IF Väster;https://staticcdn.svenskfotboll.se/img/teamssm/9861.png;7;0-0;Romevi 1 Gräs;Romevi;Hög 130, 442 92 Romelanda;Y;57.937642;12.038425;Göteborg;football
7;2026-10-10;12:00;133613;Pojkar 2013(13 år) Höst Medel Grupp B;2;3;6828734;5;/go-to/?fmid=6828734;SG Ruddalen IF Röd;https://staticcdn.svenskfotboll.se/img/teamssm/11284.png;7;IF Mölndal Fotboll Blå;https://staticcdn.svenskfotboll.se/img/teamssm/9569.png;7;0-0;Ruddalen 22 Konstgräs;Ruddalen;Anna Östvägen 8, 426 68 Västra Frölunda;Y;57.664609;11.909282;Göteborg;football
21;2026-10-10;12:00;136510;Pojkar Div 4 Borås;2;3;6710995;5;/go-to/?fmid=6710995;Sandared/Sjömarken;https://staticcdn.svenskfotboll.se/img/teamssm/10368.png;21;Ulricehamns IFK Blå;https://staticcdn.svenskfotboll.se/img/teamssm/7738.png;21;0-0;Sandevi A-plan;Sandevi;Sandevi, Alingsåsvägen, Torp, Sandared, Borås kommun, Västra Götalands län, 518 33, Sverige;Y;57.719494;12.788878;Västergötland;football
7;2026-10-10;12:00;133614;Pojkar 2013(13 år) Höst Svår Grupp A;2;3;6828822;5;/go-to/?fmid=6828822;Lerums IS 5;https://staticcdn.svenskfotboll.se/img/teamssm/10756.png;7;Kungsladugårds BK Blå;https://staticcdn.svenskfotboll.se/img/teamssm/10799.png;7;0-0;Spinnarvallen / B-plan / Halva-A;Spinnarvallen;Tollereds Ströms väg 4, 448 50 Tollered;Y;57.814494;12.424245;Göteborg;football
8;2026-10-10;12:00;139133;F13år Röd A Höst;3;3;6896284;5;/go-to/?fmid=6896284;Särö Kullavik IF Röd;https://staticcdn.svenskfotboll.se/img/teamssm/9496.png;8;Veddige BK Derome;https://staticcdn.svenskfotboll.se/img/teamssm/9481.png;8;0-0;Särö IP B;Särö IP;Idrottsgången 2, 429 44 Särö;Y;57.519187;11.972312;Halland;football
8;2026-10-10;12:00;136222;P15år;2;3;6598688;5;/go-to/?fmid=6598688;BK Astrio;https://staticcdn.svenskfotboll.se/img/teamssm/9529.png;8;Veddige BK;https://staticcdn.svenskfotboll.se/img/teamssm/9481.png;8;0-0;Söndrums IP C;Söndrums IP;Söndrums Idrottsplats, Bäckagårdsvägen, Pålsbo, Bäckagård, Halmstad, Halmstads kommun, Hallands län, 302 91, Sverige;Y;56.670271;12.797138;Halland;football
7;2026-10-10;12:00;133813;Flickor 2016(10 år) Grupp D Höst;3;2;6834537;5;/go-to/?fmid=6834537;Torslanda IK 1;https://staticcdn.svenskfotboll.se/img/teamssm/10068.png;7;Romelanda UF F16 GUL;https://staticcdn.svenskfotboll.se/img/teamssm/10427.png;7;-1--1;Torslandavallen 3 Konstgräs 7M7;Torslandavallen;Torslanda Idrottsväg 17, 423 32 Torslanda;Y;57.718280;11.757490;Göteborg;football
7;2026-10-10;12:00;133584;Pojkar 2012(14 år) Medel Grupp D;2;3;6621611;5;/go-to/?fmid=6621611;Nödinge SK Fotboll Blå;https://staticcdn.svenskfotboll.se/img/teamssm/10503.png;7;Hovås Billdal IF Grön;https://staticcdn.svenskfotboll.se/img/teamssm/11109.png;7;0-0;Vimmervi 2 Konstgräs;Vimmervi;Gamla Kilandavägen 62, 449 36 Nödinge;Y;57.886226;12.080329;Göteborg;football
7;2026-10-10;12:00;133575;Pojkar 2011(15 år) Medel Grupp A;2;3;6607785;5;/go-to/?fmid=6607785;Västra Frölunda IF Vit;https://staticcdn.svenskfotboll.se/img/teamssm/9853.png;7;Nödinge SK Fotboll Blå;https://staticcdn.svenskfotboll.se/img/teamssm/10503.png;7;0-0;Välen 1 Konstgräs;Välen;Klubbvägen 20, 421 47 Västra Frölunda;Y;57.642584;11.919773;Göteborg;football
7;2026-10-10;12:00;133611;Pojkar 2013(13 år) Höst Medel Grupp E;2;3;6828904;5;/go-to/?fmid=6828904;Älvängens IK Blå;https://staticcdn.svenskfotboll.se/img/teamssm/9783.png;7;Näsets SK Blå;https://staticcdn.svenskfotboll.se/img/teamssm/10510.png;7;0-0;Älvevi 22 Konstgräs HN;Älvevi;Hövägen 23, 446 32 Älvängen;Y;57.954092;12.123567;Göteborg;football
7;2026-10-10;12:00;133782;Flickor 2014(12 år) Grupp E Höst;3;2;6836091;5;/go-to/?fmid=6836091;Näsets SK F14 Vit;https://staticcdn.svenskfotboll.se/img/teamssm/10510.png;7;Jitex BK;https://staticcdn.svenskfotboll.se/img/teamssm/7516.png;7;-1--1;Lundin Arena;Åkeredsvallen;Bergsätersgatan 1, 421 66 Västra Frölunda;Y;57.631456;11.900982;Göteborg;football
7;2026-10-10;12:00;138256;Junior Flickor Div 2 Höst;3;3;6827527;5;/go-to/?fmid=6827527;Örgryte IS Fotboll , Junior Flickor;https://staticcdn.svenskfotboll.se/img/teamssm/12910.png;7;Mölnlycke IF;https://staticcdn.svenskfotboll.se/img/teamssm/10594.png;7;0-0;Hammarviken Arena;ÖIS-gården;Korndalsvägen 3, 412 76 Göteborg;Y;57.675233;12.028495;Göteborg;football
7;2026-10-10;12:00;133591;Pojkar 2012(14 år) Lätt Grupp D;2;3;6620986;5;/go-to/?fmid=6620986;Lunden Överås BK Svart;https://staticcdn.svenskfotboll.se/img/teamssm/10705.png;7;Kareby IS;https://staticcdn.svenskfotboll.se/img/teamssm/10872.png;7;0-0;Överåsvallen 1 Konstgräs;Överåsvallen;Skogshyddegatan 16, 412 74 Göteborg;Y;57.707876;12.002439;Göteborg;football
7;2026-10-10;12:15;133151;Division 5B Herr;2;4;6532559;5;/go-to/?fmid=6532559;Bergums IF;https://staticcdn.svenskfotboll.se/img/teamssm/11584.png;7;Kungsladugårds BK;https://staticcdn.svenskfotboll.se/img/teamssm/10799.png;7;0-0;Bergumsvallen Konstgräs;Bergumsvallen;Grönkullavägen 21, 424 70 Olofstorp;Y;57.801061;12.166928;Göteborg;football
7;2026-10-10;12:15;133151;Division 5B Herr;2;4;6532558;5;/go-to/?fmid=6532558;Donsö IS;https://staticcdn.svenskfotboll.se/img/teamssm/9631.png;7;SK Argo;https://staticcdn.svenskfotboll.se/img/teamssm/9645.png;7;0-0;Donsövallen;Donsövallen;Donsövallen, Lurkenvägen 2, 430 82 Donsö;Y;57.605163;11.805907;Göteborg;football
7;2026-10-10;12:15;133527;Junior Pojkar Div 2A;2;3;6538457;5;/go-to/?fmid=6538457;Västkurd BK U19;https://staticcdn.svenskfotboll.se/img/teamssm/12987.png;7;Åsa IF;https://staticcdn.svenskfotboll.se/img/teamssm/9807.png;8;0-0;Generatorsplan;Generatorsplan;Minelundsvägen 14, 417 05 Göteborg;Y;57.730133;11.950968;Göteborg;football
7;2026-10-10;12:15;133151;Division 5B Herr;2;4;6532557;5;/go-to/?fmid=6532557;Pushers BK;https://staticcdn.svenskfotboll.se/img/teamssm/9563.png;7;Guldhedens IK;https://staticcdn.svenskfotboll.se/img/teamssm/11249.png;7;0-0;Gröna Vallen 1;Gröna Vallen;Gröna Vallen, Svanebäcksgatan 16, 414 71 Göteborg;Y;57.687961;11.917564;Göteborg;football
7;2026-10-10;12:15;133585;Pojkar 2012(14 år) Lätt Grupp A;2;3;6621896;5;/go-to/?fmid=6621896;Masthuggets BK Röd;https://staticcdn.svenskfotboll.se/img/teamssm/10643.png;7;Solväders FC;https://staticcdn.svenskfotboll.se/img/teamssm/12147.png;7;0-0;Heden 4 Konstgräs;Heden;Heden, 411 38 Göteborg;Y;57.702854;11.978368;Göteborg;football
7;2026-10-10;12:15;138261;Pojkar 2013(13 år) Höst Medel Grupp F;2;3;6828959;5;/go-to/?fmid=6828959;Jonsereds IF;https://staticcdn.svenskfotboll.se/img/teamssm/9595.png;7;Serbiska KIF Semberija Göteborg;https://staticcdn.svenskfotboll.se/img/teamssm/7595.png;7;0-0;Jonsereds IP 1 Konstgräs;Jonsereds IP;Jons väg 23, 433 75 Jonsered;Y;57.746215;12.169063;Göteborg;football
7;2026-10-10;12:15;133151;Division 5B Herr;2;4;6532556;5;/go-to/?fmid=6532556;Valhalla FC;https://staticcdn.svenskfotboll.se/img/teamssm/13532.png;7;Utbynäs SK;https://staticcdn.svenskfotboll.se/img/teamssm/9983.png;7;0-0;Kviberg 2 konstgräs;Kviberg;Luftvärnsvägen, 415 06 Göteborg;Y;57.737550;12.038540;Göteborg;football
7;2026-10-10;12:15;133151;Division 5B Herr;2;4;6532560;5;/go-to/?fmid=6532560;Azalea BK;https://staticcdn.svenskfotboll.se/img/teamssm/7817.png;7;IF Mölndal Fotboll;https://staticcdn.svenskfotboll.se/img/teamssm/9569.png;7;0-0;Majvallen 1 Konstgräs;Majvallen;Ekedalsgatan 20, 414 68 Göteborg;Y;57.689370;11.936171;Göteborg;football
7;2026-10-10;12:15;133198;Division 5A Dam;3;4;6534025;5;/go-to/?fmid=6534025;Torslanda IK (B);https://staticcdn.svenskfotboll.se/img/teamssm/10068.png;7;Nödinge SK Fotboll;https://staticcdn.svenskfotboll.se/img/teamssm/10503.png;7;0-0;Torslandavallen 2 Konstgräs;Torslandavallen;Torslanda Idrottsväg 17, 423 32 Torslanda;Y;57.718280;11.757490;Göteborg;football
7;2026-10-10;12:15;133575;Pojkar 2011(15 år) Medel Grupp A;2;3;6607783;5;/go-to/?fmid=6607783;Öjersjö IF Blå;https://staticcdn.svenskfotboll.se/img/teamssm/7552.png;7;Azalea BK Svart;https://staticcdn.svenskfotboll.se/img/teamssm/7817.png;7;0-0;Öjersjö IP 1 Konstgräs;Öjersjö IP;Tallmossevägen 9, 433 50 Öjersjö;Y;57.702889;12.149245;Göteborg;football
7;2026-10-10;12:30;133799;Flickor 2015(11 år) Grupp A Höst;3;2;6840860;5;/go-to/?fmid=6840860;Jonsereds IF;https://staticcdn.svenskfotboll.se/img/teamssm/9595.png;7;Hovås Billdal IF Blå;https://staticcdn.svenskfotboll.se/img/teamssm/11109.png;7;-1--1;Jonsereds IP II;Jonsereds IP;Jons väg 23, 433 75 Jonsered;Y;57.746215;12.169063;Göteborg;football
7;2026-10-10;12:30;133810;Flickor 2016(10 år) Grupp A Höst;3;2;6832897;5;/go-to/?fmid=6832897;Kareby IS F16 röd;https://staticcdn.svenskfotboll.se/img/teamssm/10872.png;7;Lekstorps IF Grön;https://staticcdn.svenskfotboll.se/img/teamssm/10760.png;7;-1--1;Kareby Hed 12;Kareby Hed;442 46 Kareby;Y;57.903192;11.928436;Göteborg;football
7;2026-10-10;12:30;133781;Flickor 2014(12 år) Grupp D Höst;3;2;6835498;5;/go-to/?fmid=6835498;Utbynäs SK Gul;https://staticcdn.svenskfotboll.se/img/teamssm/9983.png;7;Kungälvs FF Vit;https://staticcdn.svenskfotboll.se/img/teamssm/8050.png;7;-1--1;Kviberg 1 konstgräs;Kviberg;Luftvärnsvägen, 415 06 Göteborg;Y;57.737550;12.038540;Göteborg;football
8;2026-10-10;12:30;137181;P11år Blå söder;2;2;6740545;5;/go-to/?fmid=6740545;BK Astrio Vit;https://staticcdn.svenskfotboll.se/img/teamssm/9529.png;8;Skottorps IF Grön;https://staticcdn.svenskfotboll.se/img/teamssm/10302.png;8;-1--1;Söndrums IP G;Söndrums IP;Söndrums Idrottsplats, Bäckagårdsvägen, Pålsbo, Bäckagård, Halmstad, Halmstads kommun, Hallands län, 302 91, Sverige;Y;56.670271;12.797138;Halland;football
1;2026-10-10;13:00;139916;P16 Allsvenskan A-slutspel Södra 2026;2;3;6912048;5;/go-to/?fmid=6912048;IF Elfsborg;https://staticcdn.svenskfotboll.se/img/teamssm/11429.png;21;Landskrona BoIS;https://staticcdn.svenskfotboll.se/img/teamssm/9287.png;14;0-0;Borås Arena 2 konstgräs;Borås Arena;Borås Arena, Ålgårdsvägen 16, 506 30 Borås;Y;57.734400;12.934766;1;football
7;2026-10-10;13:00;133441;Junior Pojkar Div 1;2;3;6538317;5;/go-to/?fmid=6538317;Mölnlycke IF;https://staticcdn.svenskfotboll.se/img/teamssm/10594.png;7;Finlandia Pallo AIF 1;https://staticcdn.svenskfotboll.se/img/teamssm/7939.png;7;0-0;Djupedalsplan B Konstgräs;Djupedals IP;Djupedals Ip, Rullstensvägen 1, 435 41 Mölnlycke;Y;57.652820;12.126316;Göteborg;football
7;2026-10-10;13:00;133611;Pojkar 2013(13 år) Höst Medel Grupp E;2;3;6828902;5;/go-to/?fmid=6828902;Mölnlycke IF Gul;https://staticcdn.svenskfotboll.se/img/teamssm/10594.png;7;IF Mölndal Fotboll Röd;https://staticcdn.svenskfotboll.se/img/teamssm/9569.png;7;0-0;Djupedalsplan A Konstgräs höger;Djupedals IP;Djupedals Ip, Rullstensvägen 1, 435 41 Mölnlycke;Y;57.652820;12.126316;Göteborg;football
8;2026-10-10;13:00;139133;F13år Röd A Höst;3;3;6896272;5;/go-to/?fmid=6896272;IF Böljan Falkenberg Blå;https://staticcdn.svenskfotboll.se/img/teamssm/9528.png;8;Torup/Rydö FF;https://staticcdn.svenskfotboll.se/img/teamssm/7097.png;8;0-0;Falkenbergs IP C;Falkenbergs IP;Falkenbergs IP A, Skogsvägen, Kristineslätt, Skrea Strand, Falkenberg, Falkenbergs kommun, Hallands län, 311 45, Sverige;Y;56.897775;12.508271;Halland;football
1;2026-10-10;13:00;138417;P16 Div.1 2026 B-slutspel Västra Götaland;2;3;6912001;5;/go-to/?fmid=6912001;Falkenbergs FF;https://staticcdn.svenskfotboll.se/img/teamssm/9525.png;8;Utsiktens BK;https://staticcdn.svenskfotboll.se/img/teamssm/9982.png;7;0-0;Falkenbergs IP;Falkenbergs IP;Falkenbergs IP A, Skogsvägen, Kristineslätt, Skrea Strand, Falkenberg, Falkenbergs kommun, Hallands län, 311 45, Sverige;Y;56.897775;12.508271;1;football
7;2026-10-10;13:00;133153;Division 6B Herr;2;4;6534287;5;/go-to/?fmid=6534287;Fotö GoIF;https://staticcdn.svenskfotboll.se/img/teamssm/9625.png;7;Lindholmens BK;https://staticcdn.svenskfotboll.se/img/teamssm/9581.png;7;0-0;Fotö 1 Gräs;Fotö;Krogevi,Korsviksvägen, 475 45 Fotö;Y;57.671478;11.653374;Göteborg;football
7;2026-10-10;13:00;133782;Flickor 2014(12 år) Grupp E Höst;3;2;6836089;5;/go-to/?fmid=6836089;IF Mölndal Fotboll Vit;https://staticcdn.svenskfotboll.se/img/teamssm/9569.png;7;Sävedalens IF Vit;https://staticcdn.svenskfotboll.se/img/teamssm/9545.png;7;-1--1;Frejaplan 11 K.Gräs;Frejaplan;Fiskargatan, 431 43 Mölndal;Y;57.656471;12.005152;Göteborg;football
28;2026-10-10;13:00;135694;BDFF P13-14 Röd;2;3;6648390;5;/go-to/?fmid=6648390;IFK Uddevalla U14;https://staticcdn.svenskfotboll.se/img/teamssm/8505.png;28;Grebbestads IF P12;https://staticcdn.svenskfotboll.se/img/teamssm/11276.png;28;0-0;Fridhemsvallen;Fridhemsvallen;Fridhemsvallen, Fridhemsvägen, 451 93 Uddevalla;Y;58.381083;11.937419;Bohuslän-Dalsland;football
7;2026-10-10;13:00;133578;Pojkar 2011(15 år) Svår Grupp B;2;3;6608500;5;/go-to/?fmid=6608500;Hovås Billdal IF Blå;https://staticcdn.svenskfotboll.se/img/teamssm/11109.png;7;Skottfint/Johanneberg;https://staticcdn.svenskfotboll.se/img/teamssm/7100.png;7;0-0;Hovås Billdal Arena 1;Hovås Billdal Arena;Kruniusvägen, 427 36 Billdal;Y;57.589555;11.946909;Göteborg;football
21;2026-10-10;13:00;139933;Kval till SvFF:s P19 Div.1 - Grupp A;2;3;6913670;5;/go-to/?fmid=6913670;Kinna IF U18;https://staticcdn.svenskfotboll.se/img/teamssm/10844.png;21;Vara SK U18;https://staticcdn.svenskfotboll.se/img/teamssm/9966.png;21;0-0;Kunskapens Hus, konstgräs;Kunskapens Hus;Kunskapens hus, Varbergsvägen, Skene, Kinna, Marks kommun, Västra Götalands län, 511 56, Sverige;Y;57.497192;12.667653;Västergötland;football
7;2026-10-10;13:00;138257;Junior Flickor Div 3 Höst;3;3;6827593;5;/go-to/?fmid=6827593;Kållered SK Damjunior;https://staticcdn.svenskfotboll.se/img/teamssm/10787.png;7;IF Väster Damjunior Svart;https://staticcdn.svenskfotboll.se/img/teamssm/9861.png;7;0-0;Kållered Sportcenter 1;Kållered Sportcenter;Tulebovägen 17, 428 34 Kållered;Y;57.611466;12.075548;Göteborg;football
7;2026-10-10;13:00;133154;Division 6C Herr;2;4;6533493;5;/go-to/?fmid=6533493;Hällesåker IF;https://staticcdn.svenskfotboll.se/img/teamssm/9605.png;7;Öjersjö IF;https://staticcdn.svenskfotboll.se/img/teamssm/7552.png;7;0-0;Lindevi IP 1 Konstgräs;Lindevi IP;Hällesåkersvägen 5, 437 91 Lindome;Y;57.585286;12.108877;Göteborg;football
7;2026-10-10;13:00;133155;Division 7A Herr;2;4;6533562;5;/go-to/?fmid=6533562;Johannebergs IF;https://staticcdn.svenskfotboll.se/img/teamssm/8144.png;7;Mölnlycke IS Ungdom;https://staticcdn.svenskfotboll.se/img/teamssm/13695.png;7;0-0;Mossens IP 1 Gräs;Mossens IP;Ljungbackegatan 1, 412 59 Göteborg;Y;57.684676;11.979998;Göteborg;football
1;2026-10-10;13:00;131965;Div 1 Mellersta, dam 2026;3;4;6545732;5;/go-to/?fmid=6545732;Skultorps IF;https://staticcdn.svenskfotboll.se/img/teamssm/10298.png;21;Ulricehamns IFK;https://staticcdn.svenskfotboll.se/img/teamssm/7738.png;21;0-0;Orkanvallen A;Orkanvallen;Sjogerstadsvägen 12, 541 55 Skövde;Y;58.335524;13.818842;1;football
1;2026-10-10;13:00;129327;P19 Superettan Södra 2026;2;3;6561520;5;/go-to/?fmid=6561520;Varbergs BoIS FC;https://staticcdn.svenskfotboll.se/img/teamssm/7701.png;8;Eskilsminne IF;https://staticcdn.svenskfotboll.se/img/teamssm/9350.png;14;0-0;Påskbergsvallen konstgräs;Påskbergsvallen;Påskbergsvallen, Kattegattsvägen, Mariedal, Sörse, Varberg, Varbergs kommun, Hallands län, 432 43, Sverige;Y;57.097747;12.265223;1;football
7;2026-10-10;13:00;133153;Division 6B Herr;2;4;6534291;5;/go-to/?fmid=6534291;Hälsö BK;https://staticcdn.svenskfotboll.se/img/teamssm/11065.png;7;Backatorp IF;https://staticcdn.svenskfotboll.se/img/teamssm/11915.png;7;0-0;Stuvö Backe (Hälsö 1 Gräs);Stuvö Backe;Bollstigen 4, 475 50 Hälsö;Y;57.736573;11.652997;Göteborg;football
8;2026-10-10;13:00;136282;Division 4 Dam Halland;3;4;6612673;5;/go-to/?fmid=6612673;Särö Kullavik IF;https://staticcdn.svenskfotboll.se/img/teamssm/9496.png;8;LGM;https://staticcdn.svenskfotboll.se/img/teamssm/9500.png;8;0-0;Särö IP A;Särö IP;Idrottsgången 2, 429 44 Särö;Y;57.519187;11.972312;Halland;football
1;2026-10-10;13:00;129327;P19 Superettan Södra 2026;2;3;6561567;5;/go-to/?fmid=6561567;Skövde AIK;https://staticcdn.svenskfotboll.se/img/teamssm/10281.png;21;IFK Värnamo;https://staticcdn.svenskfotboll.se/img/teamssm/9120.png;15;0-0;Södermalms IP A;Södermalms IP;Södermalms idrottsplats, Skaraborgsgatan, Södermalm, Skövde, Skövde kommun, Västra Götalands län, 541 52, Sverige;Y;58.378431;13.840427;1;football
1;2026-10-10;13:00;131966;Div 1 Södra, dam 2026;3;4;6545894;5;/go-to/?fmid=6545894;Halmstads BK;https://staticcdn.svenskfotboll.se/img/teamssm/9517.png;8;Skepplanda BTK;https://staticcdn.svenskfotboll.se/img/teamssm/10314.png;21;0-0;Örjans Vall;Örjans Vall;Örjans vall, Olympiavägen, Gamletull, Halmstad, Halmstads kommun, Hallands län, 302 31, Sverige;Y;56.684904;12.867997;1;football
7;2026-10-10;13:15;133813;Flickor 2016(10 år) Grupp D Höst;3;2;6834536;5;/go-to/?fmid=6834536;Torslanda IK 2;https://staticcdn.svenskfotboll.se/img/teamssm/10068.png;7;Romelanda UF F16 Svart;https://staticcdn.svenskfotboll.se/img/teamssm/10427.png;7;-1--1;Torslandavallen 3 Konstgräs 7M7;Torslandavallen;Torslanda Idrottsväg 17, 423 32 Torslanda;Y;57.718280;11.757490;Göteborg;football
7;2026-10-10;13:30;133617;Pojkar 2013(13 år) Höst Lätt Grupp D;2;3;6828599;5;/go-to/?fmid=6828599;Mossens BK Vit;https://staticcdn.svenskfotboll.se/img/teamssm/9571.png;7;Björndammens BK Blå;https://staticcdn.svenskfotboll.se/img/teamssm/9638.png;7;0-0;Guldheden Södra 12 Konstgräs;Guldheden Södra;Gibraltargatan 41, 412 58 Göteborg;Y;57.681136;11.982964;Göteborg;football
7;2026-10-10;13:30;133609;Pojkar 2013(13 år) Höst Medel Grupp C;2;3;6828780;5;/go-to/?fmid=6828780;Gunnilse IS Vit;https://staticcdn.svenskfotboll.se/img/teamssm/11237.png;7;Surte IS FK 1;https://staticcdn.svenskfotboll.se/img/teamssm/12036.png;7;0-0;Hjällbovallen 22 konstgräs;Hjällbovallen;Knattens väg 12, 424 32 Angered;Y;57.777950;12.017062;Göteborg;football
1;2026-10-10;13:30;131966;Div 1 Södra, dam 2026;3;4;6545839;5;/go-to/?fmid=6545839;IK Zenith;https://staticcdn.svenskfotboll.se/img/teamssm/9829.png;7;IFK Värnamo;https://staticcdn.svenskfotboll.se/img/teamssm/9120.png;15;0-0;Hovgårdsvallen 2 Konstgräs (Bjurforsplanen);Hovgårdsvallen;Gamla Lillebyvägen 1, 432 00 Torslanda;Y;57.751235;11.827376;1;football
7;2026-10-10;13:30;133608;Pojkar 2013(13 år) Höst Medel Grupp A;2;3;6828690;5;/go-to/?fmid=6828690;IK Zenith Svart;https://staticcdn.svenskfotboll.se/img/teamssm/9829.png;7;Masthuggets BK 2;https://staticcdn.svenskfotboll.se/img/teamssm/10643.png;7;0-0;Hovgårdsvallen 3 Konstgräs (Masterservice planen);Hovgårdsvallen;Gamla Lillebyvägen 1, 432 00 Torslanda;Y;57.751235;11.827376;Göteborg;football
7;2026-10-10;13:30;133783;Flickor 2014(12 år) Grupp F Höst;3;2;6836261;5;/go-to/?fmid=6836261;Qviding FIF 1;https://staticcdn.svenskfotboll.se/img/teamssm/8089.png;7;Lekstorps IF F14;https://staticcdn.svenskfotboll.se/img/teamssm/10760.png;7;-1--1;Härlanda 22;Härlanda Park;Härlanda Park 6B, 416 52 Göteborg;Y;57.716492;12.017055;Göteborg;football
7;2026-10-10;13:30;133765;Flickor 2012-2013 Liten 9M9 Lätt Gr. C Höst;3;3;6829094;5;/go-to/?fmid=6829094;Masthuggets BK;https://staticcdn.svenskfotboll.se/img/teamssm/10643.png;7;Mölnlycke IF Svart 2013;https://staticcdn.svenskfotboll.se/img/teamssm/10594.png;7;0-0;Karl Johans Torg Konstgräs 9M9;Karl Johans Torg;Karl Johanstorget 1, 414 61 Göteborg;Y;57.694518;11.929255;Göteborg;football
7;2026-10-10;13:30;133762;Flickor 2012-2013 Stor 9M9 Lätt Gr. B Höst;3;3;6828101;5;/go-to/?fmid=6828101;Nol/Ahlafors;https://staticcdn.svenskfotboll.se/img/teamssm/10573.png;7;Hjuviks AIK F12;https://staticcdn.svenskfotboll.se/img/teamssm/8330.png;7;0-0;Nolängens IP 9M9 Konstgräs;Nolängens IP;Gallåsvägen 4, 449 40 Nol;Y;57.908182;12.066376;Göteborg;football
7;2026-10-10;13:30;133763;Flickor 2012-2013 Liten 9M9 Lätt Gr. A Höst;3;3;6828305;5;/go-to/?fmid=6828305;Lerums IS F2013;https://staticcdn.svenskfotboll.se/img/teamssm/10756.png;7;Öckerö IF Öckerö IF F2013;https://staticcdn.svenskfotboll.se/img/teamssm/9774.png;7;0-0;Spinnarvallen / B-plan / Halva-B;Spinnarvallen;Tollereds Ströms väg 4, 448 50 Tollered;Y;57.814494;12.424245;Göteborg;football
7;2026-10-10;13:30;133763;Flickor 2012-2013 Liten 9M9 Lätt Gr. A Höst;3;3;6828306;5;/go-to/?fmid=6828306;Finlandia Pallo AIF F 13 Blå;https://staticcdn.svenskfotboll.se/img/teamssm/7939.png;7;Älvängens IK F13;https://staticcdn.svenskfotboll.se/img/teamssm/9783.png;7;0-0;Tuvevallen 21 Konstgräs;Tuvevallen;Tuvevallen, 417 45 Göteborg;Y;57.750937;11.915436;Göteborg;football
7;2026-10-10;13:30;133584;Pojkar 2012(14 år) Medel Grupp D;2;3;6621608;5;/go-to/?fmid=6621608;Västra Frölunda IF Vit;https://staticcdn.svenskfotboll.se/img/teamssm/9853.png;7;Ytterby IS Röd;https://staticcdn.svenskfotboll.se/img/teamssm/9832.png;7;0-0;Välen 1 Konstgräs;Välen;Klubbvägen 20, 421 47 Västra Frölunda;Y;57.642584;11.919773;Göteborg;football
7;2026-10-10;13:30;133617;Pojkar 2013(13 år) Höst Lätt Grupp D;2;3;6828597;5;/go-to/?fmid=6828597;IF Väster P-2013 Orange;https://staticcdn.svenskfotboll.se/img/teamssm/9861.png;7;Kareby IS;https://staticcdn.svenskfotboll.se/img/teamssm/10872.png;7;0-0;Önneredsplan 12 Konstgräs;Önneredsplan;Ersåsgatan 2, 421 59 Västra Frölunda;Y;57.637219;11.884878;Göteborg;football
7;2026-10-10;13:30;133608;Pojkar 2013(13 år) Höst Medel Grupp A;2;3;6828689;5;/go-to/?fmid=6828689;Lunden Överås BK Vit;https://staticcdn.svenskfotboll.se/img/teamssm/10705.png;7;Askims IK P2013 U13 Vit;https://staticcdn.svenskfotboll.se/img/teamssm/11617.png;7;0-0;Överåsvallen 11 Konstgräs;Överåsvallen;Skogshyddegatan 16, 412 74 Göteborg;Y;57.707876;12.002439;Göteborg;football
7;2026-10-10;13:30;133677;Pojkar 2016(10 år) Grupp A Höst;2;2;6841459;5;/go-to/?fmid=6841459;Lunden Överås BK Vit;https://staticcdn.svenskfotboll.se/img/teamssm/10705.png;7;GoldCoast FC gul;https://staticcdn.svenskfotboll.se/img/teamssm/13374.png;7;-1--1;Överåsvallen 12 Konstgräs;Överåsvallen;Skogshyddegatan 16, 412 74 Göteborg;Y;57.707876;12.002439;Göteborg;football
7;2026-10-10;13:45;133706;Pojkar 2017(9 år) Hisingen+Öckerö Grupp B Höst;2;2;6848425;5;/go-to/?fmid=6848425;Hjuviks AIK P2017 Blå;https://staticcdn.svenskfotboll.se/img/teamssm/8330.png;7;Finlandia Pallo AIF Vit;https://staticcdn.svenskfotboll.se/img/teamssm/7939.png;7;-1--1;21:47 Arena 11;Hästevik;Torslanda Hästeviks väg, 423 41 Torslanda;Y;57.718779;11.721591;Göteborg;football
7;2026-10-10;13:45;133759;Flickor 2012-2013 Stor 9M9 Medel Gr. C Höst;3;3;6827855;5;/go-to/?fmid=6827855;Lindome GIF;https://staticcdn.svenskfotboll.se/img/teamssm/10741.png;7;Örgryte IS Fotboll Blå;https://staticcdn.svenskfotboll.se/img/teamssm/12910.png;7;0-0;Lindevi IP 3 Konstgräs;Lindevi IP;Hällesåkersvägen 5, 437 91 Lindome;Y;57.585286;12.108877;Göteborg;football
7;2026-10-10;13:45;133578;Pojkar 2011(15 år) Svår Grupp B;2;3;6608502;5;/go-to/?fmid=6608502;Älvsborg FF Svart;https://staticcdn.svenskfotboll.se/img/teamssm/9622.png;7;Lerums IS P2011;https://staticcdn.svenskfotboll.se/img/teamssm/10756.png;7;0-0;Påvelund 1 Konstgräs;Påvelund;Redegatan 18, 426 77 Västra Frölunda;Y;57.668781;11.881476;Göteborg;football
7;2026-10-10;14:00;133678;Pojkar 2016(10 år) Grupp B Höst;2;2;6841993;5;/go-to/?fmid=6841993;Guldhedens IK P16;https://staticcdn.svenskfotboll.se/img/teamssm/11249.png;7;Hovås Billdal IF 2016 Lila;https://staticcdn.svenskfotboll.se/img/teamssm/11109.png;7;-1--1;Anders Svensson vallen;Anders Svensson vallen;Anders Svenssonvallen, Doktor Heymans Gata 1F, 413 22 Göteborg;Y;57.687279;11.968893;Göteborg;football
1;2026-10-10;14:00;131959;Div 2 Västra Götaland, herr 2026;2;4;6547599;5;/go-to/?fmid=6547599;Dalstorps IF;https://staticcdn.svenskfotboll.se/img/teamssm/11468.png;21;Jonsereds IF;https://staticcdn.svenskfotboll.se/img/teamssm/9595.png;7;0-0;Dalshov Konstgräs;Dalshov;Dalshov, Nittorpsvägen, Sörkvarnen, Dalstorp, Tranemo kommun, Västra Götalands län, 514 60, Sverige;Y;57.599916;13.509056;1;football
7;2026-10-10;14:00;133837;Flickor 2017(9 år) Hisingen Grupp A Höst;3;2;6831737;5;/go-to/?fmid=6831737;BK Häcken F2017 lag 3 Vit;https://staticcdn.svenskfotboll.se/img/teamssm/11080.png;7;IK Zenith F2017 2;https://staticcdn.svenskfotboll.se/img/teamssm/9829.png;7;-1--1;Färjenäsplan 11:1;Färjenäsplan;Pölsebogatan, 417 67 Göteborg;Y;57.697441;11.901198;Göteborg;football
7;2026-10-10;14:00;133766;Flickor 2012-2013 Stor 9M9 Lätt Gr. A Höst;3;3;6828153;5;/go-to/?fmid=6828153;Utbynäs SK F12 Blå;https://staticcdn.svenskfotboll.se/img/teamssm/9983.png;7;Eriksbergs IF 2;https://staticcdn.svenskfotboll.se/img/teamssm/9629.png;7;0-0;Gamlestadsvallen 2 Konstgräs;Gamlestadsvallen;Lars Kaggsgatan 24, 415 04 Göteborg;Y;57.734308;12.013832;Göteborg;football
7;2026-10-10;14:00;133578;Pojkar 2011(15 år) Svår Grupp B;2;3;6608505;5;/go-to/?fmid=6608505;KF Velebit KF Velebit 2011;https://staticcdn.svenskfotboll.se/img/teamssm/9949.png;7;Utsiktens BK 1;https://staticcdn.svenskfotboll.se/img/teamssm/9982.png;7;0-0;Generatorsplan;Generatorsplan;Minelundsvägen 14, 417 05 Göteborg;Y;57.730133;11.950968;Göteborg;football
8;2026-10-10;14:00;133920;Division 5 Herr Södra Halland;2;4;6526944;5;/go-to/?fmid=6526944;Getinge IF;https://staticcdn.svenskfotboll.se/img/teamssm/11297.png;8;Oskarström IS;https://staticcdn.svenskfotboll.se/img/teamssm/10488.png;8;0-0;Getinge IP 1;Getinge IP;Getinge idrottsplats, N 625, Eskilstorp, Getinge, Halmstads kommun, Hallands län, 310 44, Sverige;Y;56.809430;12.736674;Halland;football
8;2026-10-10;14:00;133921;Division 6 Herr Norra Halland;2;4;6534916;5;/go-to/?fmid=6534916;GoIF Ginsten;https://staticcdn.svenskfotboll.se/img/teamssm/11291.png;8;Ätrafors BK;https://staticcdn.svenskfotboll.se/img/teamssm/9474.png;8;0-0;Ginstavallen 1;Ginstavallen;HÄLLARP 310, 311 95 Falkenberg;Y;56.975889;12.562684;Halland;football
8;2026-10-10;14:00;133921;Division 6 Herr Norra Halland;2;4;6534918;5;/go-to/?fmid=6534918;Glommens IF;https://staticcdn.svenskfotboll.se/img/teamssm/9522.png;8;Unite People FC;https://staticcdn.svenskfotboll.se/img/teamssm/13067.png;8;0-0;Glommens IP 1;Glommens IP;Glommens IP, 311 98 Glommen;Y;56.946704;12.473148;Halland;football
1;2026-10-10;14:00;129331;P19 Div.1 2026 Södra Götaland;2;3;6591087;5;/go-to/?fmid=6591087;Laholms FK;https://staticcdn.svenskfotboll.se/img/teamssm/9504.png;8;Kristianstad FC;https://staticcdn.svenskfotboll.se/img/teamssm/12907.png;14;0-0;Glänninge Park D3;Glänninge Park;Hellbakken 1, 312 36 Laholm;Y;56.501248;13.054870;1;football
8;2026-10-10;14:00;133921;Division 6 Herr Norra Halland;2;4;6534915;5;/go-to/?fmid=6534915;Grimetons IK;https://staticcdn.svenskfotboll.se/img/teamssm/11272.png;8;IFK Bänared;https://staticcdn.svenskfotboll.se/img/teamssm/9512.png;8;0-0;Grimtunet A;Grimtunet;Grimtunet, N 764, Grimeton, Himle, Varbergs kommun, Hallands län, 432 77, Sverige;Y;57.109083;12.412005;Halland;football
7;2026-10-10;14:00;133584;Pojkar 2012(14 år) Medel Grupp D;2;3;6621607;5;/go-to/?fmid=6621607;Sandarna BK Svart;https://staticcdn.svenskfotboll.se/img/teamssm/10367.png;7;Älvsborg FF Blå;https://staticcdn.svenskfotboll.se/img/teamssm/9622.png;7;0-0;Gröna Vallen 1;Gröna Vallen;Gröna Vallen, Svanebäcksgatan 16, 414 71 Göteborg;Y;57.687961;11.917564;Göteborg;football
8;2026-10-10;14:00;133921;Division 6 Herr Norra Halland;2;4;6534919;5;/go-to/?fmid=6534919;Rolfstorp/Skällinge;https://staticcdn.svenskfotboll.se/img/teamssm/10429.png;8;BK Viljan;https://staticcdn.svenskfotboll.se/img/teamssm/9480.png;8;0-0;Gunnevi IP A;Gunnevi IP;Gunnevivägen, Rolfstorp, Varbergs kommun, Hallands län, 432 97, Sverige;Y;57.148719;12.459212;Halland;football
7;2026-10-10;14:00;133810;Flickor 2016(10 år) Grupp A Höst;3;2;6832902;5;/go-to/?fmid=6832902;Hjuviks AIK F2016;https://staticcdn.svenskfotboll.se/img/teamssm/8330.png;7;Vatra KIF;https://staticcdn.svenskfotboll.se/img/teamssm/13171.png;7;-1--1;21:47 Arena 12;Hästevik;Torslanda Hästeviks väg, 423 41 Torslanda;Y;57.718779;11.721591;Göteborg;football
7;2026-10-10;14:00;133798;Flickor 2015(11 år) Grupp D Höst;3;2;6840673;5;/go-to/?fmid=6840673;Hönö IS HBH Röd;https://staticcdn.svenskfotboll.se/img/teamssm/11038.png;7;Hjuviks AIK F15 Vit;https://staticcdn.svenskfotboll.se/img/teamssm/8330.png;7;-1--1;Hönö Arena 22;Hönö Arena;Lindblomsvägen 30, 475 42 Hönö;Y;57.687870;11.652948;Göteborg;football
7;2026-10-10;14:00;133583;Pojkar 2012(14 år) Medel Grupp A;2;3;6621214;5;/go-to/?fmid=6621214;Askims IK P2012 U14 Svart;https://staticcdn.svenskfotboll.se/img/teamssm/11617.png;7;KF Velebit P 12;https://staticcdn.svenskfotboll.se/img/teamssm/9949.png;7;0-0;Kobbegården 1 Konstgräs;Kobbegården;Stora Åvägen 1, 436 34 Askim;Y;57.639723;11.944383;Göteborg;football
8;2026-10-10;14:00;133920;Division 5 Herr Södra Halland;2;4;6526942;5;/go-to/?fmid=6526942;Kornhult/Hishult FF;https://staticcdn.svenskfotboll.se/img/teamssm/7413.png;8;HGH FC;https://staticcdn.svenskfotboll.se/img/teamssm/9516.png;8;0-0;Kornhults IP A;Kornhults IP;KORNHULTSVÄGEN 28, 310 21 Hishult;Y;56.433069;13.390244;Halland;football
8;2026-10-10;14:00;133920;Division 5 Herr Södra Halland;2;4;6526939;5;/go-to/?fmid=6526939;Lilla Tjärby IK;https://staticcdn.svenskfotboll.se/img/teamssm/10750.png;8;Andersbergs IK;https://staticcdn.svenskfotboll.se/img/teamssm/6845.png;8;0-0;L:a Tjärby IP A;L:a Tjärby IP;Fridhemsvägen 54, 312 35 Laholm;Y;56.530665;13.062072;Halland;football
1;2026-10-10;14:00;131959;Div 2 Västra Götaland, herr 2026;2;4;6547602;5;/go-to/?fmid=6547602;Landvetter IS;https://staticcdn.svenskfotboll.se/img/teamssm/10768.png;7;BK Astrio;https://staticcdn.svenskfotboll.se/img/teamssm/9529.png;8;0-0;Landvetter IP A-plan;Landvetter IP;Tahultsvägen 60, 438 35 Landvetter;Y;57.702382;12.203031;1;football
7;2026-10-10;14:00;133764;Flickor 2012-2013 Liten 9M9 Lätt Gr. B Höst;3;3;6828252;5;/go-to/?fmid=6828252;Backatorp IF RÖD;https://staticcdn.svenskfotboll.se/img/teamssm/11915.png;7;Hovås Billdal IF 2013;https://staticcdn.svenskfotboll.se/img/teamssm/11109.png;7;0-0;Lillhagsplan 12;Lillhagsplan;Lillhagsvägen, 422 57 Hisings Backa;Y;57.763300;11.956822;Göteborg;football
8;2026-10-10;14:00;133921;Division 6 Herr Norra Halland;2;4;6534917;5;/go-to/?fmid=6534917;Löftadalens IF;https://staticcdn.svenskfotboll.se/img/teamssm/10681.png;8;Vessigebro BK;https://staticcdn.svenskfotboll.se/img/teamssm/9940.png;8;0-0;Löftavallen;Löftavallen;Löftavallsvägen 60, 439 64 Frillesås;Y;57.376004;12.299378;Halland;football
7;2026-10-10;14:00;133198;Division 5A Dam;3;4;6534020;5;/go-to/?fmid=6534020;Romelanda UF/KIS/KIF;https://staticcdn.svenskfotboll.se/img/teamssm/10427.png;7;Hjuviks AIK;https://staticcdn.svenskfotboll.se/img/teamssm/8330.png;7;0-0;Romevi 3 Konstgräs;Romevi;Hög 130, 442 92 Romelanda;Y;57.937642;12.038425;Göteborg;football
8;2026-10-10;14:00;133920;Division 5 Herr Södra Halland;2;4;6526941;5;/go-to/?fmid=6526941;Sennans IF;https://staticcdn.svenskfotboll.se/img/teamssm/9495.png;8;Alets IK;https://staticcdn.svenskfotboll.se/img/teamssm/9531.png;8;0-0;Sennans IP;Sennans IP;Sennans idrottsplats, Oskarströmsvägen, Sten, Sennan, Halmstads kommun, Hallands län, 313 02, Sverige;Y;56.765606;12.978225;Halland;football
1;2026-10-10;14:00;131957;Div 2 Norra Götaland, herr 2026;2;4;6547417;5;/go-to/?fmid=6547417;Ahlafors IF;https://staticcdn.svenskfotboll.se/img/teamssm/11662.png;7;Stenungsunds IF;https://staticcdn.svenskfotboll.se/img/teamssm/10236.png;28;0-0;Svenska Stenhus Arena 1 Gräs;Sjövallen IP;Sjövallavägen 111, 449 50 Alafors;Y;57.915942;12.107763;1;football
7;2026-10-10;14:00;133662;Pojkar 2015(11 år) Grupp H Höst;2;2;6846397;5;/go-to/?fmid=6846397;BK Häcken Röd;https://staticcdn.svenskfotboll.se/img/teamssm/11080.png;7;Kärra KIF Gul;https://staticcdn.svenskfotboll.se/img/teamssm/10780.png;7;-1--1;Slättadamm 3 konstgräs;Slättadamm;Slättadammsgatan 6, 417 25 Göteborg;Y;57.730565;11.927705;Göteborg;football
8;2026-10-10;14:00;133920;Division 5 Herr Södra Halland;2;4;6526940;5;/go-to/?fmid=6526940;Slöinge GOIF;https://staticcdn.svenskfotboll.se/img/teamssm/9491.png;8;Snöstorp Nyhem FF;https://staticcdn.svenskfotboll.se/img/teamssm/7704.png;8;0-0;Slöinge IP A;Slöinge IP;Slöinge idrottsplats, Idrottsvägen, Slöinge, Falkenbergs kommun, Hallands län, 311 68, Sverige;Y;56.855624;12.703541;Halland;football
7;2026-10-10;14:00;133586;Pojkar 2012(14 år) Svår Grupp A;2;3;6622107;5;/go-to/?fmid=6622107;Torslanda IK Lag 1;https://staticcdn.svenskfotboll.se/img/teamssm/10068.png;7;Örgryte IS Fotboll Akademi;https://staticcdn.svenskfotboll.se/img/teamssm/12910.png;7;0-0;Torslandavallen 2 Konstgräs;Torslandavallen;Torslanda Idrottsväg 17, 423 32 Torslanda;Y;57.718280;11.757490;Göteborg;football
8;2026-10-10;14:00;133921;Division 6 Herr Norra Halland;2;4;6534920;5;/go-to/?fmid=6534920;Kung Karl Bollklubb;https://staticcdn.svenskfotboll.se/img/teamssm/6593.png;8;HÅ FF;https://staticcdn.svenskfotboll.se/img/teamssm/7883.png;8;0-0;Torsvalla IP A;Torsvalla IP;Torsvalla IP, 519 93 Kungsäter;Y;57.264549;12.563425;Halland;football
8;2026-10-10;14:00;133920;Division 5 Herr Södra Halland;2;4;6526943;5;/go-to/?fmid=6526943;Trönninge IF;https://staticcdn.svenskfotboll.se/img/teamssm/9484.png;8;Sperlingsholms IF;https://staticcdn.svenskfotboll.se/img/teamssm/9489.png;8;0-0;Tuvasvallen A;Tuvasvallen;Tuvasvägen 3, 302 65 Halmstad;Y;56.615975;12.931638;Halland;football
1;2026-10-10;14:00;129332;P19 Div.1 2026 Norra Götaland;2;3;6583464;5;/go-to/?fmid=6583464;Tidaholms GoIF;https://staticcdn.svenskfotboll.se/img/teamssm/10095.png;21;Landvetter IS;https://staticcdn.svenskfotboll.se/img/teamssm/10768.png;7;0-0;Ulvesborg A-plan;Ulvesborg;Ulvesborg, Rudbecksgatan, Tidaholm, Tidaholms kommun, Västra Götalands län, 522 32, Sverige;Y;58.185144;13.952054;1;football
7;2026-10-10;14:00;133581;Pojkar 2011(15 år) Medel Grupp C;2;3;6608202;5;/go-to/?fmid=6608202;IF Mölndal Fotboll Vit;https://staticcdn.svenskfotboll.se/img/teamssm/9569.png;7;Kungsladugårds BK P11 2;https://staticcdn.svenskfotboll.se/img/teamssm/10799.png;7;0-0;Åbyvallen 2 Konstgräs;Åbyvallen;Idrottsvägen 5, 431 62 Mölndal;Y;57.645363;12.002082;Göteborg;football
7;2026-10-10;14:00;133584;Pojkar 2012(14 år) Medel Grupp D;2;3;6621610;5;/go-to/?fmid=6621610;Näsets SK P2012 -1 Näsets SK P2012 - Röd;https://staticcdn.svenskfotboll.se/img/teamssm/10510.png;7;Hönö IS Röd;https://staticcdn.svenskfotboll.se/img/teamssm/11038.png;7;0-0;Näset Yuncture Arena;Åkeredsvallen;Bergsätersgatan 1, 421 66 Västra Frölunda;Y;57.631456;11.900982;Göteborg;football
8;2026-10-10;14:00;136282;Division 4 Dam Halland;3;4;6612644;5;/go-to/?fmid=6612644;Lilla Träslövs FF;https://staticcdn.svenskfotboll.se/img/teamssm/9502.png;8;Kornhult/Hishult FF;https://staticcdn.svenskfotboll.se/img/teamssm/7413.png;8;0-0;Östervi A;Östervi;Östervi Idrottsplats, Engelbrektsgatan, Karlberg, Prästkullen, Varberg, Varbergs kommun, Hallands län, 432 31, Sverige;Y;57.104636;12.282999;Halland;football
7;2026-10-10;14:15;133154;Division 6C Herr;2;4;6533495;5;/go-to/?fmid=6533495;Önnereds IK;https://staticcdn.svenskfotboll.se/img/teamssm/9765.png;7;Landala IF;https://staticcdn.svenskfotboll.se/img/teamssm/7353.png;7;0-0;Apelsinplan 2 Konstgräs;Apelsinplan;Apelsingatan 6, 426 54 Västra Frölunda;Y;57.655054;11.882940;Göteborg;football
7;2026-10-10;14:15;133161;Division 4B Dam;3;4;6533897;5;/go-to/?fmid=6533897;Sävedalens IF (B);https://staticcdn.svenskfotboll.se/img/teamssm/9545.png;7;HBH Hönö/Björkö;https://staticcdn.svenskfotboll.se/img/teamssm/11038.png;7;0-0;Furulundsplan 1 Konstgräs;Furulundsplan;Furulundsplan, Timmervägen, 433 47 Partille;Y;57.727253;12.129716;Göteborg;football
7;2026-10-10;14:15;133837;Flickor 2017(9 år) Hisingen Grupp A Höst;3;2;6831738;5;/go-to/?fmid=6831738;BK Häcken F2017 lag 4 Röd;https://staticcdn.svenskfotboll.se/img/teamssm/11080.png;7;Hönö IS F17;https://staticcdn.svenskfotboll.se/img/teamssm/11038.png;7;-1--1;Färjenäsplan 11:2;Färjenäsplan;Pölsebogatan, 417 67 Göteborg;Y;57.697441;11.901198;Göteborg;football
7;2026-10-10;14:15;138256;Junior Flickor Div 2 Höst;3;3;6827532;5;/go-to/?fmid=6827532;Qviding FIF F19;https://staticcdn.svenskfotboll.se/img/teamssm/8089.png;7;Landvetter IF 2003;https://staticcdn.svenskfotboll.se/img/teamssm/6789.png;7;0-0;Härlanda Park 1 Konstgräs;Härlanda Park;Härlanda Park 6B, 416 52 Göteborg;Y;57.716492;12.017055;Göteborg;football
7;2026-10-10;14:15;133161;Division 4B Dam;3;4;6533899;5;/go-to/?fmid=6533899;Jonsereds IF;https://staticcdn.svenskfotboll.se/img/teamssm/9595.png;7;Ahlafors IF;https://staticcdn.svenskfotboll.se/img/teamssm/11662.png;7;0-0;Jonsereds IP 1 Konstgräs;Jonsereds IP;Jons väg 23, 433 75 Jonsered;Y;57.746215;12.169063;Göteborg;football
7;2026-10-10;14:15;133161;Division 4B Dam;3;4;6533895;5;/go-to/?fmid=6533895;Kärra kif;https://staticcdn.svenskfotboll.se/img/teamssm/10780.png;7;IK Zenith (B);https://staticcdn.svenskfotboll.se/img/teamssm/9829.png;7;0-0;Klarebergsvallen 2 Konstgräs;Klarebergsvallen;Burmans Gata 3, 425 33 Hisings Kärra;Y;57.798761;11.987168;Göteborg;football
7;2026-10-10;14:15;133157;Division 7C Herr;2;4;6534581;5;/go-to/?fmid=6534581;KIF Bosna Ljiljan;https://staticcdn.svenskfotboll.se/img/teamssm/7663.png;7;IK Zenith FF;https://staticcdn.svenskfotboll.se/img/teamssm/13708.png;7;0-0;Länsmansgårdens IP 2 Konstgräs;Länsmansgårdens IP;Temperaturgatan 76, 418 41 Göteborg;Y;57.730616;11.886442;Göteborg;football
7;2026-10-10;14:15;133161;Division 4B Dam;3;4;6533898;5;/go-to/?fmid=6533898;Göteborgs FF (B);https://staticcdn.svenskfotboll.se/img/teamssm/11217.png;7;Lerums IS;https://staticcdn.svenskfotboll.se/img/teamssm/10756.png;7;0-0;Majvallen 1 Konstgräs;Majvallen;Ekedalsgatan 20, 414 68 Göteborg;Y;57.689370;11.936171;Göteborg;football
7;2026-10-10;14:15;133762;Flickor 2012-2013 Stor 9M9 Lätt Gr. B Höst;3;3;6828102;5;/go-to/?fmid=6828102;BK Häcken Gul;https://staticcdn.svenskfotboll.se/img/teamssm/11080.png;7;Sävedalens IF Röd;https://staticcdn.svenskfotboll.se/img/teamssm/9545.png;7;0-0;Slättadamm 2 konstgräs;Slättadamm;Slättadammsgatan 6, 417 25 Göteborg;Y;57.730565;11.927705;Göteborg;football
7;2026-10-10;14:15;133161;Division 4B Dam;3;4;6533894;5;/go-to/?fmid=6533894;Ytterby IS (B);https://staticcdn.svenskfotboll.se/img/teamssm/9832.png;7;Ösets BK;https://staticcdn.svenskfotboll.se/img/teamssm/9533.png;7;0-0;Ytterns IP 2 Gräs;Ytterns IP;Ytterby, 442 40 Kungälv;Y;57.869280;11.935196;Göteborg;football
7;2026-10-10;14:15;133744;Flickor 2010-2011 Lätt Grupp A;3;3;6585032;5;/go-to/?fmid=6585032;Öjersjö IF;https://staticcdn.svenskfotboll.se/img/teamssm/7552.png;7;Ahlafors/Surte;https://staticcdn.svenskfotboll.se/img/teamssm/11662.png;7;0-0;Öjersjö IP 1 Konstgräs;Öjersjö IP;Tallmossevägen 9, 433 50 Öjersjö;Y;57.702889;12.149245;Göteborg;football
7;2026-10-10;14:30;135627;Träningsmatcher Futsal Herr;2;4;6920590;5;/go-to/?fmid=6920590;GAIS Futsal;https://staticcdn.svenskfotboll.se/img/teamssm/12860.png;7;Trandareds IF;https://staticcdn.svenskfotboll.se/img/teamssm/13677.png;21;0-0;Kvibergs Parks idrottsområde Sporthall B;;;N;;;Göteborg;football
7;2026-10-10;14:30;133638;Pojkar 2014(12 år) Grupp J Höst;2;2;6838040;5;/go-to/?fmid=6838040;Kungsladugårds BK Grön;https://staticcdn.svenskfotboll.se/img/teamssm/10799.png;7;IK Kongahälla Röd;https://staticcdn.svenskfotboll.se/img/teamssm/9590.png;7;-1--1;Sjöbaren Arena;Apelsinplan;Apelsingatan 6, 426 54 Västra Frölunda;Y;57.655054;11.882940;Göteborg;football
1;2026-10-10;14:30;129334;P19 Allsvenskan 2026;2;3;6564016;5;/go-to/?fmid=6564016;BK Häcken;https://staticcdn.svenskfotboll.se/img/teamssm/11080.png;7;IK Sirius FK;https://staticcdn.svenskfotboll.se/img/teamssm/7884.png;18;0-0;Gothia Park konstgräs;Gothia Park;Entreprenadvägen 6, 417 05 Göteborg;Y;57.740380;11.947473;1;football
7;2026-10-10;14:30;133523;Junior Pojkar Div 3;2;3;6543146;5;/go-to/?fmid=6543146;Hönö/Fotö;https://staticcdn.svenskfotboll.se/img/teamssm/11038.png;7;Fässbergs IF U17;https://staticcdn.svenskfotboll.se/img/teamssm/9620.png;7;0-0;Hönö Arena 1;Hönö Arena;Lindblomsvägen 30, 475 42 Hönö;Y;57.687870;11.652948;Göteborg;football
7;2026-10-10;14:30;133155;Division 7A Herr;2;4;6533625;5;/go-to/?fmid=6533625;Vrångö IF;https://staticcdn.svenskfotboll.se/img/teamssm/9537.png;7;Balltorps FF;https://staticcdn.svenskfotboll.se/img/teamssm/8047.png;7;0-0;Vrångö 1 Gräs;Vrångö;Gyssebergsvägen, 430 83 Vrångö;Y;57.577131;11.786292;Göteborg;football
7;2026-10-10;14:30;133742;Flickor 2011 Regional;3;3;6597831;5;/go-to/?fmid=6597831;Örgryte IS Fotboll F2011;https://staticcdn.svenskfotboll.se/img/teamssm/12910.png;7;IF Elfsborg F15;https://staticcdn.svenskfotboll.se/img/teamssm/11429.png;21;0-0;Hammarviken Arena;ÖIS-gården;Korndalsvägen 3, 412 76 Göteborg;Y;57.675233;12.028495;Göteborg;football
7;2026-10-10;14:45;133706;Pojkar 2017(9 år) Hisingen+Öckerö Grupp B Höst;2;2;6848426;5;/go-to/?fmid=6848426;Hjuviks AIK P2017 Vit;https://staticcdn.svenskfotboll.se/img/teamssm/8330.png;7;Finlandia Pallo AIF Röd;https://staticcdn.svenskfotboll.se/img/teamssm/7939.png;7;-1--1;21:47 Arena 11;Hästevik;Torslanda Hästeviks väg, 423 41 Torslanda;Y;57.718779;11.721591;Göteborg;football
21;2026-10-10;15:00;138104;Herrar P35 Motion Skara;2;5;6818085;5;/go-to/?fmid=6818085;Falköpings FK;https://staticcdn.svenskfotboll.se/img/teamssm/7983.png;21;Skövde AIK;https://staticcdn.svenskfotboll.se/img/teamssm/10281.png;21;0-0;Ållevi Konstgräs;;;N;;;Västergötland;football
1;2026-10-10;15:00;138291;SFL (herr) 2026/27;2;4;6859717;5;/go-to/?fmid=6859717;FC Ljiljan;https://staticcdn.svenskfotboll.se/img/teamssm/13057.png;7;Skoftebyns IF;https://staticcdn.svenskfotboll.se/img/teamssm/8653.png;21;0-0;Mölnlycke Idrottshall A-hall;;;N;;;1;football
7;2026-10-10;15:00;138261;Pojkar 2013(13 år) Höst Medel Grupp F;2;3;6828964;5;/go-to/?fmid=6828964;Bergsjö IF P2013;https://staticcdn.svenskfotboll.se/img/teamssm/11586.png;7;Eriksbergs IF 2;https://staticcdn.svenskfotboll.se/img/teamssm/9629.png;7;0-0;Bergsjövallen 22 Konstgräs;Bergsjövallen;Sjustjärnan 20, 415 51 Göteborg;Y;57.750377;12.057010;Göteborg;football
7;2026-10-10;15:00;133611;Pojkar 2013(13 år) Höst Medel Grupp E;2;3;6828903;5;/go-to/?fmid=6828903;Södra Skärgårdens IK(SSIK)/Donsö I.S/Styrsö BK/Vrångö IF;https://staticcdn.svenskfotboll.se/img/teamssm/9631.png;7;Öjersjö IF 2;https://staticcdn.svenskfotboll.se/img/teamssm/7552.png;7;0-0;Donsövallen 12;Donsövallen;Donsövallen, Lurkenvägen 2, 430 82 Donsö;Y;57.605163;11.805907;Göteborg;football
7;2026-10-10;15:00;133678;Pojkar 2016(10 år) Grupp B Höst;2;2;6842044;5;/go-to/?fmid=6842044;Donsö IS SSIK/Styrsö BK SBK/SSIK P 2016;https://staticcdn.svenskfotboll.se/img/teamssm/9631.png;7;Björndammens BK;https://staticcdn.svenskfotboll.se/img/teamssm/9638.png;7;-1--1;Donsövallen 11;Donsövallen;Donsövallen, Lurkenvägen 2, 430 82 Donsö;Y;57.605163;11.805907;Göteborg;football
1;2026-10-10;15:00;133348;Allsvenskan 2026;2;4;6530008;5;/go-to/?fmid=6530008;GAIS;https://staticcdn.svenskfotboll.se/img/teamssm/9614.png;7;IK Sirius FK;https://staticcdn.svenskfotboll.se/img/teamssm/7884.png;18;0-0;Gamla Ullevi;Gamla Ullevi;Ullevigatan 5, 411 39 Göteborg;Y;57.706411;11.980905;1;football
1;2026-10-10;15:00;129334;P19 Allsvenskan 2026;2;3;6563939;5;/go-to/?fmid=6563939;Halmstads BK;https://staticcdn.svenskfotboll.se/img/teamssm/9517.png;8;Västerås SK FK;https://staticcdn.svenskfotboll.se/img/teamssm/7998.png;22;0-0;Halmstad Arena P2;Halmstad Arena;Kristinehedsvägen 4B, 302 44 Halmstad;Y;56.675943;12.888513;1;football
7;2026-10-10;15:00;133617;Pojkar 2013(13 år) Höst Lätt Grupp D;2;3;6828598;5;/go-to/?fmid=6828598;IK Zenith Vit;https://staticcdn.svenskfotboll.se/img/teamssm/9829.png;7;Torslanda IK Röd;https://staticcdn.svenskfotboll.se/img/teamssm/10068.png;7;0-0;Hovgårdsvallen 3 Konstgräs (Masterservice planen);Hovgårdsvallen;Gamla Lillebyvägen 1, 432 00 Torslanda;Y;57.751235;11.827376;Göteborg;football
7;2026-10-10;15:00;133117;Träningsmatcher Ungdomar Göteborg Pojk;2;3;6920450;5;/go-to/?fmid=6920450;Masthuggets BK Rödsvart;https://staticcdn.svenskfotboll.se/img/teamssm/10643.png;7;Dalen/Krokslätts FF Blå;https://staticcdn.svenskfotboll.se/img/teamssm/9632.png;7;0-0;Karl Johans Torg Konstgräs 9M9;Karl Johans Torg;Karl Johanstorget 1, 414 61 Göteborg;Y;57.694518;11.929255;Göteborg;football
21;2026-10-10;15:00;136507;Pojkar Div 1 19+ Västergötland;2;3;6707929;5;/go-to/?fmid=6707929;Ulricehamns IFK;https://staticcdn.svenskfotboll.se/img/teamssm/7738.png;21;Bergdalens IK;https://staticcdn.svenskfotboll.se/img/teamssm/11592.png;21;0-0;Lassalyckan A-plan konstgräs;Lassalyckan;Lassalyckan, Ulricehamns distrikt, Ulricehamn, Ulricehamns kommun, Västra Götalands län, 523 33, Sverige;Y;57.785778;13.436509;Västergötland;football
7;2026-10-10;15:15;133582;Pojkar 2012(14 år) Svår Grupp B;2;3;6622259;5;/go-to/?fmid=6622259;IK Zenith Grön;https://staticcdn.svenskfotboll.se/img/teamssm/9829.png;7;Götaholms BK P2012 Vit;https://staticcdn.svenskfotboll.se/img/teamssm/9615.png;7;0-0;Hovgårdsvallen 2 Konstgräs (Bjurforsplanen);Hovgårdsvallen;Gamla Lillebyvägen 1, 432 00 Torslanda;Y;57.751235;11.827376;Göteborg;football
7;2026-10-10;15:30;136376;Pojkar 2012(14 år) Grund;2;3;6621670;5;/go-to/?fmid=6621670;Mölnlycke IF P12 Svart;https://staticcdn.svenskfotboll.se/img/teamssm/10594.png;7;Lerums IS Lila;https://staticcdn.svenskfotboll.se/img/teamssm/10756.png;7;0-0;Djupedalsplan B Konstgräs;Djupedals IP;Djupedals Ip, Rullstensvägen 1, 435 41 Mölnlycke;Y;57.652820;12.126316;Göteborg;football
7;2026-10-10;15:30;133782;Flickor 2014(12 år) Grupp E Höst;3;2;6836090;5;/go-to/?fmid=6836090;Sandarna BK Svart;https://staticcdn.svenskfotboll.se/img/teamssm/10367.png;7;Azalea BK Orange;https://staticcdn.svenskfotboll.se/img/teamssm/7817.png;7;-1--1;Gröna Vallen 11;Gröna Vallen;Gröna Vallen, Svanebäcksgatan 16, 414 71 Göteborg;Y;57.687961;11.917564;Göteborg;football
7;2026-10-10;15:30;133798;Flickor 2015(11 år) Grupp D Höst;3;2;6840672;5;/go-to/?fmid=6840672;Hönö IS F15 HBH Svart;https://staticcdn.svenskfotboll.se/img/teamssm/11038.png;7;Hjuviks AIK F15 Blå;https://staticcdn.svenskfotboll.se/img/teamssm/8330.png;7;-1--1;Hönö Arena 22;Hönö Arena;Lindblomsvägen 30, 475 42 Hönö;Y;57.687870;11.652948;Göteborg;football
8;2026-10-10;15:30;136113;P15-kval;2;3;6594039;5;/go-to/?fmid=6594039;Onsala BK;https://staticcdn.svenskfotboll.se/img/teamssm/10495.png;8;Skottorps IF;https://staticcdn.svenskfotboll.se/img/teamssm/10302.png;8;0-0;Kaparevallen;Kaparevallen;Håkullavägen 43, 439 91 Onsala;Y;57.414147;12.014084;Halland;football
1;2026-10-10;15:30;133302;F17 Allsvenskan Södra 2026;3;3;6577274;5;/go-to/?fmid=6577274;Halmstads BK;https://staticcdn.svenskfotboll.se/img/teamssm/9517.png;8;BK Häcken FF;https://staticcdn.svenskfotboll.se/img/teamssm/9584.png;7;0-0;Skedalaheds IP 3;Skedalaheds IP;Skedalahed 114, 305 93 Halmstad;Y;56.686715;12.945246;1;football
7;2026-10-10;15:30;133662;Pojkar 2015(11 år) Grupp H Höst;2;2;6846396;5;/go-to/?fmid=6846396;BK Häcken P2015 lag 3 Vit;https://staticcdn.svenskfotboll.se/img/teamssm/11080.png;7;Kärra KIF Blå;https://staticcdn.svenskfotboll.se/img/teamssm/10780.png;7;-1--1;Slättadamm 3 konstgräs;Slättadamm;Slättadammsgatan 6, 417 25 Göteborg;Y;57.730565;11.927705;Göteborg;football
7;2026-10-10;15:30;133767;Flickor 2012-2013 Stor 9M9 Lätt Gr. C Höst;3;3;6828059;5;/go-to/?fmid=6828059;Näsets SK Röd;https://staticcdn.svenskfotboll.se/img/teamssm/10510.png;7;Ytterby IS Röd F2012;https://staticcdn.svenskfotboll.se/img/teamssm/9832.png;7;0-0;Näset Yuncture Arena;Åkeredsvallen;Bergsätersgatan 1, 421 66 Västra Frölunda;Y;57.631456;11.900982;Göteborg;football
7;2026-10-10;15:45;133608;Pojkar 2013(13 år) Höst Medel Grupp A;2;3;6828688;5;/go-to/?fmid=6828688;IK Kongahälla Vit;https://staticcdn.svenskfotboll.se/img/teamssm/9590.png;7;Hovås Billdal IF Röd;https://staticcdn.svenskfotboll.se/img/teamssm/11109.png;7;0-0;Munkegärdesplan Konstgräs;Munkegärdesplan;Räfsalsvägen 11, 442 42 Kungälv;Y;57.890004;11.967916;Göteborg;football
7;2026-10-10;16:00;133632;Pojkar 2014(12 år) Grupp D Höst;2;2;6837620;5;/go-to/?fmid=6837620;Askims IK P2014 U12 Grå;https://staticcdn.svenskfotboll.se/img/teamssm/11617.png;7;Kungsladugårds BK Gul;https://staticcdn.svenskfotboll.se/img/teamssm/10799.png;7;-1--1;Sjöbaren Arena;Apelsinplan;Apelsingatan 6, 426 54 Västra Frölunda;Y;57.655054;11.882940;Göteborg;football
7;2026-10-10;16:00;136461;Fotbollsligan 7M7 Herr Höst GrpB;2;5;6829513;5;/go-to/?fmid=6829513;FC Tigers (A);https://staticcdn.svenskfotboll.se/img/teamssm/14826.png;7;Club América FF;https://staticcdn.svenskfotboll.se/img/teamssm/13314.png;7;0-0;Färjenäsplan;Färjenäsplan;Pölsebogatan, 417 67 Göteborg;Y;57.697441;11.901198;Göteborg;football
7;2026-10-10;16:00;133615;Pojkar 2013(13 år) Höst Lätt Grupp B;2;3;6828506;5;/go-to/?fmid=6828506;Hovås Billdal IF Vit;https://staticcdn.svenskfotboll.se/img/teamssm/11109.png;7;SG Ruddalen IF Grön;https://staticcdn.svenskfotboll.se/img/teamssm/11284.png;7;0-0;Hovås Billdal Arena 11 Konstgräs;Hovås Billdal Arena;Kruniusvägen, 427 36 Billdal;Y;57.589555;11.946909;Göteborg;football
7;2026-10-10;16:00;133611;Pojkar 2013(13 år) Höst Medel Grupp E;2;3;6828901;5;/go-to/?fmid=6828901;Hovås Billdal IF Blå;https://staticcdn.svenskfotboll.se/img/teamssm/11109.png;7;Älvsborg FF Vit;https://staticcdn.svenskfotboll.se/img/teamssm/9622.png;7;0-0;Hovås Billdal Arena 12 Konstgräs;Hovås Billdal Arena;Kruniusvägen, 427 36 Billdal;Y;57.589555;11.946909;Göteborg;football
7;2026-10-10;16:00;133766;Flickor 2012-2013 Stor 9M9 Lätt Gr. A Höst;3;3;6828149;5;/go-to/?fmid=6828149;Hjuviks AIK Vit F13;https://staticcdn.svenskfotboll.se/img/teamssm/8330.png;7;BK Häcken Röd;https://staticcdn.svenskfotboll.se/img/teamssm/11080.png;7;0-0;21:47 Arena 1;Hästevik;Torslanda Hästeviks väg, 423 41 Torslanda;Y;57.718779;11.721591;Göteborg;football
7;2026-10-10;16:00;133441;Junior Pojkar Div 1;2;3;6538238;5;/go-to/?fmid=6538238;Jonsereds IF 1;https://staticcdn.svenskfotboll.se/img/teamssm/9595.png;7;Sävedalens IF;https://staticcdn.svenskfotboll.se/img/teamssm/9545.png;7;0-0;Jonsereds IP 1 Konstgräs;Jonsereds IP;Jons väg 23, 433 75 Jonsered;Y;57.746215;12.169063;Göteborg;football
1;2026-10-10;16:00;131959;Div 2 Västra Götaland, herr 2026;2;4;6547604;5;/go-to/?fmid=6547604;Onsala BK;https://staticcdn.svenskfotboll.se/img/teamssm/10495.png;8;Åstorps FF;https://staticcdn.svenskfotboll.se/img/teamssm/7360.png;14;0-0;Rydets IP A konstgräs;Rydets IP;Gathes väg 108, 439 36 Onsala;Y;57.396260;11.997052;1;football
7;2026-10-10;16:00;138259;Pojkar 2013(13 år) Höst Lätt Grupp E;2;3;6828643;5;/go-to/?fmid=6828643;BK Häcken Gul;https://staticcdn.svenskfotboll.se/img/teamssm/11080.png;7;Mölnlycke IF Grön;https://staticcdn.svenskfotboll.se/img/teamssm/10594.png;7;0-0;Slättadamm 22 konstgräs;Slättadamm;Slättadammsgatan 6, 417 25 Göteborg;Y;57.730565;11.927705;Göteborg;football
1;2026-10-10;16:00;138412;P17 Div.1 2026 B-slutspel Nordöstra Götaland;2;3;6911967;5;/go-to/?fmid=6911967;IFK Skövde FK;https://staticcdn.svenskfotboll.se/img/teamssm/7848.png;21;Smedby AIS;https://staticcdn.svenskfotboll.se/img/teamssm/10276.png;24;0-0;Södermalms IP A;Södermalms IP;Södermalms idrottsplats, Skaraborgsgatan, Södermalm, Skövde, Skövde kommun, Västra Götalands län, 541 52, Sverige;Y;58.378431;13.840427;1;football
8;2026-10-10;16:00;139568;P13år Blå B Höst;2;3;6893953;5;/go-to/?fmid=6893953;BK Astrio Gul;https://staticcdn.svenskfotboll.se/img/teamssm/9529.png;8;Särö Kullavik IF Blå;https://staticcdn.svenskfotboll.se/img/teamssm/9496.png;8;0-0;Söndrums IP konstgräs;Söndrums IP;Söndrums Idrottsplats, Bäckagårdsvägen, Pålsbo, Bäckagård, Halmstad, Halmstads kommun, Hallands län, 302 91, Sverige;Y;56.670271;12.797138;Halland;football
8;2026-10-10;16:00;139571;P13år Röd A Höst;2;3;6898510;5;/go-to/?fmid=6898510;Tölö IF Grön;https://staticcdn.svenskfotboll.se/img/teamssm/10015.png;8;IFK Fjärås Röd;https://staticcdn.svenskfotboll.se/img/teamssm/9511.png;8;0-0;Tingbergsvallen B;Tingbergsvallen;Borgmästaregatan 12, 434 32 Kungsbacka;Y;57.491213;12.068723;Halland;football
7;2026-10-10;16:15;133762;Flickor 2012-2013 Stor 9M9 Lätt Gr. B Höst;3;3;6828106;5;/go-to/?fmid=6828106;Azalea BK F12;https://staticcdn.svenskfotboll.se/img/teamssm/7817.png;7;Öjersjö IF F12/13 Vit;https://staticcdn.svenskfotboll.se/img/teamssm/7552.png;7;0-0;Heden 4 Konstgräs;Heden;Heden, 411 38 Göteborg;Y;57.702854;11.978368;Göteborg;football
7;2026-10-10;16:15;133156;Division 7B Herr;2;4;6534425;5;/go-to/?fmid=6534425;Kairaba IF;https://staticcdn.svenskfotboll.se/img/teamssm/14795.png;7;Gothenburg Celtic FC;https://staticcdn.svenskfotboll.se/img/teamssm/12216.png;7;0-0;Kviberg 9 KG;Kviberg;Luftvärnsvägen, 415 06 Göteborg;Y;57.737550;12.038540;Göteborg;football
7;2026-10-10;16:30;133588;Pojkar 2012(14 år) Medel Grupp C;2;3;6621471;5;/go-to/?fmid=6621471;Utbynäs SK Blå;https://staticcdn.svenskfotboll.se/img/teamssm/9983.png;7;Lerums IS Röd;https://staticcdn.svenskfotboll.se/img/teamssm/10756.png;7;0-0;Lemmingvallen 2 Konstgräs;Lemmingvallen;Lemmingsgatan 5, 415 07 Göteborg;Y;57.734850;12.052148;Göteborg;football
7;2026-10-10;16:45;133782;Flickor 2014(12 år) Grupp E Höst;3;2;6836093;5;/go-to/?fmid=6836093;IK Zenith Grön;https://staticcdn.svenskfotboll.se/img/teamssm/9829.png;7;Hjuviks AIK F14 Vit;https://staticcdn.svenskfotboll.se/img/teamssm/8330.png;7;-1--1;Hovgårdsvallen 22 Konstgräs(Bjurforsplanen);Hovgårdsvallen;Gamla Lillebyvägen 1, 432 00 Torslanda;Y;57.751235;11.827376;Göteborg;football
1;2026-10-10;17:00;133340;Superettan 2026;2;4;6536158;5;/go-to/?fmid=6536158;Norrby IF;https://staticcdn.svenskfotboll.se/img/teamssm/10554.png;21;Östers IF;https://staticcdn.svenskfotboll.se/img/teamssm/9736.png;15;0-0;Borås Arena;Borås Arena;Borås Arena, Ålgårdsvägen 16, 506 30 Borås;Y;57.734400;12.934766;1;football
1;2026-10-10;17:00;133340;Superettan 2026;2;4;6536156;5;/go-to/?fmid=6536156;IK Oddevold;https://staticcdn.svenskfotboll.se/img/teamssm/10500.png;28;Nordic United FC;https://staticcdn.svenskfotboll.se/img/teamssm/7182.png;17;0-0;Rimnersvallen;Rimnersvallen;Rimnersvallen, Valhallavägen, Hedegärde, Uddevalla, Ramneröd, Uddevalla kommun, Västra Götalands län, 451 54, Sverige;Y;58.357058;11.949299;1;football
21;2026-10-10;17:00;136525;Flickor Div 2 Trollhättan;3;3;6715462;5;/go-to/?fmid=6715462;Råda BK Vit;https://staticcdn.svenskfotboll.se/img/teamssm/10400.png;21;Skepplanda BTK Sjövik;https://staticcdn.svenskfotboll.se/img/teamssm/10314.png;21;0-0;Rådavallen Dinaplanen konstgräs;Rådavallen;Rådavallen, Vattenledningsvägen, Råda, Råda distrikt, Lidköpings kommun, Västra Götalands län, 531 59, Sverige;Y;58.499337;13.102725;Västergötland;football
1;2026-10-10;17:00;138418;P16 Div.1 2026 B-slutspel Norra Götaland;2;3;6911938;5;/go-to/?fmid=6911938;Skara FC;https://staticcdn.svenskfotboll.se/img/teamssm/7451.png;21;Gerdskens BK;https://staticcdn.svenskfotboll.se/img/teamssm/8712.png;21;0-0;Sparbanken Arena F;Sparbanken Arena;Sparbanken Arena, E 20, Vilans fritidsområde, Skara domkyrkodistrikt, Skara, Skara kommun, Västra Götalands län, 532 37, Sverige;Y;58.388258;13.461198;1;football
7;2026-10-10;17:00;133610;Pojkar 2013(13 år) Höst Medel Grupp D;2;3;6828868;5;/go-to/?fmid=6828868;Torslanda IK Vit;https://staticcdn.svenskfotboll.se/img/teamssm/10068.png;7;IF Väster P-2013 Svart;https://staticcdn.svenskfotboll.se/img/teamssm/9861.png;7;0-0;Torslandavallen 22 Konstgräs;Torslandavallen;Torslanda Idrottsväg 17, 423 32 Torslanda;Y;57.718280;11.757490;Göteborg;football
7;2026-10-10;17:00;133682;Pojkar 2016(10 år) Grupp F Höst;2;2;6843460;5;/go-to/?fmid=6843460;Torslanda IK Ducks;https://staticcdn.svenskfotboll.se/img/teamssm/10068.png;7;Hermansby IF 2;https://staticcdn.svenskfotboll.se/img/teamssm/11150.png;7;-1--1;Torslandavallen 3 Konstgräs 7M7;Torslandavallen;Torslanda Idrottsväg 17, 423 32 Torslanda;Y;57.718280;11.757490;Göteborg;football
1;2026-10-10;17:00;131959;Div 2 Västra Götaland, herr 2026;2;4;6547601;5;/go-to/?fmid=6547601;IK Kongahälla;https://staticcdn.svenskfotboll.se/img/teamssm/9590.png;7;Qviding FIF;https://staticcdn.svenskfotboll.se/img/teamssm/8089.png;7;0-0;Ytterns IP 1 Konstgräs;Ytterns IP;Ytterby, 442 40 Kungälv;Y;57.869280;11.935196;1;football
7;2026-10-10;17:00;133614;Pojkar 2013(13 år) Höst Svår Grupp A;2;3;6828821;5;/go-to/?fmid=6828821;Örgryte IS Fotboll;https://staticcdn.svenskfotboll.se/img/teamssm/12910.png;7;Älvsborg FF Gul;https://staticcdn.svenskfotboll.se/img/teamssm/9622.png;7;0-0;Hammarviken Arena;ÖIS-gården;Korndalsvägen 3, 412 76 Göteborg;Y;57.675233;12.028495;Göteborg;football
7;2026-10-10;17:15;133760;Flickor 2012-2013 Liten 9M9 Medel Gr. A Höst;3;3;6828215;5;/go-to/?fmid=6828215;Näsets SK Svart;https://staticcdn.svenskfotboll.se/img/teamssm/10510.png;7;GAIS;https://staticcdn.svenskfotboll.se/img/teamssm/9614.png;7;0-0;Näset Yuncture Arena 11;Åkeredsvallen;Bergsätersgatan 1, 421 66 Västra Frölunda;Y;57.631456;11.900982;Göteborg;football
7;2026-10-10;18:00;133575;Pojkar 2011(15 år) Medel Grupp A;2;3;6607727;5;/go-to/?fmid=6607727;BK Häcken Gul;https://staticcdn.svenskfotboll.se/img/teamssm/11080.png;7;Tölö IF;https://staticcdn.svenskfotboll.se/img/teamssm/10015.png;8;0-0;Slättadamm 2 konstgräs;Slättadamm;Slättadammsgatan 6, 417 25 Göteborg;Y;57.730565;11.927705;Göteborg;football
21;2026-10-11;00:00;139929;Kval till SvFF:s P16 Div.1 - Grupp D;2;3;6921584;5;/go-to/?fmid=6921584;Bergdalens IK;https://staticcdn.svenskfotboll.se/img/teamssm/11592.png;21;Skene IF;https://staticcdn.svenskfotboll.se/img/teamssm/8655.png;21;0-0;Björkängsvallen, Borås, Konstgräs;Björkängsvallen;Backersgatan 10, 504 57 Borås;Y;57.727601;12.958736;Västergötland;football
7;2026-10-11;00:00;136459;Fotbollsligan 7M7 Herr Höst GrpA;2;5;6829577;5;/go-to/?fmid=6829577;Dzair FC;https://staticcdn.svenskfotboll.se/img/teamssm/14796.png;7;Eriksbergs IF;https://staticcdn.svenskfotboll.se/img/teamssm/9629.png;7;0-0;Dalens Lekfält;Dalens Lekfält;Vedbacken, 414 76 Göteborg;Y;57.681041;11.936371;Göteborg;football
7;2026-10-11;00:00;136461;Fotbollsligan 7M7 Herr Höst GrpB;2;5;6829518;5;/go-to/?fmid=6829518;SKIF Semberija;https://staticcdn.svenskfotboll.se/img/teamssm/7595.png;7;FK Borac Göteborg;https://staticcdn.svenskfotboll.se/img/teamssm/14761.png;7;0-0;Kortedalavallen 3;Kortedalavallen;Kortedala Idrottsväg 13, 415 37 Göteborg;Y;57.751830;12.040079;Göteborg;football
28;2026-10-11;00:00;136233;BDFF P10-12 Svart;2;2;6734583;3;/go-to/?fmid=6734583;IK Svane P2014;https://staticcdn.svenskfotboll.se/img/teamssm/10164.png;28;Vallens IF P2014 vit;https://staticcdn.svenskfotboll.se/img/teamssm/8496.png;28;-1--1;Svanevallen;Svanevallen;Strandvägen 2, 662 96 Svanskog;Y;59.189578;12.558816;Bohuslän-Dalsland;football
8;2026-10-11;10:00;139571;P13år Röd A Höst;2;3;6898489;5;/go-to/?fmid=6898489;Skottorps IF;https://staticcdn.svenskfotboll.se/img/teamssm/10302.png;8;Tölö IF Grön;https://staticcdn.svenskfotboll.se/img/teamssm/10015.png;8;0-0;Gröningen B3;Gröningen;Gröningens väg 1, 312 77 Skottorp;Y;56.449440;12.954590;Halland;football
7;2026-10-11;10:00;133782;Flickor 2014(12 år) Grupp E Höst;3;2;6836092;5;/go-to/?fmid=6836092;BK Häcken Gul;https://staticcdn.svenskfotboll.se/img/teamssm/11080.png;7;IF Väster Orange;https://staticcdn.svenskfotboll.se/img/teamssm/9861.png;7;-1--1;Slättadamm 3 konstgräs;Slättadamm;Slättadammsgatan 6, 417 25 Göteborg;Y;57.730565;11.927705;Göteborg;football
7;2026-10-11;10:00;133704;Pojkar 2017(9 år) Hisingen+Öckerö Grupp C;2;2;6848657;5;/go-to/?fmid=6848657;BK Häcken P2017 lag 5 Grön;https://staticcdn.svenskfotboll.se/img/teamssm/11080.png;7;IK Zenith Svart;https://staticcdn.svenskfotboll.se/img/teamssm/9829.png;7;-1--1;Slättadamm 21 konstgräs;Slättadamm;Slättadammsgatan 6, 417 25 Göteborg;Y;57.730565;11.927705;Göteborg;football
8;2026-10-11;10:00;136544;F11år Blå;3;2;6727588;5;/go-to/?fmid=6727588;BK Astrio Svart;https://staticcdn.svenskfotboll.se/img/teamssm/9529.png;8;Trönninge BK Svart;https://staticcdn.svenskfotboll.se/img/teamssm/9485.png;8;-1--1;Söndrums IP E;Söndrums IP;Söndrums Idrottsplats, Bäckagårdsvägen, Pålsbo, Bäckagård, Halmstad, Halmstads kommun, Hallands län, 302 91, Sverige;Y;56.670271;12.797138;Halland;football
7;2026-10-11;10:00;133633;Pojkar 2014(12 år) Grupp E Höst;2;2;6843146;5;/go-to/?fmid=6843146;IF Väster Orange;https://staticcdn.svenskfotboll.se/img/teamssm/9861.png;7;Romelanda UF 2;https://staticcdn.svenskfotboll.se/img/teamssm/10427.png;7;-1--1;Önneredsplan 11 Konstgräs;Önneredsplan;Ersåsgatan 2, 421 59 Västra Frölunda;Y;57.637219;11.884878;Göteborg;football
7;2026-10-11;10:30;133662;Pojkar 2015(11 år) Grupp H Höst;2;2;6846424;5;/go-to/?fmid=6846424;BK Häcken P2015 lag 3 Vit;https://staticcdn.svenskfotboll.se/img/teamssm/11080.png;7;Lundby IF Grön;https://staticcdn.svenskfotboll.se/img/teamssm/11776.png;7;-1--1;Fjärdingsplan 12 KG;Fjärdingsplan;Lantmätaregatan 21, 417 06 Göteborg;Y;57.724197;11.939560;Göteborg;football
7;2026-10-11;10:30;133662;Pojkar 2015(11 år) Grupp H Höst;2;2;6846425;5;/go-to/?fmid=6846425;BK Häcken Röd;https://staticcdn.svenskfotboll.se/img/teamssm/11080.png;7;Lundby IF Svart;https://staticcdn.svenskfotboll.se/img/teamssm/11776.png;7;-1--1;Fjärdingsplan 11 KG;Fjärdingsplan;Lantmätaregatan 21, 417 06 Göteborg;Y;57.724197;11.939560;Göteborg;football
7;2026-10-11;10:30;133657;Pojkar 2015(11 år) Grupp C Höst;2;2;6845026;5;/go-to/?fmid=6845026;Floda BoIF 1;https://staticcdn.svenskfotboll.se/img/teamssm/11366.png;7;Lerums IS P15 lila 3;https://staticcdn.svenskfotboll.se/img/teamssm/10756.png;7;-1--1;Flodala IP 4 FRAMTIDEN;Flodala IP;Skallsjö Prästväg 14, 448 31 Floda;Y;57.795503;12.346356;Göteborg;football
1;2026-10-11;10:30;138411;P17 Div.1 2026 B-slutspel Nordvästra Götaland;2;3;6912030;5;/go-to/?fmid=6912030;Utsiktens BK;https://staticcdn.svenskfotboll.se/img/teamssm/9982.png;7;Gunnilse IS;https://staticcdn.svenskfotboll.se/img/teamssm/11237.png;7;0-0;Ruddalen 3 KG;Ruddalen;Anna Östvägen 8, 426 68 Västra Frölunda;Y;57.664609;11.909282;1;football
7;2026-10-11;10:30;133590;Pojkar 2012(14 år) Lätt Grupp C;2;3;6622078;5;/go-to/?fmid=6622078;Ytterby IS Blå;https://staticcdn.svenskfotboll.se/img/teamssm/9832.png;7;Dalen/Krokslätts FF Gul;https://staticcdn.svenskfotboll.se/img/teamssm/9632.png;7;0-0;Ytterns IP 3 konstgräs;Ytterns IP;Ytterby, 442 40 Kungälv;Y;57.869280;11.935196;Göteborg;football
7;2026-10-11;10:45;133795;Flickor 2015(11 år) Grupp B Höst;3;2;6838851;5;/go-to/?fmid=6838851;Azalea BK Orange;https://staticcdn.svenskfotboll.se/img/teamssm/7817.png;7;Askims IK F2015 U11 Svart;https://staticcdn.svenskfotboll.se/img/teamssm/11617.png;7;-1--1;Karl Johans Torg 11;Karl Johans Torg;Karl Johanstorget 1, 414 61 Göteborg;Y;57.694518;11.929255;Göteborg;football
7;2026-10-11;11:00;133677;Pojkar 2016(10 år) Grupp A Höst;2;2;6841454;5;/go-to/?fmid=6841454;Hovås Billdal IF Blå 2016;https://staticcdn.svenskfotboll.se/img/teamssm/11109.png;7;Brämaregårdens FC Svart;https://staticcdn.svenskfotboll.se/img/teamssm/12563.png;7;-1--1;Billdalsvallen 1B;Billdalsvallen;Påls väg, 427 36 Göteborg;Y;57.588232;11.949791;Göteborg;football
21;2026-10-11;11:00;136523;Flickor Div 2 Borås;3;3;6715348;5;/go-to/?fmid=6715348;Brämhults IK;https://staticcdn.svenskfotboll.se/img/teamssm/8727.png;21;Byttorps IF (9:9);https://staticcdn.svenskfotboll.se/img/teamssm/11498.png;21;0-0;Brämhults IP A;Brämhults IP;Gamla Brämhultsvägen, Hässleholmen, Borås, Borås kommun, Västra Götalands län, 507 44, Sverige;Y;57.726346;12.970209;Västergötland;football
21;2026-10-11;11:00;136739;Pojkar Div 8 Ulricehamn;2;3;6724425;5;/go-to/?fmid=6724425;Brämhults IK Svart;https://staticcdn.svenskfotboll.se/img/teamssm/8727.png;21;Södra Vings IF;https://staticcdn.svenskfotboll.se/img/teamssm/10118.png;21;0-0;Brämhults IP B;Brämhults IP;Gamla Brämhultsvägen, Hässleholmen, Borås, Borås kommun, Västra Götalands län, 507 44, Sverige;Y;57.726346;12.970209;Västergötland;football
8;2026-10-11;11:00;139134;F13år Röd B Höst;3;3;6896238;5;/go-to/?fmid=6896238;IF Böljan Falkenberg Vit;https://staticcdn.svenskfotboll.se/img/teamssm/9528.png;8;Apel99;https://staticcdn.svenskfotboll.se/img/teamssm/9474.png;8;0-0;Falkenbergs IP C;Falkenbergs IP;Falkenbergs IP A, Skogsvägen, Kristineslätt, Skrea Strand, Falkenberg, Falkenbergs kommun, Hallands län, 311 45, Sverige;Y;56.897775;12.508271;Halland;football
28;2026-10-11;11:00;135696;BDFF P13-14 Grön Mellersta;2;3;6653030;5;/go-to/?fmid=6653030;Fjällbacka IK;https://staticcdn.svenskfotboll.se/img/teamssm/11373.png;28;Färgelanda IF P13;https://staticcdn.svenskfotboll.se/img/teamssm/11322.png;28;0-0;Fjällbacka IP Fjällbacka;Fjällbacka IP Fjällbacka;Fjällbacka idrottsplats, Kullenvägen, Fjällbacka, Tanums kommun, Västra Götalands län, 450 71, Sverige;Y;58.588392;11.291398;Bohuslän-Dalsland;football
8;2026-10-11;11:00;139378;P14år Röd B Höst;2;3;6887986;5;/go-to/?fmid=6887986;Frillesås FF;https://staticcdn.svenskfotboll.se/img/teamssm/9524.png;8;Stafsinge IF;https://staticcdn.svenskfotboll.se/img/teamssm/9488.png;8;0-0;Frillesås IP B;Frillesås IP;Rya industriväg 39, 439 62 Frillesås;Y;57.322466;12.184797;Halland;football
7;2026-10-11;11:00;133812;Flickor 2016(10 år) Grupp C Höst;3;2;6829955;5;/go-to/?fmid=6829955;Balltorps FF Röd;https://staticcdn.svenskfotboll.se/img/teamssm/8047.png;7;IF Väster;https://staticcdn.svenskfotboll.se/img/teamssm/9861.png;7;-1--1;Förbovallen 11;Förbovallen;Ålegårdsgatan 297, 431 50 Mölndal;Y;57.625892;12.021226;Göteborg;football
8;2026-10-11;11:00;138572;P15 Nordvästra A, höst;2;3;6888617;5;/go-to/?fmid=6888617;Skottorps IF;https://staticcdn.svenskfotboll.se/img/teamssm/10302.png;8;Råå IF vit;https://staticcdn.svenskfotboll.se/img/teamssm/9251.png;14;0-0;Gröningen A;Gröningen;Gröningens väg 1, 312 77 Skottorp;Y;56.449440;12.954590;Halland;football
7;2026-10-11;11:00;133608;Pojkar 2013(13 år) Höst Medel Grupp A;2;3;6828677;5;/go-to/?fmid=6828677;Masthuggets BK 2;https://staticcdn.svenskfotboll.se/img/teamssm/10643.png;7;Marieholm IK Röd;https://staticcdn.svenskfotboll.se/img/teamssm/13640.png;7;0-0;Heden 42 Konstgräs;Heden;Heden, 411 38 Göteborg;Y;57.702854;11.978368;Göteborg;football
21;2026-10-11;11:00;136729;Pojkar Div 8 Alingsås;2;3;6723358;5;/go-to/?fmid=6723358;Töllsjö IF;https://staticcdn.svenskfotboll.se/img/teamssm/10016.png;21;Annelunds IF;https://staticcdn.svenskfotboll.se/img/teamssm/11630.png;21;0-0;Holmängen A-plan;Holmängen;Holmängen, Hälle, Gudhems distrikt, Falköpings kommun, Västra Götalands län, 521 74, Sverige;Y;58.247006;13.570382;Västergötland;football
7;2026-10-11;11:00;133633;Pojkar 2014(12 år) Grupp E Höst;2;2;6843117;5;/go-to/?fmid=6843117;Dalen/Krokslätts FF Gul;https://staticcdn.svenskfotboll.se/img/teamssm/9632.png;7;Västra Frölunda IF Svart;https://staticcdn.svenskfotboll.se/img/teamssm/9853.png;7;-1--1;Krokslättsvallen 12;Krokslättsvallen;Krokslätts Storgata 44, 431 38 Mölndal;Y;57.671326;11.997967;Göteborg;football
28;2026-10-11;11:00;136364;BDFF P13-14 Grön Södra;2;3;6653184;5;/go-to/?fmid=6653184;Sotenäs Fotboll 13-14 år;https://staticcdn.svenskfotboll.se/img/teamssm/10801.png;28;Ödsmåls IK 12/13;https://staticcdn.svenskfotboll.se/img/teamssm/9771.png;28;0-0;Kungshamnsvallen;Kungshamnsvallen;Kungshamnsvallen, Kungsgatan, Bäckevik, Kungshamn, Sotenäs kommun, Västra Götalands län, 456 33, Sverige;Y;58.364123;11.255584;Bohuslän-Dalsland;football
7;2026-10-11;11:00;133615;Pojkar 2013(13 år) Höst Lätt Grupp B;2;3;6828509;5;/go-to/?fmid=6828509;Hermansby IF;https://staticcdn.svenskfotboll.se/img/teamssm/11150.png;7;Gunnilse IS Röd;https://staticcdn.svenskfotboll.se/img/teamssm/11237.png;7;0-0;Kärnavallen 22 Konstgräs;Kärnavallen;Lyckevägen 16, 442 70 Kärna;Y;57.848420;11.786315;Göteborg;football
7;2026-10-11;11:00;133608;Pojkar 2013(13 år) Höst Medel Grupp A;2;3;6828687;5;/go-to/?fmid=6828687;Partille IF FK Röd;https://staticcdn.svenskfotboll.se/img/teamssm/12478.png;7;Floda BoIF Rosa;https://staticcdn.svenskfotboll.se/img/teamssm/11366.png;7;0-0;Lexby 22 Konstgräs;Lexby;Lexbyvägen 4, 433 31 Partille;Y;57.745219;12.123472;Göteborg;football
8;2026-10-11;11:00;136222;P15år;2;3;6598708;5;/go-to/?fmid=6598708;Skrea IF;https://staticcdn.svenskfotboll.se/img/teamssm/9493.png;8;Lilla Träslövs FF;https://staticcdn.svenskfotboll.se/img/teamssm/9502.png;8;0-0;Skrea IP 1;Skrea IP;Skrea, Falkenbergs kommun, Hallands län, 311 70, Sverige;Y;56.888584;12.570495;Halland;football
7;2026-10-11;11:00;133591;Pojkar 2012(14 år) Lätt Grupp D;2;3;6620987;5;/go-to/?fmid=6620987;Fässbergs IF Lila;https://staticcdn.svenskfotboll.se/img/teamssm/9620.png;7;Qviding FIF 3;https://staticcdn.svenskfotboll.se/img/teamssm/8089.png;7;0-0;Åbyvallen 2 Konstgräs;Åbyvallen;Idrottsvägen 5, 431 62 Mölndal;Y;57.645363;12.002082;Göteborg;football
7;2026-10-11;11:30;133677;Pojkar 2016(10 år) Grupp A Höst;2;2;6841457;5;/go-to/?fmid=6841457;Kållered SK Blå P16;https://staticcdn.svenskfotboll.se/img/teamssm/10787.png;7;Lekstorps IF P16 Vit;https://staticcdn.svenskfotboll.se/img/teamssm/10760.png;7;-1--1;Kållered Sportcenter 11;Kållered Sportcenter;Tulebovägen 17, 428 34 Kållered;Y;57.611466;12.075548;Göteborg;football
7;2026-10-11;11:30;133677;Pojkar 2016(10 år) Grupp A Höst;2;2;6841458;5;/go-to/?fmid=6841458;Kållered SK Vit P16;https://staticcdn.svenskfotboll.se/img/teamssm/10787.png;7;Lekstorps IF P16 Grön;https://staticcdn.svenskfotboll.se/img/teamssm/10760.png;7;-1--1;Kållered Sportcenter 12;Kållered Sportcenter;Tulebovägen 17, 428 34 Kållered;Y;57.611466;12.075548;Göteborg;football
7;2026-10-11;11:30;133525;Junior Pojkar Div 2B;2;3;6542887;5;/go-to/?fmid=6542887;Lindome GIF;https://staticcdn.svenskfotboll.se/img/teamssm/10741.png;7;IF Mölndal Fotboll;https://staticcdn.svenskfotboll.se/img/teamssm/9569.png;7;0-0;Lindevi IP 1 Konstgräs;Lindevi IP;Hällesåkersvägen 5, 437 91 Lindome;Y;57.585286;12.108877;Göteborg;football
7;2026-10-11;11:30;133677;Pojkar 2016(10 år) Grupp A Höst;2;2;6841451;5;/go-to/?fmid=6841451;IK Kongahälla Vit;https://staticcdn.svenskfotboll.se/img/teamssm/9590.png;7;Ytterby IS P2016 Blå Ytterby IS P2016 Blå;https://staticcdn.svenskfotboll.se/img/teamssm/9832.png;7;-1--1;Munkegärdesplan 21 Konstgräs;Munkegärdesplan;Räfsalsvägen 11, 442 42 Kungälv;Y;57.890004;11.967916;Göteborg;football
7;2026-10-11;11:30;133677;Pojkar 2016(10 år) Grupp A Höst;2;2;6841452;5;/go-to/?fmid=6841452;IK Kongahälla Röd;https://staticcdn.svenskfotboll.se/img/teamssm/9590.png;7;Ytterby IS P2016 Röd Ytterby IS P2016 Röd;https://staticcdn.svenskfotboll.se/img/teamssm/9832.png;7;-1--1;Munkegärdesplan 22 Konstgräs;Munkegärdesplan;Räfsalsvägen 11, 442 42 Kungälv;Y;57.890004;11.967916;Göteborg;football
7;2026-10-11;11:30;133763;Flickor 2012-2013 Liten 9M9 Lätt Gr. A Höst;3;3;6828304;5;/go-to/?fmid=6828304;Ahlafors/Nol;https://staticcdn.svenskfotboll.se/img/teamssm/11662.png;7;IF Warta;https://staticcdn.svenskfotboll.se/img/teamssm/9841.png;7;0-0;Svenska Stenhus Arena 4;Sjövallen IP;Sjövallavägen 111, 449 50 Alafors;Y;57.915942;12.107763;Göteborg;football
7;2026-10-11;11:30;133613;Pojkar 2013(13 år) Höst Medel Grupp B;2;3;6828733;5;/go-to/?fmid=6828733;Lerums IS P13V/M;https://staticcdn.svenskfotboll.se/img/teamssm/10756.png;7;Lundby IF Vit;https://staticcdn.svenskfotboll.se/img/teamssm/11776.png;7;0-0;Spinnarvallen / B-plan / Halva-A;Spinnarvallen;Tollereds Ströms väg 4, 448 50 Tollered;Y;57.814494;12.424245;Göteborg;football
7;2026-10-11;12:00;133760;Flickor 2012-2013 Liten 9M9 Medel Gr. A Höst;3;3;6828210;5;/go-to/?fmid=6828210;Kungsladugårds BK Röd;https://staticcdn.svenskfotboll.se/img/teamssm/10799.png;7;Solängens BK F-13 2;https://staticcdn.svenskfotboll.se/img/teamssm/9548.png;7;0-0;Apelsinplan 21 Konstgräs;Apelsinplan;Apelsingatan 6, 426 54 Västra Frölunda;Y;57.655054;11.882940;Göteborg;football
7;2026-10-11;12:00;133615;Pojkar 2013(13 år) Höst Lätt Grupp B;2;3;6828510;5;/go-to/?fmid=6828510;Hisingsbacka FC Svart;https://staticcdn.svenskfotboll.se/img/teamssm/11138.png;7;Azalea BK Vit;https://staticcdn.svenskfotboll.se/img/teamssm/7817.png;7;0-0;Backavallen 21(Gratts Arena);Backavallen;Wadköpingsgatan 153, 422 51 Hisings Backa;Y;57.745322;11.967003;Göteborg;football
7;2026-10-11;12:00;133614;Pojkar 2013(13 år) Höst Svår Grupp A;2;3;6828825;5;/go-to/?fmid=6828825;GoldCoast FC Gul;https://staticcdn.svenskfotboll.se/img/teamssm/13374.png;7;Kärra KIF Blå;https://staticcdn.svenskfotboll.se/img/teamssm/10780.png;7;0-0;Bergsjövallen 21 Konstgräs;Bergsjövallen;Sjustjärnan 20, 415 51 Göteborg;Y;57.750377;12.057010;Göteborg;football
7;2026-10-11;12:00;133677;Pojkar 2016(10 år) Grupp A Höst;2;2;6841464;5;/go-to/?fmid=6841464;Brämaregårdens FC;https://staticcdn.svenskfotboll.se/img/teamssm/12563.png;7;Älvängens IK P16 vit;https://staticcdn.svenskfotboll.se/img/teamssm/9783.png;7;-1--1;Blidvädersplan 12;Blidvädersplan;Ovädersgatan 1A, 418 34 Göteborg;Y;57.707987;11.887592;Göteborg;football
7;2026-10-11;12:00;133591;Pojkar 2012(14 år) Lätt Grupp D;2;3;6620990;5;/go-to/?fmid=6620990;IFK Hindås;https://staticcdn.svenskfotboll.se/img/teamssm/11008.png;7;Öjersjö IF Blå;https://staticcdn.svenskfotboll.se/img/teamssm/7552.png;7;0-0;Fagervallen 2 Konstgräs;Fagervallen;Sportvägen 9, 438 98 Hindås;Y;57.695964;12.435282;Göteborg;football
7;2026-10-11;12:00;133615;Pojkar 2013(13 år) Höst Lätt Grupp B;2;3;6828508;5;/go-to/?fmid=6828508;Lundby IF Svart;https://staticcdn.svenskfotboll.se/img/teamssm/11776.png;7;IK Kongahälla Röd;https://staticcdn.svenskfotboll.se/img/teamssm/9590.png;7;0-0;Fjärdingsplan 11 KG;Fjärdingsplan;Lantmätaregatan 21, 417 06 Göteborg;Y;57.724197;11.939560;Göteborg;football
7;2026-10-11;12:00;133767;Flickor 2012-2013 Stor 9M9 Lätt Gr. C Höst;3;3;6828056;5;/go-to/?fmid=6828056;Floda BoIF Blå;https://staticcdn.svenskfotboll.se/img/teamssm/11366.png;7;Surte/Ahlafors;https://staticcdn.svenskfotboll.se/img/teamssm/12036.png;7;0-0;Flodala IP C-plan;Flodala IP;Skallsjö Prästväg 14, 448 31 Floda;Y;57.795503;12.346356;Göteborg;football
7;2026-10-11;12:00;133810;Flickor 2016(10 år) Grupp A Höst;3;2;6832860;5;/go-to/?fmid=6832860;Floda BoIF Svart;https://staticcdn.svenskfotboll.se/img/teamssm/11366.png;7;IFK Hindås F16/17;https://staticcdn.svenskfotboll.se/img/teamssm/11008.png;7;-1--1;Flodala IP 4 FRAMTIDEN;Flodala IP;Skallsjö Prästväg 14, 448 31 Floda;Y;57.795503;12.346356;Göteborg;football
7;2026-10-11;12:00;133587;Pojkar 2012(14 år) Medel Grupp B;2;3;6621343;5;/go-to/?fmid=6621343;Azalea BK Orange;https://staticcdn.svenskfotboll.se/img/teamssm/7817.png;7;Backatorp IF Svart;https://staticcdn.svenskfotboll.se/img/teamssm/11915.png;7;0-0;Gröna Vallen 1;Gröna Vallen;Gröna Vallen, Svanebäcksgatan 16, 414 71 Göteborg;Y;57.687961;11.917564;Göteborg;football
7;2026-10-11;12:00;133589;Pojkar 2012(14 år) Lätt Grupp B;2;3;6621902;5;/go-to/?fmid=6621902;Mossens BK Gul;https://staticcdn.svenskfotboll.se/img/teamssm/9571.png;7;Älvsborg FF Svart;https://staticcdn.svenskfotboll.se/img/teamssm/9622.png;7;0-0;Guldheden Södra 1 Konstgräs;Guldheden Södra;Gibraltargatan 41, 412 58 Göteborg;Y;57.681136;11.982964;Göteborg;football
7;2026-10-11;12:00;133760;Flickor 2012-2013 Liten 9M9 Medel Gr. A Höst;3;3;6828206;5;/go-to/?fmid=6828206;Qviding FIF 2;https://staticcdn.svenskfotboll.se/img/teamssm/8089.png;7;Lundby IF;https://staticcdn.svenskfotboll.se/img/teamssm/11776.png;7;0-0;Härlanda 21;Härlanda Park;Härlanda Park 6B, 416 52 Göteborg;Y;57.716492;12.017055;Göteborg;football
7;2026-10-11;12:00;133585;Pojkar 2012(14 år) Lätt Grupp A;2;3;6621893;5;/go-to/?fmid=6621893;Jonsereds IF P2012 BLÅ;https://staticcdn.svenskfotboll.se/img/teamssm/9595.png;7;IF Väster Grön;https://staticcdn.svenskfotboll.se/img/teamssm/9861.png;7;0-0;Jonsereds IP II;Jonsereds IP;Jons väg 23, 433 75 Jonsered;Y;57.746215;12.169063;Göteborg;football
1;2026-10-11;12:00;129333;P19 Div.1 2026 Västra Götaland;2;3;6585880;5;/go-to/?fmid=6585880;Onsala BK;https://staticcdn.svenskfotboll.se/img/teamssm/10495.png;8;IK Oddevold;https://staticcdn.svenskfotboll.se/img/teamssm/10500.png;28;0-0;Kaparevallen;Kaparevallen;Håkullavägen 43, 439 91 Onsala;Y;57.414147;12.014084;1;football
7;2026-10-11;12:00;133764;Flickor 2012-2013 Liten 9M9 Lätt Gr. B Höst;3;3;6828257;5;/go-to/?fmid=6828257;Kareby IS F13;https://staticcdn.svenskfotboll.se/img/teamssm/10872.png;7;Ytterby IS Röd 2013;https://staticcdn.svenskfotboll.se/img/teamssm/9832.png;7;0-0;Kareby Hed 11;Kareby Hed;442 46 Kareby;Y;57.903192;11.928436;Göteborg;football
7;2026-10-11;12:00;133589;Pojkar 2012(14 år) Lätt Grupp B;2;3;6621965;5;/go-to/?fmid=6621965;Kärra KIF Svart;https://staticcdn.svenskfotboll.se/img/teamssm/10780.png;7;Hovås Billdal IF Blå;https://staticcdn.svenskfotboll.se/img/teamssm/11109.png;7;0-0;Klarebergsvallen 2 Konstgräs;Klarebergsvallen;Burmans Gata 3, 425 33 Hisings Kärra;Y;57.798761;11.987168;Göteborg;football
21;2026-10-11;12:00;136664;Pojkar Div 6 Borås;2;3;6721623;5;/go-to/?fmid=6721623;Kronängs IF;https://staticcdn.svenskfotboll.se/img/teamssm/8688.png;21;Mariedals IK Blå;https://staticcdn.svenskfotboll.se/img/teamssm/10652.png;21;0-0;Kronäng Arena;Kronäng Arena;Schaktgatan 1, 504 41 Borås;Y;57.696516;12.931606;Västergötland;football
7;2026-10-11;12:00;133761;Flickor 2012-2013 Stor 9M9 Svår Höst;3;3;6827814;5;/go-to/?fmid=6827814;IFK Göteborg;https://staticcdn.svenskfotboll.se/img/teamssm/11012.png;7;IF Vardar/Makedonija 2;https://staticcdn.svenskfotboll.se/img/teamssm/9963.png;7;0-0;Kviberg 9 KG;Kviberg;Luftvärnsvägen, 415 06 Göteborg;Y;57.737550;12.038540;Göteborg;football
7;2026-10-11;12:00;133614;Pojkar 2013(13 år) Höst Svår Grupp A;2;3;6828823;5;/go-to/?fmid=6828823;IFK Göteborg;https://staticcdn.svenskfotboll.se/img/teamssm/11012.png;7;Sävedalens IF Svart;https://staticcdn.svenskfotboll.se/img/teamssm/9545.png;7;0-0;Kviberg 6 KG;Kviberg;Luftvärnsvägen, 415 06 Göteborg;Y;57.737550;12.038540;Göteborg;football
7;2026-10-11;12:00;138261;Pojkar 2013(13 år) Höst Medel Grupp F;2;3;6828961;5;/go-to/?fmid=6828961;Espanyol Göteborg IF;https://staticcdn.svenskfotboll.se/img/teamssm/13418.png;7;Sandarna BK Röd;https://staticcdn.svenskfotboll.se/img/teamssm/10367.png;7;0-0;Kviberg 51;Kviberg;Luftvärnsvägen, 415 06 Göteborg;Y;57.737550;12.038540;Göteborg;football
7;2026-10-11;12:00;133607;Pojkar 2013(13 år) Höst Svår Grupp B;2;3;6829025;5;/go-to/?fmid=6829025;Youth FC;https://staticcdn.svenskfotboll.se/img/teamssm/13668.png;7;Proletären FF;https://staticcdn.svenskfotboll.se/img/teamssm/10466.png;7;0-0;Kviberg 2:21;Kviberg;Luftvärnsvägen, 415 06 Göteborg;Y;57.737550;12.038540;Göteborg;football
7;2026-10-11;12:00;133765;Flickor 2012-2013 Liten 9M9 Lätt Gr. C Höst;3;3;6829090;5;/go-to/?fmid=6829090;Utbynäs SK F13 Gul;https://staticcdn.svenskfotboll.se/img/teamssm/9983.png;7;Askims IK Svart;https://staticcdn.svenskfotboll.se/img/teamssm/11617.png;7;0-0;Lemmingvallen 21 Konstgräs;Lemmingvallen;Lemmingsgatan 5, 415 07 Göteborg;Y;57.734850;12.052148;Göteborg;football
7;2026-10-11;12:00;133764;Flickor 2012-2013 Liten 9M9 Lätt Gr. B Höst;3;3;6828258;5;/go-to/?fmid=6828258;Azalea BK;https://staticcdn.svenskfotboll.se/img/teamssm/7817.png;7;Näsets SK grön;https://staticcdn.svenskfotboll.se/img/teamssm/10510.png;7;0-0;Majvallen 11 Konstgräs;Majvallen;Ekedalsgatan 20, 414 68 Göteborg;Y;57.689370;11.936171;Göteborg;football
1;2026-10-11;12:00;138417;P16 Div.1 2026 B-slutspel Västra Götaland;2;3;6912000;5;/go-to/?fmid=6912000;Mölnlycke IS Ungdom;https://staticcdn.svenskfotboll.se/img/teamssm/13695.png;7;Laholms FK;https://staticcdn.svenskfotboll.se/img/teamssm/9504.png;8;0-0;Mölnlycke IP;Mölnlycke IP;Idrottsgatan 1, 435 35 Mölnlycke;Y;57.660896;12.119026;1;football
7;2026-10-11;12:00;133590;Pojkar 2012(14 år) Lätt Grupp C;2;3;6622076;5;/go-to/?fmid=6622076;Ale United;https://staticcdn.svenskfotboll.se/img/teamssm/10573.png;7;Lindome GIF vit;https://staticcdn.svenskfotboll.se/img/teamssm/10741.png;7;0-0;Nolängens IP 9M9 Konstgräs;Nolängens IP;Gallåsvägen 4, 449 40 Nol;Y;57.908182;12.066376;Göteborg;football
7;2026-10-11;12:00;138257;Junior Flickor Div 3 Höst;3;3;6827592;5;/go-to/?fmid=6827592;Öckerö IF Damjunior;https://staticcdn.svenskfotboll.se/img/teamssm/9774.png;7;Näsets SK DJ 3;https://staticcdn.svenskfotboll.se/img/teamssm/10510.png;7;0-0;Prästängen 1 Konstgräs;Prästängen;PRÄSTÄNGEN 1, 475 31 Öckerö;Y;57.717030;11.641158;Göteborg;football
7;2026-10-11;12:00;133677;Pojkar 2016(10 år) Grupp A Höst;2;2;6841461;5;/go-to/?fmid=6841461;Öjersjö IF P16 blå;https://staticcdn.svenskfotboll.se/img/teamssm/7552.png;7;Masthuggets BK Röd;https://staticcdn.svenskfotboll.se/img/teamssm/10643.png;7;-1--1;Storegård;Storegård;Ekeblads väg, 433 51 Öjersjö;Y;57.702225;12.142051;Göteborg;football
8;2026-10-11;12:00;136546;F12år Blå;3;2;6711746;3;/go-to/?fmid=6711746;BK Astrio svart;https://staticcdn.svenskfotboll.se/img/teamssm/9529.png;8;Tölö IF Svart;https://staticcdn.svenskfotboll.se/img/teamssm/10015.png;8;-1--1;Söndrums IP E;Söndrums IP;Söndrums Idrottsplats, Bäckagårdsvägen, Pålsbo, Bäckagård, Halmstad, Halmstads kommun, Hallands län, 302 91, Sverige;Y;56.670271;12.797138;Halland;football
7;2026-10-11;12:00;133586;Pojkar 2012(14 år) Svår Grupp A;2;3;6622168;5;/go-to/?fmid=6622168;Torslanda IK Lag 1;https://staticcdn.svenskfotboll.se/img/teamssm/10068.png;7;BK Häcken P14A;https://staticcdn.svenskfotboll.se/img/teamssm/11080.png;7;0-0;Torslandavallen 2 Konstgräs;Torslandavallen;Torslanda Idrottsväg 17, 423 32 Torslanda;Y;57.718280;11.757490;Göteborg;football
7;2026-10-11;12:00;138261;Pojkar 2013(13 år) Höst Medel Grupp F;2;3;6828960;5;/go-to/?fmid=6828960;Finlandia Pallo AIF Vit;https://staticcdn.svenskfotboll.se/img/teamssm/7939.png;7;Landvetter IS Vit P2013;https://staticcdn.svenskfotboll.se/img/teamssm/10768.png;7;0-0;Tuvevallen 22 Konstgräs;Tuvevallen;Tuvevallen, 417 45 Göteborg;Y;57.750937;11.915436;Göteborg;football
7;2026-10-11;12:00;133591;Pojkar 2012(14 år) Lätt Grupp D;2;3;6620988;5;/go-to/?fmid=6620988;Nödinge SK Fotboll Vit;https://staticcdn.svenskfotboll.se/img/teamssm/10503.png;7;BK Häcken Gul;https://staticcdn.svenskfotboll.se/img/teamssm/11080.png;7;0-0;Vimmervi 2 Konstgräs;Vimmervi;Gamla Kilandavägen 62, 449 36 Nödinge;Y;57.886226;12.080329;Göteborg;football
7;2026-10-11;12:00;138259;Pojkar 2013(13 år) Höst Lätt Grupp E;2;3;6828642;5;/go-to/?fmid=6828642;Ytterby IS Röd;https://staticcdn.svenskfotboll.se/img/teamssm/9832.png;7;Mossens BK Blå;https://staticcdn.svenskfotboll.se/img/teamssm/9571.png;7;0-0;Ytterns IP 32;Ytterns IP;Ytterby, 442 40 Kungälv;Y;57.869280;11.935196;Göteborg;football
1;2026-10-11;12:00;131966;Div 1 Södra, dam 2026;3;4;6545779;5;/go-to/?fmid=6545779;Örgryte IS Fotboll;https://staticcdn.svenskfotboll.se/img/teamssm/12910.png;7;Alingsås KIK;https://staticcdn.svenskfotboll.se/img/teamssm/8345.png;21;0-0;Hammarviken Arena;ÖIS-gården;Korndalsvägen 3, 412 76 Göteborg;Y;57.675233;12.028495;1;football
7;2026-10-11;12:00;138261;Pojkar 2013(13 år) Höst Medel Grupp F;2;3;6828962;5;/go-to/?fmid=6828962;Örgryte IS Fotboll Röd;https://staticcdn.svenskfotboll.se/img/teamssm/12910.png;7;Bergsjö IF P2013;https://staticcdn.svenskfotboll.se/img/teamssm/11586.png;7;0-0;ÖIS-gården 21;ÖIS-gården;Korndalsvägen 3, 412 76 Göteborg;Y;57.675233;12.028495;Göteborg;football
7;2026-10-11;12:00;133570;Pojkar 2009-2010(16-17 år) Svår Grupp A;2;3;6601907;5;/go-to/?fmid=6601907;Öjersjö IF U17;https://staticcdn.svenskfotboll.se/img/teamssm/7552.png;7;Nödinge SK Fotboll Blå;https://staticcdn.svenskfotboll.se/img/teamssm/10503.png;7;0-0;Öjersjö IP 1 Konstgräs;Öjersjö IP;Tallmossevägen 9, 433 50 Öjersjö;Y;57.702889;12.149245;Göteborg;football
7;2026-10-11;12:00;133616;Pojkar 2013(13 år) Höst Lätt Grupp C;2;3;6828551;5;/go-to/?fmid=6828551;Lunden Överås BK Grön;https://staticcdn.svenskfotboll.se/img/teamssm/10705.png;7;Landvetter IS Röd P2013;https://staticcdn.svenskfotboll.se/img/teamssm/10768.png;7;0-0;Överåsvallen 12 Konstgräs;Överåsvallen;Skogshyddegatan 16, 412 74 Göteborg;Y;57.707876;12.002439;Göteborg;football
7;2026-10-11;12:00;138259;Pojkar 2013(13 år) Höst Lätt Grupp E;2;3;6828645;5;/go-to/?fmid=6828645;Lunden Överås BK Svart;https://staticcdn.svenskfotboll.se/img/teamssm/10705.png;7;Bergums IF P-13 2;https://staticcdn.svenskfotboll.se/img/teamssm/11584.png;7;0-0;Överåsvallen 11 Konstgräs;Överåsvallen;Skogshyddegatan 16, 412 74 Göteborg;Y;57.707876;12.002439;Göteborg;football
7;2026-10-11;12:15;133677;Pojkar 2016(10 år) Grupp A Höst;2;2;6841453;5;/go-to/?fmid=6841453;Hovås Billdal IF 2016 röd;https://staticcdn.svenskfotboll.se/img/teamssm/11109.png;7;Brämaregårdens FC Orange;https://staticcdn.svenskfotboll.se/img/teamssm/12563.png;7;-1--1;Billdalsvallen 1B;Billdalsvallen;Påls väg, 427 36 Göteborg;Y;57.588232;11.949791;Göteborg;football
7;2026-10-11;12:15;133150;Division 5A Herr;2;4;6532427;5;/go-to/?fmid=6532427;Vatra KIF;https://staticcdn.svenskfotboll.se/img/teamssm/13171.png;7;Hermansby IF;https://staticcdn.svenskfotboll.se/img/teamssm/11150.png;7;0-0;Gunnaredsplan 1 Konstgräs;Gunnaredsplan;Gunnaredsvallen 4, 413 22 Göteborg;Y;57.800277;12.065439;Göteborg;football
7;2026-10-11;12:15;133150;Division 5A Herr;2;4;6532424;5;/go-to/?fmid=6532424;Riyyo Atletic FC;https://staticcdn.svenskfotboll.se/img/teamssm/13557.png;7;Kärra KIF;https://staticcdn.svenskfotboll.se/img/teamssm/10780.png;7;0-0;Bläsebovallen 1 Konstgräs;Hjällbovallen;Knattens väg 12, 424 32 Angered;N;57.777950;12.017062;Göteborg;football
1;2026-10-11;12:15;129333;P19 Div.1 2026 Västra Götaland;2;3;6585862;5;/go-to/?fmid=6585862;Qviding FIF;https://staticcdn.svenskfotboll.se/img/teamssm/8089.png;7;Herrestads AIF;https://staticcdn.svenskfotboll.se/img/teamssm/11149.png;28;0-0;Härlanda Park 1 Konstgräs;Härlanda Park;Härlanda Park 6B, 416 52 Göteborg;Y;57.716492;12.017055;1;football
7;2026-10-11;12:15;133150;Division 5A Herr;2;4;6532426;5;/go-to/?fmid=6532426;Hönö IS;https://staticcdn.svenskfotboll.se/img/teamssm/11038.png;7;Marstrands BK;https://staticcdn.svenskfotboll.se/img/teamssm/13415.png;7;0-0;Hönö Arena 1;Hönö Arena;Lindblomsvägen 30, 475 42 Hönö;Y;57.687870;11.652948;Göteborg;football
7;2026-10-11;12:15;133150;Division 5A Herr;2;4;6532423;5;/go-to/?fmid=6532423;Eriksbergs IF;https://staticcdn.svenskfotboll.se/img/teamssm/9629.png;7;Surte IS FK;https://staticcdn.svenskfotboll.se/img/teamssm/12036.png;7;0-0;Krokängsplan 1 Konstgräs;Krokängsplan;Säterigatan 15, 417 69 Göteborg;Y;57.702920;11.910432;Göteborg;football
7;2026-10-11;12:15;133150;Division 5A Herr;2;4;6532428;5;/go-to/?fmid=6532428;Romelanda UF;https://staticcdn.svenskfotboll.se/img/teamssm/10427.png;7;IF Warta;https://staticcdn.svenskfotboll.se/img/teamssm/9841.png;7;0-0;Romevi 3 Konstgräs;Romevi;Hög 130, 442 92 Romelanda;Y;57.937642;12.038425;Göteborg;football
7;2026-10-11;12:15;133150;Division 5A Herr;2;4;6532425;5;/go-to/?fmid=6532425;Älvängens IK;https://staticcdn.svenskfotboll.se/img/teamssm/9783.png;7;Lundby IF;https://staticcdn.svenskfotboll.se/img/teamssm/11776.png;7;0-0;Älvevi 2 Konstgräs;Älvevi;Hövägen 23, 446 32 Älvängen;Y;57.954092;12.123567;Göteborg;football
7;2026-10-11;12:30;133812;Flickor 2016(10 år) Grupp C Höst;3;2;6829950;5;/go-to/?fmid=6829950;IK Zenith F2016 Blå;https://staticcdn.svenskfotboll.se/img/teamssm/9829.png;7;Balltorps FF Röd;https://staticcdn.svenskfotboll.se/img/teamssm/8047.png;7;-1--1;Hovgårdsvallen 21 Konstgräs(Bjurforsplanen);Hovgårdsvallen;Gamla Lillebyvägen 1, 432 00 Torslanda;Y;57.751235;11.827376;Göteborg;football
7;2026-10-11;12:45;133679;Pojkar 2016(10 år) Grupp C Höst;2;2;6842374;5;/go-to/?fmid=6842374;Kungsladugårds BK Vit;https://staticcdn.svenskfotboll.se/img/teamssm/10799.png;7;SG Ruddalen IF P16 Gul;https://staticcdn.svenskfotboll.se/img/teamssm/11284.png;7;-1--1;Sjöbaren Arena;Apelsinplan;Apelsingatan 6, 426 54 Västra Frölunda;Y;57.655054;11.882940;Göteborg;football
1;2026-10-11;13:00;133297;F17 Div.1 2026 - Götaland Norra;3;3;6590953;5;/go-to/?fmid=6590953;IF Elfsborg;https://staticcdn.svenskfotboll.se/img/teamssm/11429.png;21;Ytterby IS;https://staticcdn.svenskfotboll.se/img/teamssm/9832.png;7;0-0;Borås Arena 2 konstgräs;Borås Arena;Borås Arena, Ålgårdsvägen 16, 506 30 Borås;Y;57.734400;12.934766;1;football
7;2026-10-11;13:00;133810;Flickor 2016(10 år) Grupp A Höst;3;2;6832861;5;/go-to/?fmid=6832861;Floda BoIF Vit;https://staticcdn.svenskfotboll.se/img/teamssm/11366.png;7;Kungälvs FF;https://staticcdn.svenskfotboll.se/img/teamssm/8050.png;7;-1--1;Flodala IP 4 FRAMTIDEN;Flodala IP;Skallsjö Prästväg 14, 448 31 Floda;Y;57.795503;12.346356;Göteborg;football
7;2026-10-11;13:00;133685;Pojkar 2016(10 år) Grupp I Höst;2;2;6907895;5;/go-to/?fmid=6907895;Floda BoIF P16;https://staticcdn.svenskfotboll.se/img/teamssm/11366.png;7;Lerums IS Vit 1;https://staticcdn.svenskfotboll.se/img/teamssm/10756.png;7;-1--1;Flodala IP 32 KG;Flodala IP;Skallsjö Prästväg 14, 448 31 Floda;Y;57.795503;12.346356;Göteborg;football
7;2026-10-11;13:00;133765;Flickor 2012-2013 Liten 9M9 Lätt Gr. C Höst;3;3;6829095;5;/go-to/?fmid=6829095;IK Zenith F2013 Grön;https://staticcdn.svenskfotboll.se/img/teamssm/9829.png;7;Kungsladugårds BK Vit;https://staticcdn.svenskfotboll.se/img/teamssm/10799.png;7;0-0;Hovgårdsvallen 22 Konstgräs(Bjurforsplanen);Hovgårdsvallen;Gamla Lillebyvägen 1, 432 00 Torslanda;Y;57.751235;11.827376;Göteborg;football
1;2026-10-11;13:00;138409;P17 Div.1 2026 A-slutspel Norra Götaland;2;3;6911842;5;/go-to/?fmid=6911842;Falkenbergs FF;https://staticcdn.svenskfotboll.se/img/teamssm/9525.png;8;Åtvidabergs FF;https://staticcdn.svenskfotboll.se/img/teamssm/8511.png;24;0-0;Kristineslätt IP 5;Kristineslätt IP;Kristineslätt, Skrea Strand, Falkenberg, Falkenbergs kommun, Hallands län, 311 41, Sverige;Y;56.891601;12.514593;1;football
7;2026-10-11;13:00;133781;Flickor 2014(12 år) Grupp D Höst;3;2;6835499;5;/go-to/?fmid=6835499;Utbynäs SK Blå;https://staticcdn.svenskfotboll.se/img/teamssm/9983.png;7;Öjersjö IF Svart;https://staticcdn.svenskfotboll.se/img/teamssm/7552.png;7;-1--1;Kviberg 1 konstgräs;Kviberg;Luftvärnsvägen, 415 06 Göteborg;Y;57.737550;12.038540;Göteborg;football
1;2026-10-11;13:00;133297;F17 Div.1 2026 - Götaland Norra;3;3;6590955;5;/go-to/?fmid=6590955;Lerums IS;https://staticcdn.svenskfotboll.se/img/teamssm/10756.png;7;Vallens IF;https://staticcdn.svenskfotboll.se/img/teamssm/8496.png;28;0-0;LP - Idrottspark A - plan;LP - Idrottspark;LP Idrottspark, Sportvägen 7, 443 40 Gråbo;Y;57.841028;12.289142;1;football
1;2026-10-11;13:00;133297;F17 Div.1 2026 - Götaland Norra;3;3;6590954;5;/go-to/?fmid=6590954;Ulricehamns IFK;https://staticcdn.svenskfotboll.se/img/teamssm/7738.png;21;Bankeryds SK;https://staticcdn.svenskfotboll.se/img/teamssm/11602.png;15;0-0;Lassalyckan A-plan konstgräs;Lassalyckan;Lassalyckan, Ulricehamns distrikt, Ulricehamn, Ulricehamns kommun, Västra Götalands län, 523 33, Sverige;Y;57.785778;13.436509;1;football
7;2026-10-11;13:00;133742;Flickor 2011 Regional;3;3;6597837;5;/go-to/?fmid=6597837;Junior Lions FootballClub F15-A;https://staticcdn.svenskfotboll.se/img/teamssm/13588.png;21;Näsets SK F2011;https://staticcdn.svenskfotboll.se/img/teamssm/10510.png;7;0-0;Sjöbo Arena A;Sjöbo Arena;Barnhemsgatan 71, 506 48 Borås;Y;57.755358;12.938517;Göteborg;football
1;2026-10-11;13:00;138409;P17 Div.1 2026 A-slutspel Norra Götaland;2;3;6911841;5;/go-to/?fmid=6911841;Ljungskile SK Herrfotboll;https://staticcdn.svenskfotboll.se/img/teamssm/13211.png;28;Jonsereds IF;https://staticcdn.svenskfotboll.se/img/teamssm/9595.png;7;0-0;Skarsjövallen Konstgräs;Skarsjövallen;Skarsjövallen, Skarsjövägen, Ljungskile, Ljungs distrikt, Uddevalla kommun, Västra Götalands län, 459 30, Sverige;Y;58.216505;11.945076;1;football
7;2026-10-11;13:00;133152;Division 6A Herr;2;4;6532696;5;/go-to/?fmid=6532696;Tollereds IF;https://staticcdn.svenskfotboll.se/img/teamssm/10081.png;7;Bergsjö IF;https://staticcdn.svenskfotboll.se/img/teamssm/11586.png;7;0-0;Spinnarvallen 1 Gräs;Spinnarvallen;Tollereds Ströms väg 4, 448 50 Tollered;Y;57.814494;12.424245;Göteborg;football
7;2026-10-11;13:00;133765;Flickor 2012-2013 Liten 9M9 Lätt Gr. C Höst;3;3;6829091;5;/go-to/?fmid=6829091;Lekstorps IF F13;https://staticcdn.svenskfotboll.se/img/teamssm/10760.png;7;Qviding FIF 1;https://staticcdn.svenskfotboll.se/img/teamssm/8089.png;7;0-0;Stenkullens IP 21 KG;Stenkullens IP;Granitvägen 3, 443 61 Stenkullen;Y;57.795326;12.310226;Göteborg;football
7;2026-10-11;13:00;133785;Flickor 2014(12 år) Grupp B Höst;3;2;6834863;5;/go-to/?fmid=6834863;Torslanda IK Blå;https://staticcdn.svenskfotboll.se/img/teamssm/10068.png;7;Kode IF 1;https://staticcdn.svenskfotboll.se/img/teamssm/10828.png;7;-1--1;Torslandavallen 3 Konstgräs 7M7;Torslandavallen;Torslanda Idrottsväg 17, 423 32 Torslanda;Y;57.718280;11.757490;Göteborg;football
1;2026-10-11;13:00;133339;Ettan Södra, herr 2026;2;4;6538148;5;/go-to/?fmid=6538148;Utsikten;https://staticcdn.svenskfotboll.se/img/teamssm/13294.png;7;Ängelholms FF;https://staticcdn.svenskfotboll.se/img/teamssm/9190.png;14;0-0;Valhalla 1 Konstgräs;Valhalla;Valhallagatan 6, 412 51 Göteborg;Y;57.701605;11.991324;1;football
1;2026-10-11;13:00;131959;Div 2 Västra Götaland, herr 2026;2;4;6547605;5;/go-to/?fmid=6547605;Västra Frölunda IF;https://staticcdn.svenskfotboll.se/img/teamssm/9853.png;7;Torslanda IK;https://staticcdn.svenskfotboll.se/img/teamssm/10068.png;7;0-0;Välen 1 Konstgräs;Välen;Klubbvägen 20, 421 47 Västra Frölunda;Y;57.642584;11.919773;1;football
7;2026-10-11;13:00;133761;Flickor 2012-2013 Stor 9M9 Svår Höst;3;3;6827817;5;/go-to/?fmid=6827817;Jitex BK;https://staticcdn.svenskfotboll.se/img/teamssm/7516.png;7;Jonsereds IF Lag 1;https://staticcdn.svenskfotboll.se/img/teamssm/9595.png;7;0-0;Åbyvallen 2 Konstgräs;Åbyvallen;Idrottsvägen 5, 431 62 Mölndal;Y;57.645363;12.002082;Göteborg;football
7;2026-10-11;13:00;133527;Junior Pojkar Div 2A;2;3;6538459;5;/go-to/?fmid=6538459;Näsets SK U19;https://staticcdn.svenskfotboll.se/img/teamssm/10510.png;7;Floda BoIF HJ;https://staticcdn.svenskfotboll.se/img/teamssm/11366.png;7;0-0;Näset Yuncture Arena;Åkeredsvallen;Bergsätersgatan 1, 421 66 Västra Frölunda;Y;57.631456;11.900982;Göteborg;football
8;2026-10-11;13:00;137297;Nivå 2 Mellersta Herrar;2;4;6746369;5;/go-to/?fmid=6746369;Tvååkers IF U;https://staticcdn.svenskfotboll.se/img/teamssm/9483.png;8;IF Norvalla;https://staticcdn.svenskfotboll.se/img/teamssm/9499.png;8;0-0;Övrevi C;Övrevi;Övrevi idrottsplats, N 760, Stenen, Övreby, Tvååker, Varbergs kommun, Hallands län, 432 78, Sverige;Y;57.046115;12.379083;Halland;football
7;2026-10-11;13:15;133763;Flickor 2012-2013 Liten 9M9 Lätt Gr. A Höst;3;3;6828302;5;/go-to/?fmid=6828302;Södra Skärgårdens IK;https://staticcdn.svenskfotboll.se/img/teamssm/9631.png;7;IK Kongahälla F12/13;https://staticcdn.svenskfotboll.se/img/teamssm/9590.png;7;0-0;Donsövallen 11;Donsövallen;Donsövallen, Lurkenvägen 2, 430 82 Donsö;Y;57.605163;11.805907;Göteborg;football
7;2026-10-11;13:15;133764;Flickor 2012-2013 Liten 9M9 Lätt Gr. B Höst;3;3;6828260;5;/go-to/?fmid=6828260;Landvetter IF 2003 F13 Röd;https://staticcdn.svenskfotboll.se/img/teamssm/6789.png;7;Backatorp IF RÖD;https://staticcdn.svenskfotboll.se/img/teamssm/11915.png;7;0-0;Landvetter IP A-plan 12;Landvetter IP;Tahultsvägen 60, 438 35 Landvetter;Y;57.702382;12.203031;Göteborg;football
7;2026-10-11;13:15;133584;Pojkar 2012(14 år) Medel Grupp D;2;3;6621612;5;/go-to/?fmid=6621612;Partille IF FK P2012 Röd;https://staticcdn.svenskfotboll.se/img/teamssm/12478.png;7;Hjuviks AIK P2012 vit;https://staticcdn.svenskfotboll.se/img/teamssm/8330.png;7;0-0;Lexby 2 Konstgräs;Lexby;Lexbyvägen 4, 433 31 Partille;Y;57.745219;12.123472;Göteborg;football
7;2026-10-11;13:15;133677;Pojkar 2016(10 år) Grupp A Höst;2;2;6841456;5;/go-to/?fmid=6841456;Stenkullen GoIK Röd;https://staticcdn.svenskfotboll.se/img/teamssm/10243.png;7;Solängens BK 1;https://staticcdn.svenskfotboll.se/img/teamssm/9548.png;7;-1--1;Stenkullens IP 22 KG;Stenkullens IP;Granitvägen 3, 443 61 Stenkullen;Y;57.795326;12.310226;Göteborg;football
7;2026-10-11;13:15;133677;Pojkar 2016(10 år) Grupp A Höst;2;2;6841462;5;/go-to/?fmid=6841462;Öjersjö IF P16 svart;https://staticcdn.svenskfotboll.se/img/teamssm/7552.png;7;Masthuggets BK Blå;https://staticcdn.svenskfotboll.se/img/teamssm/10643.png;7;-1--1;Storegård;Storegård;Ekeblads väg, 433 51 Öjersjö;Y;57.702225;12.142051;Göteborg;football
7;2026-10-11;13:30;133576;Pojkar 2011(15 år) Medel Grupp B;2;3;6607919;5;/go-to/?fmid=6607919;Skottfint/Johanneberg;https://staticcdn.svenskfotboll.se/img/teamssm/7100.png;7;Ytterby IS Röd;https://staticcdn.svenskfotboll.se/img/teamssm/9832.png;7;0-0;Blidvädersplan;Blidvädersplan;Ovädersgatan 1A, 418 34 Göteborg;Y;57.707987;11.887592;Göteborg;football
7;2026-10-11;13:30;133810;Flickor 2016(10 år) Grupp A Höst;3;2;6832910;5;/go-to/?fmid=6832910;Floda BoIF Röd;https://staticcdn.svenskfotboll.se/img/teamssm/11366.png;7;Lundby IF F16 Gul;https://staticcdn.svenskfotboll.se/img/teamssm/11776.png;7;-1--1;Flodala IP 31 KG;Flodala IP;Skallsjö Prästväg 14, 448 31 Floda;Y;57.795503;12.346356;Göteborg;football
21;2026-10-11;13:30;137525;Pojkar Div 9 Alingsås;2;2;6773279;3;/go-to/?fmid=6773279;Skepplanda BTK Svart;https://staticcdn.svenskfotboll.se/img/teamssm/10314.png;21;Östadkulle SK;https://staticcdn.svenskfotboll.se/img/teamssm/9743.png;21;-1--1;Forsvallen 7-manna;Forsvallen IP;Vadbacka 125, 446 94 Skepplanda;Y;57.977314;12.195539;Västergötland;football
7;2026-10-11;13:30;133582;Pojkar 2012(14 år) Svår Grupp B;2;3;6622260;5;/go-to/?fmid=6622260;Sandarna BK Röd;https://staticcdn.svenskfotboll.se/img/teamssm/10367.png;7;Örgryte IS Fotboll Blå;https://staticcdn.svenskfotboll.se/img/teamssm/12910.png;7;0-0;Gröna Vallen 1;Gröna Vallen;Gröna Vallen, Svanebäcksgatan 16, 414 71 Göteborg;Y;57.687961;11.917564;Göteborg;football
7;2026-10-11;13:30;133761;Flickor 2012-2013 Stor 9M9 Svår Höst;3;3;6827816;5;/go-to/?fmid=6827816;Örgryte IS Fotboll Röd;https://staticcdn.svenskfotboll.se/img/teamssm/12910.png;7;IF Mölndal Fotboll F12 Röd;https://staticcdn.svenskfotboll.se/img/teamssm/9569.png;7;0-0;Heden 3 Konstgräs;Heden;Heden, 411 38 Göteborg;Y;57.702854;11.978368;Göteborg;football
7;2026-10-11;13:30;133765;Flickor 2012-2013 Liten 9M9 Lätt Gr. C Höst;3;3;6829092;5;/go-to/?fmid=6829092;Kärra KIF Gul;https://staticcdn.svenskfotboll.se/img/teamssm/10780.png;7;Proletären FF F2013;https://staticcdn.svenskfotboll.se/img/teamssm/10466.png;7;0-0;Klarebergsvallen 21 Konstgräs;Klarebergsvallen;Burmans Gata 3, 425 33 Hisings Kärra;Y;57.798761;11.987168;Göteborg;football
1;2026-10-11;13:30;133301;F17 div. 1 2026 - Götaland Västra;3;3;6595707;5;/go-to/?fmid=6595707;Älvsborg FF;https://staticcdn.svenskfotboll.se/img/teamssm/9622.png;7;BK Astrio;https://staticcdn.svenskfotboll.se/img/teamssm/9529.png;8;0-0;Påvelund 1 Konstgräs;Påvelund;Redegatan 18, 426 77 Västra Frölunda;Y;57.668781;11.881476;1;football
7;2026-10-11;13:30;133760;Flickor 2012-2013 Liten 9M9 Medel Gr. A Höst;3;3;6828209;5;/go-to/?fmid=6828209;SG Ruddalen IF;https://staticcdn.svenskfotboll.se/img/teamssm/11284.png;7;Torslanda IK Svart;https://staticcdn.svenskfotboll.se/img/teamssm/10068.png;7;0-0;Ruddalen 21 Konstgräs;Ruddalen;Anna Östvägen 8, 426 68 Västra Frölunda;Y;57.664609;11.909282;Göteborg;football
7;2026-10-11;13:30;133607;Pojkar 2013(13 år) Höst Svår Grupp B;2;3;6829028;5;/go-to/?fmid=6829028;Utsiktens BK;https://staticcdn.svenskfotboll.se/img/teamssm/9982.png;7;BK Häcken Svart;https://staticcdn.svenskfotboll.se/img/teamssm/11080.png;7;0-0;Ruddalen 31;Ruddalen;Anna Östvägen 8, 426 68 Västra Frölunda;Y;57.664609;11.909282;Göteborg;football
8;2026-10-11;13:30;139133;F13år Röd A Höst;3;3;6896248;5;/go-to/?fmid=6896248;Särö Kullavik IF Röd;https://staticcdn.svenskfotboll.se/img/teamssm/9496.png;8;Skottorps IF;https://staticcdn.svenskfotboll.se/img/teamssm/10302.png;8;0-0;Ängås IP D;Ängås IP;Ängåsvägen 39, 434 93 Vallda;Y;57.454340;11.941076;Halland;football
7;2026-10-11;13:30;133588;Pojkar 2012(14 år) Medel Grupp C;2;3;6621480;5;/go-to/?fmid=6621480;Lunden Överås BK Vit;https://staticcdn.svenskfotboll.se/img/teamssm/10705.png;7;Utbynäs SK Blå;https://staticcdn.svenskfotboll.se/img/teamssm/9983.png;7;0-0;Överåsvallen 1 Konstgräs;Överåsvallen;Skogshyddegatan 16, 412 74 Göteborg;Y;57.707876;12.002439;Göteborg;football
7;2026-10-11;13:45;133582;Pojkar 2012(14 år) Svår Grupp B;2;3;6622257;5;/go-to/?fmid=6622257;Lundby IF P2012 Grön;https://staticcdn.svenskfotboll.se/img/teamssm/11776.png;7;Kärra KIF Blå;https://staticcdn.svenskfotboll.se/img/teamssm/10780.png;7;0-0;Fjärdingsplan KG;Fjärdingsplan;Lantmätaregatan 21, 417 06 Göteborg;Y;57.724197;11.939560;Göteborg;football
8;2026-10-11;14:00;136282;Division 4 Dam Halland;3;4;6612771;5;/go-to/?fmid=6612771;IS Örnia;https://staticcdn.svenskfotboll.se/img/teamssm/9753.png;8;Tölö IF;https://staticcdn.svenskfotboll.se/img/teamssm/10015.png;8;0-0;Alevallen A;Alevallen;Alevallen, Järnvägsleden, Rotorp, Halmstad, Halmstads kommun, Hallands län, 302 39, Sverige;Y;56.667937;12.840292;Halland;football
21;2026-10-11;14:00;138104;Herrar P35 Motion Skara;2;5;6818092;5;/go-to/?fmid=6818092;Axvalls IF;https://staticcdn.svenskfotboll.se/img/teamssm/8732.png;21;Vinninga AIF;https://staticcdn.svenskfotboll.se/img/teamssm/8630.png;21;0-0;Axevalla IP, A-plan;Axevalla IP;Axevallavägen, Varnhems distrikt, Varnhem, Skara kommun, Västra Götalands län, 532 73, Sverige;Y;58.386770;13.636696;Västergötland;football
8;2026-10-11;14:00;133922;Division 6 Herr Södra Halland;2;4;6563818;5;/go-to/?fmid=6563818;Kvibille BK;https://staticcdn.svenskfotboll.se/img/teamssm/10793.png;8;Skottorps IF;https://staticcdn.svenskfotboll.se/img/teamssm/10302.png;8;0-0;Björkevi IP;Björkevi IP;Björkevivägen, Kvibille, Halmstads kommun, Hallands län, 302 79, Sverige;Y;56.781560;12.835402;Halland;football
8;2026-10-11;14:00;133922;Division 6 Herr Södra Halland;2;4;6563800;5;/go-to/?fmid=6563800;Ränneslövs GIF/BK Walldia;https://staticcdn.svenskfotboll.se/img/teamssm/9497.png;8;Skogaby BK;https://staticcdn.svenskfotboll.se/img/teamssm/9494.png;8;0-0;Björkvallen;Björkvallen;Idrottsvägen 8, 312 95 Laholm;Y;56.45462324803608;13.075644818450149;Halland;football
7;2026-10-11;14:00;133586;Pojkar 2012(14 år) Svår Grupp A;2;3;6622170;5;/go-to/?fmid=6622170;Mölnlycke IS Ungdom 1;https://staticcdn.svenskfotboll.se/img/teamssm/13695.png;7;Askims IK P2012 U14 Röd;https://staticcdn.svenskfotboll.se/img/teamssm/11617.png;7;0-0;Djupedalsplan B Konstgräs;Djupedals IP;Djupedals Ip, Rullstensvägen 1, 435 41 Mölnlycke;Y;57.652820;12.126316;Göteborg;football
8;2026-10-11;14:00;133919;Division 5 Herr Norra Halland;2;4;6534786;5;/go-to/?fmid=6534786;Rinia IF;https://staticcdn.svenskfotboll.se/img/teamssm/7291.png;8;Veddige BK;https://staticcdn.svenskfotboll.se/img/teamssm/9481.png;8;0-0;Falkenbergs IP A;Falkenbergs IP;Falkenbergs IP A, Skogsvägen, Kristineslätt, Skrea Strand, Falkenberg, Falkenbergs kommun, Hallands län, 311 45, Sverige;Y;56.897775;12.508271;Halland;football
8;2026-10-11;14:00;133919;Division 5 Herr Norra Halland;2;4;6534782;5;/go-to/?fmid=6534782;Frillesås FF;https://staticcdn.svenskfotboll.se/img/teamssm/9524.png;8;Särö Kullavik IF;https://staticcdn.svenskfotboll.se/img/teamssm/9496.png;8;0-0;Frillesås IP A;Frillesås IP;Rya industriväg 39, 439 62 Frillesås;Y;57.322466;12.184797;Halland;football
1;2026-10-11;14:00;131959;Div 2 Västra Götaland, herr 2026;2;4;6547600;5;/go-to/?fmid=6547600;Galtabäcks BK;https://staticcdn.svenskfotboll.se/img/teamssm/9523.png;8;Hestrafors IF;https://staticcdn.svenskfotboll.se/img/teamssm/11145.png;21;0-0;Galtabäcks IP;Galtabäcks IP;Galtabäcks idrottsplats, Lerjans Väg, Jeppagården, Varbergs kommun, Hallands län, 432 76, Sverige;Y;57.040230;12.320336;1;football
8;2026-10-11;14:00;133922;Division 6 Herr Södra Halland;2;4;6563831;5;/go-to/?fmid=6563831;Östergård BK;https://staticcdn.svenskfotboll.se/img/teamssm/14793.png;8;Våxtorp/Hasslöv;https://staticcdn.svenskfotboll.se/img/teamssm/9880.png;8;0-0;Halmstad Arena P3;Halmstad Arena;Kristinehedsvägen 4B, 302 44 Halmstad;Y;56.675943;12.888513;Halland;football
7;2026-10-11;14:00;133762;Flickor 2012-2013 Stor 9M9 Lätt Gr. B Höst;3;3;6828099;5;/go-to/?fmid=6828099;Hjuviks AIK F12;https://staticcdn.svenskfotboll.se/img/teamssm/8330.png;7;Mölnlycke IF Gul 2013;https://staticcdn.svenskfotboll.se/img/teamssm/10594.png;7;0-0;21:47 Arena 1;Hästevik;Torslanda Hästeviks väg, 423 41 Torslanda;Y;57.718779;11.721591;Göteborg;football
21;2026-10-11;14:00;136729;Pojkar Div 8 Alingsås;2;3;6723310;5;/go-to/?fmid=6723310;Kronängs IF Svart/Vit;https://staticcdn.svenskfotboll.se/img/teamssm/8688.png;21;Herrljunga/Frisco;https://staticcdn.svenskfotboll.se/img/teamssm/7724.png;21;0-0;Kronäng Arena;Kronäng Arena;Schaktgatan 1, 504 41 Borås;Y;57.696516;12.931606;Västergötland;football
7;2026-10-11;14:00;133763;Flickor 2012-2013 Liten 9M9 Lätt Gr. A Höst;3;3;6828303;5;/go-to/?fmid=6828303;Lindome GIF Vit;https://staticcdn.svenskfotboll.se/img/teamssm/10741.png;7;Galacticos FC F2013;https://staticcdn.svenskfotboll.se/img/teamssm/13691.png;7;0-0;Lindevi 31 Konstgräs;Lindevi IP;Hällesåkersvägen 5, 437 91 Lindome;Y;57.585286;12.108877;Göteborg;football
8;2026-10-11;14:00;133919;Division 5 Herr Norra Halland;2;4;6534784;5;/go-to/?fmid=6534784;Tofta GIF;https://staticcdn.svenskfotboll.se/img/teamssm/10084.png;8;Trönninge BK;https://staticcdn.svenskfotboll.se/img/teamssm/9485.png;8;0-0;Lindvallen A;Lindvallen;Lindvallen, Skyttevägen, Tofta, Varbergs kommun, Hallands län, 432 47, Sverige;Y;57.171079;12.289643;Halland;football
8;2026-10-11;14:00;133919;Division 5 Herr Norra Halland;2;4;6534785;5;/go-to/?fmid=6534785;Långås/Morup;https://staticcdn.svenskfotboll.se/img/teamssm/9501.png;8;Träslövsläge IF;https://staticcdn.svenskfotboll.se/img/teamssm/10045.png;8;0-0;Morups IP A;Morups IP;Morups idrottsplats, N 768, Morup, Falkenbergs kommun, Hallands län, 311 90, Sverige;Y;56.975203;12.399207;Halland;football
8;2026-10-11;14:00;133922;Division 6 Herr Södra Halland;2;4;6563819;5;/go-to/?fmid=6563819;Ysby BK;https://staticcdn.svenskfotboll.se/img/teamssm/9475.png;8;Genevad/Veinge IF;https://staticcdn.svenskfotboll.se/img/teamssm/7223.png;8;0-0;Munkavallen A;Munkavallen;Munkagårdsvägen 8, 312 94 Laholm;Y;56.490472;13.117330;Halland;football
21;2026-10-11;14:00;137354;Herrar, Utveckling B Vara;2;4;6754733;5;/go-to/?fmid=6754733;Annelunds IF U;https://staticcdn.svenskfotboll.se/img/teamssm/11630.png;21;Edsvära-Norra Vånga FF U;https://staticcdn.svenskfotboll.se/img/teamssm/7102.png;21;0-0;Mörlanda B konstgräs;Mörlanda;Mörlanda, Magra distrikt, Alingsås kommun, Västra Götalands län, 466 31, Sverige;Y;58.106467;12.572001;Västergötland;football
1;2026-10-11;14:00;138409;P17 Div.1 2026 A-slutspel Norra Götaland;2;3;6911843;5;/go-to/?fmid=6911843;Norrby IF;https://staticcdn.svenskfotboll.se/img/teamssm/10554.png;21;IFK Värnamo;https://staticcdn.svenskfotboll.se/img/teamssm/9120.png;15;0-0;Ramnavallen konstgräs;Ramnavallen;Ramnavallen, Enandersgatan, Byttorp, Borås, Borås kommun, Västra Götalands län, 504 66, Sverige;Y;57.722541;12.919158;1;football
8;2026-10-11;14:00;133922;Division 6 Herr Södra Halland;2;4;6563793;5;/go-to/?fmid=6563793;Simlångsdalens IF;https://staticcdn.svenskfotboll.se/img/teamssm/10333.png;8;IS Örnia;https://staticcdn.svenskfotboll.se/img/teamssm/9753.png;8;0-0;Simlångsdalens IP;Simlångsdalens IP;Simlångsdalens idrottsplats, Mahultsvägen, Kull, Simlångsdalen, Halmstads kommun, Hallands län, 313 96, Sverige;Y;56.722355;13.140033;Halland;football
7;2026-10-11;14:00;133780;Flickor 2014(12 år) Grupp A Höst;3;2;6834778;5;/go-to/?fmid=6834778;SSIK/Styrsö BK/Donsö I.S;https://staticcdn.svenskfotboll.se/img/teamssm/9631.png;7;SG Ruddalen IF;https://staticcdn.svenskfotboll.se/img/teamssm/11284.png;7;-1--1;Styrsöplan 12 Gräs;Styrsöplan;Halsviksvägen 27, 430 84 Styrsö;Y;57.610915;11.774337;Göteborg;football
1;2026-10-11;14:00;138414;P17 Div.1 2026 B-slutspel Sydvästra Götaland;2;3;6911776;5;/go-to/?fmid=6911776;HGH FC;https://staticcdn.svenskfotboll.se/img/teamssm/9516.png;8;Oxie SK;https://staticcdn.svenskfotboll.se/img/teamssm/10484.png;14;0-0;Tranevall;Tranevall;Tranevall, Tranevallsvägen, Harplinge, Halmstads kommun, Hallands län, 305 60, Sverige;Y;56.743210;12.734066;1;football
7;2026-10-11;14:00;133656;Pojkar 2015(11 år) Grupp B Höst;2;2;6850419;5;/go-to/?fmid=6850419;Nödinge SK Fotboll Blå;https://staticcdn.svenskfotboll.se/img/teamssm/10503.png;7;Brämaregårdens FC orange 2;https://staticcdn.svenskfotboll.se/img/teamssm/12563.png;7;-1--1;Vimmervi 22 Konstgräs;Vimmervi;Gamla Kilandavägen 62, 449 36 Nödinge;Y;57.886226;12.080329;Göteborg;football
7;2026-10-11;14:00;133656;Pojkar 2015(11 år) Grupp B Höst;2;2;6850420;5;/go-to/?fmid=6850420;Nödinge SK Fotboll Vit;https://staticcdn.svenskfotboll.se/img/teamssm/10503.png;7;BK Häcken F2015;https://staticcdn.svenskfotboll.se/img/teamssm/11080.png;7;-1--1;Vimmervi 22 Konstgräs;Vimmervi;Gamla Kilandavägen 62, 449 36 Nödinge;Y;57.886226;12.080329;Göteborg;football
8;2026-10-11;14:00;133919;Division 5 Herr Norra Halland;2;4;6534787;5;/go-to/?fmid=6534787;Väröbacka GIF;https://staticcdn.svenskfotboll.se/img/teamssm/9478.png;8;Vinbergs IF;https://staticcdn.svenskfotboll.se/img/teamssm/9913.png;8;0-0;Värö IP A;Värö IP;Värö idrottsplats, Ellickevägen, Limabacka, Varbergs kommun, Hallands län, 432 65, Sverige;Y;57.238901;12.184606;Halland;football
8;2026-10-11;14:00;133919;Division 5 Herr Norra Halland;2;4;6534783;5;/go-to/?fmid=6534783;Bua IF;https://staticcdn.svenskfotboll.se/img/teamssm/11508.png;8;Annebergs IF;https://staticcdn.svenskfotboll.se/img/teamssm/11631.png;8;0-0;Västkustvallen;Västkustvallen;Västkustvallen, Kustroddarevägen, Hovgården, Bua, Varbergs kommun, Hallands län, 432 63, Sverige;Y;57.230684;12.125208;Halland;football
7;2026-10-11;14:15;133577;Pojkar 2011(15 år) Svår Grupp A;2;3;6608236;5;/go-to/?fmid=6608236;Marieholm IK 1;https://staticcdn.svenskfotboll.se/img/teamssm/13640.png;7;Örgryte IS Fotboll;https://staticcdn.svenskfotboll.se/img/teamssm/12910.png;7;0-0;Bläsebovallen 1 Konstgräs;;;N;;;Göteborg;football
1;2026-10-11;14:15;138419;P16 Div.1 2026 A-slutspel Norra Götaland;2;3;6911871;5;/go-to/?fmid=6911871;Önnereds IK;https://staticcdn.svenskfotboll.se/img/teamssm/9765.png;7;Ytterby IS;https://staticcdn.svenskfotboll.se/img/teamssm/9832.png;7;0-0;Apelsinplan 2 Konstgräs;Apelsinplan;Apelsingatan 6, 426 54 Västra Frölunda;Y;57.655054;11.882940;1;football
7;2026-10-11;14:15;133152;Division 6A Herr;2;4;6532695;5;/go-to/?fmid=6532695;Bellevue City FK;https://staticcdn.svenskfotboll.se/img/teamssm/13632.png;7;Nödinge SK Fotboll;https://staticcdn.svenskfotboll.se/img/teamssm/10503.png;7;0-0;Gamlestadsvallen 2 Konstgräs;Gamlestadsvallen;Lars Kaggsgatan 24, 415 04 Göteborg;Y;57.734308;12.013832;Göteborg;football
7;2026-10-11;14:15;133160;Division 4A Dam;3;4;6533762;5;/go-to/?fmid=6533762;Göteborgs SIF;https://staticcdn.svenskfotboll.se/img/teamssm/11214.png;7;Donsö IS;https://staticcdn.svenskfotboll.se/img/teamssm/9631.png;7;0-0;Guldheden Södra 1 Konstgräs;Guldheden Södra;Gibraltargatan 41, 412 58 Göteborg;Y;57.681136;11.982964;Göteborg;football
7;2026-10-11;14:15;133615;Pojkar 2013(13 år) Höst Lätt Grupp B;2;3;6828507;5;/go-to/?fmid=6828507;Askims IK P2013 U13 Svart;https://staticcdn.svenskfotboll.se/img/teamssm/11617.png;7;Götaholms BK Vit;https://staticcdn.svenskfotboll.se/img/teamssm/9615.png;7;0-0;Kobbegården 12 konstgräs;Kobbegården;Stora Åvägen 1, 436 34 Askim;Y;57.639723;11.944383;Göteborg;football
7;2026-10-11;14:15;133156;Division 7B Herr;2;4;6534427;5;/go-to/?fmid=6534427;Salaam IF;https://staticcdn.svenskfotboll.se/img/teamssm/14734.png;7;Menisken IF;https://staticcdn.svenskfotboll.se/img/teamssm/9572.png;7;0-0;Kviberg 5 konstgräs;Kviberg;Luftvärnsvägen, 415 06 Göteborg;Y;57.737550;12.038540;Göteborg;football
7;2026-10-11;14:15;133160;Division 4A Dam;3;4;6533763;5;/go-to/?fmid=6533763;Kållered SK;https://staticcdn.svenskfotboll.se/img/teamssm/10787.png;7;Mossens BK (B);https://staticcdn.svenskfotboll.se/img/teamssm/9571.png;7;0-0;Kållered Sportcenter 1;Kållered Sportcenter;Tulebovägen 17, 428 34 Kållered;Y;57.611466;12.075548;Göteborg;football
7;2026-10-11;14:15;133160;Division 4A Dam;3;4;6533767;5;/go-to/?fmid=6533767;Lindome GIF;https://staticcdn.svenskfotboll.se/img/teamssm/10741.png;7;Öjersjö IF;https://staticcdn.svenskfotboll.se/img/teamssm/7552.png;7;0-0;Lindevi IP 1 Konstgräs;Lindevi IP;Hällesåkersvägen 5, 437 91 Lindome;Y;57.585286;12.108877;Göteborg;football
7;2026-10-11;14:15;133160;Division 4A Dam;3;4;6533764;5;/go-to/?fmid=6533764;IK Virgo;https://staticcdn.svenskfotboll.se/img/teamssm/7959.png;7;Mölnlycke IF;https://staticcdn.svenskfotboll.se/img/teamssm/10594.png;7;0-0;Mossens IP 1 Gräs;Mossens IP;Ljungbackegatan 1, 412 59 Göteborg;Y;57.684676;11.979998;Göteborg;football
7;2026-10-11;14:15;133160;Division 4A Dam;3;4;6533765;5;/go-to/?fmid=6533765;IF Mölndal Fotboll;https://staticcdn.svenskfotboll.se/img/teamssm/9569.png;7;Näsets SK (B);https://staticcdn.svenskfotboll.se/img/teamssm/10510.png;7;0-0;Åbyvallen 1 Konstgräs;Åbyvallen;Idrottsvägen 5, 431 62 Mölndal;Y;57.645363;12.002082;Göteborg;football
7;2026-10-11;14:15;133762;Flickor 2012-2013 Stor 9M9 Lätt Gr. B Höst;3;3;6828103;5;/go-to/?fmid=6828103;Öjersjö IF F12/13 Vit;https://staticcdn.svenskfotboll.se/img/teamssm/7552.png;7;Älvsborg FF F2013 Blå;https://staticcdn.svenskfotboll.se/img/teamssm/9622.png;7;0-0;Öjersjö IP 1 Konstgräs;Öjersjö IP;Tallmossevägen 9, 433 50 Öjersjö;Y;57.702889;12.149245;Göteborg;football
7;2026-10-11;14:20;133679;Pojkar 2016(10 år) Grupp C Höst;2;2;6842373;5;/go-to/?fmid=6842373;Kungsladugårds BK Röd;https://staticcdn.svenskfotboll.se/img/teamssm/10799.png;7;SG Ruddalen IF P16 Blå;https://staticcdn.svenskfotboll.se/img/teamssm/11284.png;7;-1--1;Sjöbaren Arena;Apelsinplan;Apelsingatan 6, 426 54 Västra Frölunda;Y;57.655054;11.882940;Göteborg;football
1;2026-10-11;14:30;138412;P17 Div.1 2026 B-slutspel Nordöstra Götaland;2;3;6911966;5;/go-to/?fmid=6911966;Bergdalens IK;https://staticcdn.svenskfotboll.se/img/teamssm/11592.png;21;Skövde AIK;https://staticcdn.svenskfotboll.se/img/teamssm/10281.png;21;0-0;Björkängsvallen, Borås, Konstgräs;Björkängsvallen;Backersgatan 10, 504 57 Borås;Y;57.727601;12.958736;1;football
8;2026-10-11;14:30;139567;P13år Blå A Höst;2;3;6893909;5;/go-to/?fmid=6893909;IF Leikin Orange;https://staticcdn.svenskfotboll.se/img/teamssm/9503.png;8;Tölö IF Svart;https://staticcdn.svenskfotboll.se/img/teamssm/10015.png;8;0-0;Halmstad Arena P8;Halmstad Arena;Kristinehedsvägen 4B, 302 44 Halmstad;Y;56.675943;12.888513;Halland;football
1;2026-10-11;14:30;133301;F17 div. 1 2026 - Götaland Västra;3;3;6595706;5;/go-to/?fmid=6595706;Onsala BK;https://staticcdn.svenskfotboll.se/img/teamssm/10495.png;8;Varbergs BoIS FC;https://staticcdn.svenskfotboll.se/img/teamssm/7701.png;8;0-0;Kaparevallen;Kaparevallen;Håkullavägen 43, 439 91 Onsala;Y;57.414147;12.014084;1;football
1;2026-10-11;14:30;129353;P17 Allsvenskan B-slutspel Södra;2;3;6887146;5;/go-to/?fmid=6887146;IFK Göteborg;https://staticcdn.svenskfotboll.se/img/teamssm/11012.png;7;Örgryte IS Fotboll;https://staticcdn.svenskfotboll.se/img/teamssm/12910.png;7;0-0;Kviberg 6 KG;Kviberg;Luftvärnsvägen, 415 06 Göteborg;Y;57.737550;12.038540;1;football
7;2026-10-11;14:30;133811;Flickor 2016(10 år) Grupp B Höst;3;2;6832292;5;/go-to/?fmid=6832292;Lindome GIF vit;https://staticcdn.svenskfotboll.se/img/teamssm/10741.png;7;Azalea BK F2016 Orange;https://staticcdn.svenskfotboll.se/img/teamssm/7817.png;7;-1--1;Lindevi 32 Konstgräs;Lindevi IP;Hällesåkersvägen 5, 437 91 Lindome;Y;57.585286;12.108877;Göteborg;football
7;2026-10-11;14:30;133577;Pojkar 2011(15 år) Svår Grupp A;2;3;6608376;5;/go-to/?fmid=6608376;Mölnlycke IS Ungdom;https://staticcdn.svenskfotboll.se/img/teamssm/13695.png;7;Torslanda IK Röd;https://staticcdn.svenskfotboll.se/img/teamssm/10068.png;7;0-0;Mölnlycke IP;Mölnlycke IP;Idrottsgatan 1, 435 35 Mölnlycke;Y;57.660896;12.119026;Göteborg;football
8;2026-10-11;14:30;139131;F13år Blå A Höst;3;3;6861952;5;/go-to/?fmid=6861952;BK Astrio Gul;https://staticcdn.svenskfotboll.se/img/teamssm/9529.png;8;Lilla Träslövs FF;https://staticcdn.svenskfotboll.se/img/teamssm/9502.png;8;0-0;Söndrums IP C;Söndrums IP;Söndrums Idrottsplats, Bäckagårdsvägen, Pålsbo, Bäckagård, Halmstad, Halmstads kommun, Hallands län, 302 91, Sverige;Y;56.670271;12.797138;Halland;football
7;2026-10-11;14:30;133586;Pojkar 2012(14 år) Svår Grupp A;2;3;6622171;5;/go-to/?fmid=6622171;Örgryte IS Fotboll Akademi;https://staticcdn.svenskfotboll.se/img/teamssm/12910.png;7;Utsiktens BK;https://staticcdn.svenskfotboll.se/img/teamssm/9982.png;7;0-0;Hammarviken Arena;ÖIS-gården;Korndalsvägen 3, 412 76 Göteborg;Y;57.675233;12.028495;Göteborg;football
7;2026-10-11;14:45;133802;7M7 Serie B, dam;3;5;6563402;5;/go-to/?fmid=6563402;Alealiber IF;https://staticcdn.svenskfotboll.se/img/teamssm/13380.png;7;Ahlafors IF;https://staticcdn.svenskfotboll.se/img/teamssm/11662.png;7;0-0;Heden 5 Konstgräs 7M7;Heden;Heden, 411 38 Göteborg;Y;57.702854;11.978368;Göteborg;football
7;2026-10-11;14:45;133764;Flickor 2012-2013 Liten 9M9 Lätt Gr. B Höst;3;3;6828259;5;/go-to/?fmid=6828259;Hovås Billdal IF 2013;https://staticcdn.svenskfotboll.se/img/teamssm/11109.png;7;Finlandia Pallo AIF Vit;https://staticcdn.svenskfotboll.se/img/teamssm/7939.png;7;0-0;Hovås Billdal Arena 11 Konstgräs;Hovås Billdal Arena;Kruniusvägen, 427 36 Billdal;Y;57.589555;11.946909;Göteborg;football
7;2026-10-11;14:45;138259;Pojkar 2013(13 år) Höst Lätt Grupp E;2;3;6828641;5;/go-to/?fmid=6828641;Lerums IS 4;https://staticcdn.svenskfotboll.se/img/teamssm/10756.png;7;Marieholm IK Svart;https://staticcdn.svenskfotboll.se/img/teamssm/13640.png;7;0-0;Stenkullens IP 21 KG;Stenkullens IP;Granitvägen 3, 443 61 Stenkullen;Y;57.795326;12.310226;Göteborg;football
7;2026-10-11;14:45;133757;Flickor 2012-2013 Stor 9M9 Medel Gr. A Höst;3;3;6828014;5;/go-to/?fmid=6828014;Näsets SK Gul;https://staticcdn.svenskfotboll.se/img/teamssm/10510.png;7;Öckerö IF flickor 2012;https://staticcdn.svenskfotboll.se/img/teamssm/9774.png;7;0-0;Näset Yuncture Arena;Åkeredsvallen;Bergsätersgatan 1, 421 66 Västra Frölunda;Y;57.631456;11.900982;Göteborg;football
1;2026-10-11;15:00;138291;SFL (herr) 2026/27;2;4;6859720;5;/go-to/?fmid=6859720;Uddevalla Futsal Club;https://staticcdn.svenskfotboll.se/img/teamssm/11865.png;28;Söder Futsalklubb;https://staticcdn.svenskfotboll.se/img/teamssm/12538.png;16;0-0;Agnebergshallen;;;N;;;1;football
1;2026-10-11;15:00;138418;P16 Div.1 2026 B-slutspel Norra Götaland;2;3;6911936;5;/go-to/?fmid=6911936;IK Oddevold;https://staticcdn.svenskfotboll.se/img/teamssm/10500.png;28;Backatorp IF;https://staticcdn.svenskfotboll.se/img/teamssm/11915.png;7;0-0;Arwidsroplanen;Arwidsroplanen;Fossums Kvarnväg 4, 451 34 Uddevalla;Y;58.348766;11.975349;1;football
7;2026-10-11;15:00;133658;Pojkar 2015(11 år) Grupp D Höst;2;2;6845646;5;/go-to/?fmid=6845646;Mölnlycke IF 1;https://staticcdn.svenskfotboll.se/img/teamssm/10594.png;7;Landvetter IS P2015 Svart;https://staticcdn.svenskfotboll.se/img/teamssm/10768.png;7;-1--1;Djupedalsplan A Konstgräs höger;Djupedals IP;Djupedals Ip, Rullstensvägen 1, 435 41 Mölnlycke;Y;57.652820;12.126316;Göteborg;football
7;2026-10-11;15:00;133658;Pojkar 2015(11 år) Grupp D Höst;2;2;6845647;5;/go-to/?fmid=6845647;Mölnlycke IF 2;https://staticcdn.svenskfotboll.se/img/teamssm/10594.png;7;Landvetter IS P2015 Vit;https://staticcdn.svenskfotboll.se/img/teamssm/10768.png;7;-1--1;Djupedalsplan A Konstgräs vänster;Djupedals IP;Djupedals Ip, Rullstensvägen 1, 435 41 Mölnlycke;Y;57.652820;12.126316;Göteborg;football
7;2026-10-11;15:00;133765;Flickor 2012-2013 Liten 9M9 Lätt Gr. C Höst;3;3;6829093;5;/go-to/?fmid=6829093;Floda BoIF Svart;https://staticcdn.svenskfotboll.se/img/teamssm/11366.png;7;Surte IS FK F13;https://staticcdn.svenskfotboll.se/img/teamssm/12036.png;7;0-0;Flodala IP 3 KG;Flodala IP;Skallsjö Prästväg 14, 448 31 Floda;Y;57.795503;12.346356;Göteborg;football
7;2026-10-11;15:00;133587;Pojkar 2012(14 år) Medel Grupp B;2;3;6621347;5;/go-to/?fmid=6621347;Masthuggets BK Blå;https://staticcdn.svenskfotboll.se/img/teamssm/10643.png;7;Älvsborg FF Vit;https://staticcdn.svenskfotboll.se/img/teamssm/9622.png;7;0-0;Gröna Vallen 1;Gröna Vallen;Gröna Vallen, Svanebäcksgatan 16, 414 71 Göteborg;Y;57.687961;11.917564;Göteborg;football
8;2026-10-11;15:00;139377;P14år Röd C Höst;2;3;6888012;5;/go-to/?fmid=6888012;Skottorps IF Vit;https://staticcdn.svenskfotboll.se/img/teamssm/10302.png;8;SRG Himledalen;https://staticcdn.svenskfotboll.se/img/teamssm/10288.png;8;0-0;Gröningen A1;Gröningen;Gröningens väg 1, 312 77 Skottorp;Y;56.449440;12.954590;Halland;football
7;2026-10-11;15:00;133589;Pojkar 2012(14 år) Lätt Grupp B;2;3;6621960;5;/go-to/?fmid=6621960;Azalea BK Svart;https://staticcdn.svenskfotboll.se/img/teamssm/7817.png;7;IF Warta 2;https://staticcdn.svenskfotboll.se/img/teamssm/9841.png;7;0-0;Heden 4 Konstgräs;Heden;Heden, 411 38 Göteborg;Y;57.702854;11.978368;Göteborg;football
7;2026-10-11;15:00;133588;Pojkar 2012(14 år) Medel Grupp C;2;3;6621434;5;/go-to/?fmid=6621434;IK Zenith Vit;https://staticcdn.svenskfotboll.se/img/teamssm/9829.png;7;Götaholms BK Blå;https://staticcdn.svenskfotboll.se/img/teamssm/9615.png;7;0-0;Hovgårdsvallen 2 Konstgräs (Bjurforsplanen);Hovgårdsvallen;Gamla Lillebyvägen 1, 432 00 Torslanda;Y;57.751235;11.827376;Göteborg;football
7;2026-10-11;15:00;133582;Pojkar 2012(14 år) Svår Grupp B;2;3;6622258;5;/go-to/?fmid=6622258;Jonsereds IF Gul;https://staticcdn.svenskfotboll.se/img/teamssm/9595.png;7;IF Warta;https://staticcdn.svenskfotboll.se/img/teamssm/9841.png;7;0-0;Jonsereds IP II;Jonsereds IP;Jons väg 23, 433 75 Jonsered;Y;57.746215;12.169063;Göteborg;football
7;2026-10-11;15:00;133525;Junior Pojkar Div 2B;2;3;6542897;5;/go-to/?fmid=6542897;Partille IF FK Herrjunior;https://staticcdn.svenskfotboll.se/img/teamssm/12478.png;7;IF Väster;https://staticcdn.svenskfotboll.se/img/teamssm/9861.png;7;0-0;Lexby 2 Konstgräs;Lexby;Lexbyvägen 4, 433 31 Partille;Y;57.745219;12.123472;Göteborg;football
7;2026-10-11;15:00;133575;Pojkar 2011(15 år) Medel Grupp A;2;3;6607784;5;/go-to/?fmid=6607784;Öckerö IF P-11;https://staticcdn.svenskfotboll.se/img/teamssm/9774.png;7;Askims IK;https://staticcdn.svenskfotboll.se/img/teamssm/11617.png;7;0-0;Prästängen 1 Konstgräs;Prästängen;PRÄSTÄNGEN 1, 475 31 Öckerö;Y;57.717030;11.641158;Göteborg;football
7;2026-10-11;15:00;133588;Pojkar 2012(14 år) Medel Grupp C;2;3;6621476;5;/go-to/?fmid=6621476;Öckerö IF Vinröd;https://staticcdn.svenskfotboll.se/img/teamssm/9774.png;7;Öjersjö IF Röd;https://staticcdn.svenskfotboll.se/img/teamssm/7552.png;7;0-0;Prästängen 3 9M9 Konstgräs;Prästängen;PRÄSTÄNGEN 1, 475 31 Öckerö;Y;57.717030;11.641158;Göteborg;football
1;2026-10-11;15:00;131966;Div 1 Södra, dam 2026;3;4;6545781;5;/go-to/?fmid=6545781;Varbergs BoIS FC;https://staticcdn.svenskfotboll.se/img/teamssm/7701.png;8;Eskilsminne IF;https://staticcdn.svenskfotboll.se/img/teamssm/9350.png;14;0-0;Påskbergsvallen;Påskbergsvallen;Påskbergsvallen, Kattegattsvägen, Mariedal, Sörse, Varberg, Varbergs kommun, Hallands län, 432 43, Sverige;Y;57.097747;12.265223;1;football
7;2026-10-11;15:00;133612;Pojkar 2013(13 år) Höst Lätt Grupp A;2;3;6827614;5;/go-to/?fmid=6827614;Ahlafors IF;https://staticcdn.svenskfotboll.se/img/teamssm/11662.png;7;Qviding FIF 3;https://staticcdn.svenskfotboll.se/img/teamssm/8089.png;7;0-0;Svenska Stenhus Arena 32;Sjövallen IP;Sjövallavägen 111, 449 50 Alafors;Y;57.915942;12.107763;Göteborg;football
21;2026-10-11;15:00;136731;Pojkar Div 8 Borås norr;2;3;6723500;5;/go-to/?fmid=6723500;Fristad/Borgstena/Sparsör;https://staticcdn.svenskfotboll.se/img/teamssm/11342.png;21;IF Elfsborg Röd;https://staticcdn.svenskfotboll.se/img/teamssm/11429.png;21;0-0;Trollevi B;Trollevi;Hovalidsvägen 3, 513 50 Sparsör;Y;57.803403;13.013042;Västergötland;football
7;2026-10-11;15:15;133155;Division 7A Herr;2;4;6533629;5;/go-to/?fmid=6533629;Markplan FC;https://staticcdn.svenskfotboll.se/img/teamssm/14771.png;7;Järnbrotts IF;https://staticcdn.svenskfotboll.se/img/teamssm/9594.png;7;0-0;Sälöfjordsvallen 2 K.Gräs;Sälöfjordsvallen;Södra Sälöfjordsgatan 33, 418 73 Göteborg;Y;57.713415;11.904523;Göteborg;football
7;2026-10-11;15:15;133527;Junior Pojkar Div 2A;2;3;6538458;5;/go-to/?fmid=6538458;Lunden Överås BK;https://staticcdn.svenskfotboll.se/img/teamssm/10705.png;7;IK Kongahälla U19;https://staticcdn.svenskfotboll.se/img/teamssm/9590.png;7;0-0;Överåsvallen 1 Konstgräs;Överåsvallen;Skogshyddegatan 16, 412 74 Göteborg;Y;57.707876;12.002439;Göteborg;football
21;2026-10-11;15:30;136302;P15 Regional Norra Götaland;2;3;6614619;5;/go-to/?fmid=6614619;IF Elfsborg;https://staticcdn.svenskfotboll.se/img/teamssm/11429.png;21;Jönköpings Södra IF;https://staticcdn.svenskfotboll.se/img/teamssm/10884.png;15;0-0;Borås Arena 2 konstgräs;Borås Arena;Borås Arena, Ålgårdsvägen 16, 506 30 Borås;Y;57.734400;12.934766;Västergötland;football
7;2026-10-11;15:30;133757;Flickor 2012-2013 Stor 9M9 Medel Gr. A Höst;3;3;6828012;5;/go-to/?fmid=6828012;Mölnlycke IF Svart (F2012);https://staticcdn.svenskfotboll.se/img/teamssm/10594.png;7;Hjuviks AIK Blå F13;https://staticcdn.svenskfotboll.se/img/teamssm/8330.png;7;0-0;Djupedalsplan B Konstgräs;Djupedals IP;Djupedals Ip, Rullstensvägen 1, 435 41 Mölnlycke;Y;57.652820;12.126316;Göteborg;football
7;2026-10-11;15:30;133589;Pojkar 2012(14 år) Lätt Grupp B;2;3;6621978;5;/go-to/?fmid=6621978;Lundby IF P2012 Vit;https://staticcdn.svenskfotboll.se/img/teamssm/11776.png;7;Eriksbergs IF;https://staticcdn.svenskfotboll.se/img/teamssm/9629.png;7;0-0;Fjärdingsplan KG;Fjärdingsplan;Lantmätaregatan 21, 417 06 Göteborg;Y;57.724197;11.939560;Göteborg;football
7;2026-10-11;15:30;133607;Pojkar 2013(13 år) Höst Svår Grupp B;2;3;6829026;5;/go-to/?fmid=6829026;Eriksbergs IF 1;https://staticcdn.svenskfotboll.se/img/teamssm/9629.png;7;Solväders FC;https://staticcdn.svenskfotboll.se/img/teamssm/12147.png;7;0-0;Krokängsplan 12 Konstgräs;Krokängsplan;Säterigatan 15, 417 69 Göteborg;Y;57.702920;11.910432;Göteborg;football
1;2026-10-11;15:30;133297;F17 Div.1 2026 - Götaland Norra;3;3;6590952;5;/go-to/?fmid=6590952;Alingsås Kvinnliga IK /Alingsås IF FF;https://staticcdn.svenskfotboll.se/img/teamssm/8345.png;21;FC Trollhättan;https://staticcdn.svenskfotboll.se/img/teamssm/6983.png;21;0-0;Noltorpsvallen B Konstgräs;Noltorpsvallen;Noltorpsvallen, Mjörnstigen, Noltorp, Alingsås distrikt, Alingsås, Alingsås kommun, Västra Götalands län, 441 56, Sverige;Y;57.936860;12.515810;1;football
7;2026-10-11;15:30;133766;Flickor 2012-2013 Stor 9M9 Lätt Gr. A Höst;3;3;6828150;5;/go-to/?fmid=6828150;Romelanda UF/KFF;https://staticcdn.svenskfotboll.se/img/teamssm/10427.png;7;Hönö IS , Flickor 2012(12 år) Vår 2024;https://staticcdn.svenskfotboll.se/img/teamssm/11038.png;7;0-0;Romevi 4 Gräs;Romevi;Hög 130, 442 92 Romelanda;Y;57.937642;12.038425;Göteborg;football
1;2026-10-11;15:30;138417;P16 Div.1 2026 B-slutspel Västra Götaland;2;3;6911999;5;/go-to/?fmid=6911999;BK Astrio;https://staticcdn.svenskfotboll.se/img/teamssm/9529.png;8;Snöstorp Nyhem FF;https://staticcdn.svenskfotboll.se/img/teamssm/7704.png;8;0-0;Söndrums IP konstgräs;Söndrums IP;Söndrums Idrottsplats, Bäckagårdsvägen, Pålsbo, Bäckagård, Halmstad, Halmstads kommun, Hallands län, 302 91, Sverige;Y;56.670271;12.797138;1;football
1;2026-10-11;16:00;138291;SFL (herr) 2026/27;2;4;6859716;5;/go-to/?fmid=6859716;Borås AIK;https://staticcdn.svenskfotboll.se/img/teamssm/11535.png;21;Ankaret FK;https://staticcdn.svenskfotboll.se/img/teamssm/13144.png;18;0-0;Boråshallen;Bodavallen;Sjumilagatan 10, 507 42 Borås;N;57.729911;12.992380;1;football
1;2026-10-11;16:00;131380;F19 div. 1 Södra, 2026;3;3;6564369;5;/go-to/?fmid=6564369;IF Elfsborg;https://staticcdn.svenskfotboll.se/img/teamssm/11429.png;21;IFK Norrköping FK;https://staticcdn.svenskfotboll.se/img/teamssm/10981.png;24;0-0;Borås Arena;Borås Arena;Borås Arena, Ålgårdsvägen 16, 506 30 Borås;Y;57.734400;12.934766;1;football
7;2026-10-11;16:00;133950;Division 5B Dam;3;4;6534156;5;/go-to/?fmid=6534156;Floda BoIF (U);https://staticcdn.svenskfotboll.se/img/teamssm/11366.png;7;IF Väster;https://staticcdn.svenskfotboll.se/img/teamssm/9861.png;7;0-0;Flodala IP 1 Gräs;Flodala IP;Skallsjö Prästväg 14, 448 31 Floda;Y;57.795503;12.346356;Göteborg;football
7;2026-10-11;16:00;133678;Pojkar 2016(10 år) Grupp B Höst;2;2;6841990;5;/go-to/?fmid=6841990;Hjuviks AIK P2016 Vit;https://staticcdn.svenskfotboll.se/img/teamssm/8330.png;7;Serbiska KIF Semberija Göteborg 1;https://staticcdn.svenskfotboll.se/img/teamssm/7595.png;7;-1--1;21:47 Arena 11;Hästevik;Torslanda Hästeviks väg, 423 41 Torslanda;Y;57.718779;11.721591;Göteborg;football
7;2026-10-11;16:00;133802;7M7 Serie B, dam;3;5;6563379;5;/go-to/?fmid=6563379;Kärra KIF;https://staticcdn.svenskfotboll.se/img/teamssm/10780.png;7;Floda BoIF;https://staticcdn.svenskfotboll.se/img/teamssm/11366.png;7;0-0;Klarebergsvallen 3 Konstgräs 7M7;Klarebergsvallen;Burmans Gata 3, 425 33 Hisings Kärra;Y;57.798761;11.987168;Göteborg;football
8;2026-10-11;16:00;136282;Division 4 Dam Halland;3;4;6612631;5;/go-to/?fmid=6612631;FC Lagan;https://staticcdn.svenskfotboll.se/img/teamssm/9475.png;8;Slöinge GOIF;https://staticcdn.svenskfotboll.se/img/teamssm/9491.png;8;0-0;L:a Tjärby IP A;L:a Tjärby IP;Fridhemsvägen 54, 312 35 Laholm;Y;56.530665;13.062072;Halland;football
21;2026-10-11;16:00;137314;Herrar, Utveckling B Ulricehamn;2;4;6744348;5;/go-to/?fmid=6744348;Södra Vings IF U;https://staticcdn.svenskfotboll.se/img/teamssm/10118.png;21;Länghems IF U;https://staticcdn.svenskfotboll.se/img/teamssm/10688.png;21;0-0;Slottsvallen;Slottsvallen;Öndarpsvägen 1A, 523 74 Hökerum;Y;57.847580;13.291819;Västergötland;football
21;2026-10-11;16:00;136673;Damer, Utveckling Östra;3;4;6764087;5;/go-to/?fmid=6764087;Hörnebo SK U;https://staticcdn.svenskfotboll.se/img/teamssm/11036.png;21;IFK Hjo Dam U;https://staticcdn.svenskfotboll.se/img/teamssm/11007.png;21;0-0;Sportparken Konstgräs;Sportparken;Gymnasiegatan 31, 543 32 Tibro;Y;58.413501;14.169710;Västergötland;football
8;2026-10-11;16:00;136282;Division 4 Dam Halland;3;4;6612655;5;/go-to/?fmid=6612655;Tvååkers IF;https://staticcdn.svenskfotboll.se/img/teamssm/9483.png;8;Torup/Rydö FF;https://staticcdn.svenskfotboll.se/img/teamssm/7097.png;8;0-0;Övrevi C;Övrevi;Övrevi idrottsplats, N 760, Stenen, Övreby, Tvååker, Varbergs kommun, Hallands län, 432 78, Sverige;Y;57.046115;12.379083;Halland;football
7;2026-10-11;16:15;133153;Division 6B Herr;2;4;6534286;5;/go-to/?fmid=6534286;Gambian Mix IF Göteborg;https://staticcdn.svenskfotboll.se/img/teamssm/13251.png;7;Ösets BK;https://staticcdn.svenskfotboll.se/img/teamssm/9533.png;7;0-0;Generatorsplan;Generatorsplan;Minelundsvägen 14, 417 05 Göteborg;Y;57.730133;11.950968;Göteborg;football
7;2026-10-11;16:15;133156;Division 7B Herr;2;4;6534426;5;/go-to/?fmid=6534426;BK S:t Jakob;https://staticcdn.svenskfotboll.se/img/teamssm/7175.png;7;Lyckans Soldater FF;https://staticcdn.svenskfotboll.se/img/teamssm/14763.png;7;0-0;Heden 3 Konstgräs;Heden;Heden, 411 38 Göteborg;Y;57.702854;11.978368;Göteborg;football
7;2026-10-11;16:15;133801;7M7 Serie A, dam;3;5;6563316;5;/go-to/?fmid=6563316;Gårda BK;https://staticcdn.svenskfotboll.se/img/teamssm/9617.png;7;IF Mölndal Fotboll;https://staticcdn.svenskfotboll.se/img/teamssm/9569.png;7;0-0;Härlanda 11;Härlanda Park;Härlanda Park 6B, 416 52 Göteborg;Y;57.716492;12.017055;Göteborg;football
7;2026-10-11;16:15;133527;Junior Pojkar Div 2A;2;3;6538461;5;/go-to/?fmid=6538461;Askims IK;https://staticcdn.svenskfotboll.se/img/teamssm/11617.png;7;Qviding FIF;https://staticcdn.svenskfotboll.se/img/teamssm/8089.png;7;0-0;Kobbegården 1 Konstgräs;Kobbegården;Stora Åvägen 1, 436 34 Askim;Y;57.639723;11.944383;Göteborg;football
7;2026-10-11;16:15;133609;Pojkar 2013(13 år) Höst Medel Grupp C;2;3;6828783;5;/go-to/?fmid=6828783;IK Kongahälla Grön;https://staticcdn.svenskfotboll.se/img/teamssm/9590.png;7;Nol IK;https://staticcdn.svenskfotboll.se/img/teamssm/10573.png;7;0-0;Munkegärdesplan Konstgräs;Munkegärdesplan;Räfsalsvägen 11, 442 42 Kungälv;Y;57.890004;11.967916;Göteborg;football
7;2026-10-11;16:15;133525;Junior Pojkar Div 2B;2;3;6542863;5;/go-to/?fmid=6542863;Älvsborg FF 2;https://staticcdn.svenskfotboll.se/img/teamssm/9622.png;7;Kållered SK;https://staticcdn.svenskfotboll.se/img/teamssm/10787.png;7;0-0;Påvelund 1 Konstgräs;Påvelund;Redegatan 18, 426 77 Västra Frölunda;Y;57.668781;11.881476;Göteborg;football
7;2026-10-11;16:15;133616;Pojkar 2013(13 år) Höst Lätt Grupp C;2;3;6828553;5;/go-to/?fmid=6828553;Näsets SK Vit;https://staticcdn.svenskfotboll.se/img/teamssm/10510.png;7;Lindome GIF Vit;https://staticcdn.svenskfotboll.se/img/teamssm/10741.png;7;0-0;Näset Yuncture Arena 12;Åkeredsvallen;Bergsätersgatan 1, 421 66 Västra Frölunda;Y;57.631456;11.900982;Göteborg;football
7;2026-10-11;16:30;138540;P17 Kval Grupp C;2;3;6907489;5;/go-to/?fmid=6907489;Backatorp IF;https://staticcdn.svenskfotboll.se/img/teamssm/11915.png;7;Ale United;https://staticcdn.svenskfotboll.se/img/teamssm/11662.png;7;0-0;Backavallen 1 Konstgräs;Backavallen;Wadköpingsgatan 153, 422 51 Hisings Backa;Y;57.745322;11.967003;Göteborg;football
7;2026-10-11;16:30;133767;Flickor 2012-2013 Stor 9M9 Lätt Gr. C Höst;3;3;6828057;5;/go-to/?fmid=6828057;Sandarna BK Röd;https://staticcdn.svenskfotboll.se/img/teamssm/10367.png;7;GAIS F2012;https://staticcdn.svenskfotboll.se/img/teamssm/9614.png;7;0-0;Gröna Vallen 1;Gröna Vallen;Gröna Vallen, Svanebäcksgatan 16, 414 71 Göteborg;Y;57.687961;11.917564;Göteborg;football
1;2026-10-11;16:30;133348;Allsvenskan 2026;2;4;6530009;5;/go-to/?fmid=6530009;BK Häcken;https://staticcdn.svenskfotboll.se/img/teamssm/11080.png;7;Örgryte IS Fotboll;https://staticcdn.svenskfotboll.se/img/teamssm/12910.png;7;0-0;Nordic Wellness Arena;Nordic Wellness Arena;Inlandsgatan 48, 417 15 Göteborg;Y;57.719843;11.932408;1;football
7;2026-10-11;16:30;133588;Pojkar 2012(14 år) Medel Grupp C;2;3;6621479;5;/go-to/?fmid=6621479;Lerums IS Röd;https://staticcdn.svenskfotboll.se/img/teamssm/10756.png;7;IF Mölndal Fotboll Vit;https://staticcdn.svenskfotboll.se/img/teamssm/9569.png;7;0-0;Stenkullens IP 2 KG;Stenkullens IP;Granitvägen 3, 443 61 Stenkullen;Y;57.795326;12.310226;Göteborg;football
21;2026-10-11;17:00;139928;Kval till SvFF:s P16 Div.1 - Grupp C;2;3;6913650;5;/go-to/?fmid=6913650;IFK Falköping FF;https://staticcdn.svenskfotboll.se/img/teamssm/7190.png;21;Mariestads BK;https://staticcdn.svenskfotboll.se/img/teamssm/8679.png;21;0-0;Ållevi Konstgräs;;;N;;;Västergötland;football
1;2026-10-11;17:00;138418;P16 Div.1 2026 B-slutspel Norra Götaland;2;3;6911937;5;/go-to/?fmid=6911937;IFK Uddevalla;https://staticcdn.svenskfotboll.se/img/teamssm/8505.png;28;Lidköpings FK;https://staticcdn.svenskfotboll.se/img/teamssm/8704.png;21;0-0;Fridhemsvallen;Fridhemsvallen;Fridhemsvallen, Fridhemsvägen, 451 93 Uddevalla;Y;58.381083;11.937419;1;football
7;2026-10-11;17:00;133798;Flickor 2015(11 år) Grupp D Höst;3;2;6840803;5;/go-to/?fmid=6840803;IK Zenith Grön;https://staticcdn.svenskfotboll.se/img/teamssm/9829.png;7;Kode IF;https://staticcdn.svenskfotboll.se/img/teamssm/10828.png;7;-1--1;Hovgårdsvallen 31 Konstgräs(Masterservice planen);Hovgårdsvallen;Gamla Lillebyvägen 1, 432 00 Torslanda;Y;57.751235;11.827376;Göteborg;football
7;2026-10-11;17:00;133586;Pojkar 2012(14 år) Svår Grupp A;2;3;6622167;5;/go-to/?fmid=6622167;IFK Göteborg;https://staticcdn.svenskfotboll.se/img/teamssm/11012.png;7;GAIS Akademi;https://staticcdn.svenskfotboll.se/img/teamssm/9614.png;7;0-0;Kviberg 6 KG;Kviberg;Luftvärnsvägen, 415 06 Göteborg;Y;57.737550;12.038540;Göteborg;football
7;2026-10-11;17:00;136461;Fotbollsligan 7M7 Herr Höst GrpB;2;5;6829519;5;/go-to/?fmid=6829519;Framtida IF;https://staticcdn.svenskfotboll.se/img/teamssm/13546.png;7;Kortedala IK;https://staticcdn.svenskfotboll.se/img/teamssm/13561.png;7;0-0;Kviberg 1 konstgräs;Kviberg;Luftvärnsvägen, 415 06 Göteborg;Y;57.737550;12.038540;Göteborg;football
8;2026-10-11;17:00;137618;F14år Röd;3;3;6778830;5;/go-to/?fmid=6778830;IF Centern;https://staticcdn.svenskfotboll.se/img/teamssm/9527.png;8;Lilla Träslövs FF;https://staticcdn.svenskfotboll.se/img/teamssm/9502.png;8;0-0;Kärlekens IP 3;Kärlekens IP;Kärlekens IP, Stenstorpsvägen, 302 30 Halmstad;Y;56.704171;12.857281;Halland;football
7;2026-10-11;17:00;133592;Pojkar 2012(14 år) Svår Grupp C;2;3;6622349;5;/go-to/?fmid=6622349;Lindome GIF Svart;https://staticcdn.svenskfotboll.se/img/teamssm/10741.png;7;GAIS 4;https://staticcdn.svenskfotboll.se/img/teamssm/9614.png;7;0-0;Lindevi IP 3 Konstgräs;Lindevi IP;Hällesåkersvägen 5, 437 91 Lindome;Y;57.585286;12.108877;Göteborg;football
8;2026-10-11;17:00;136282;Division 4 Dam Halland;3;4;6612789;5;/go-to/?fmid=6612789;Tofta GIF;https://staticcdn.svenskfotboll.se/img/teamssm/10084.png;8;Hyltebruks IF;https://staticcdn.svenskfotboll.se/img/teamssm/11090.png;8;0-0;Lindvallen A;Lindvallen;Lindvallen, Skyttevägen, Tofta, Varbergs kommun, Hallands län, 432 47, Sverige;Y;57.171079;12.289643;Halland;football
21;2026-10-11;17:00;139927;Kval till SvFF:s P16 Div.1 - Grupp B;2;3;6913640;5;/go-to/?fmid=6913640;Råda BK;https://staticcdn.svenskfotboll.se/img/teamssm/10400.png;21;Skoftebyns IF;https://staticcdn.svenskfotboll.se/img/teamssm/8653.png;21;0-0;Rådavallen Dinaplanen konstgräs;Rådavallen;Rådavallen, Vattenledningsvägen, Råda, Råda distrikt, Lidköpings kommun, Västra Götalands län, 531 59, Sverige;Y;58.499337;13.102725;Västergötland;football
7;2026-10-11;17:15;133588;Pojkar 2012(14 år) Medel Grupp C;2;3;6621478;5;/go-to/?fmid=6621478;IK Kongahälla Vit;https://staticcdn.svenskfotboll.se/img/teamssm/9590.png;7;Floda BoIF Vit;https://staticcdn.svenskfotboll.se/img/teamssm/11366.png;7;0-0;Romevi 3 Konstgräs;Romevi;Hög 130, 442 92 Romelanda;Y;57.937642;12.038425;Göteborg;football
7;2026-10-11;17:15;133441;Junior Pojkar Div 1;2;3;6538255;5;/go-to/?fmid=6538255;Västra Frölunda IF;https://staticcdn.svenskfotboll.se/img/teamssm/9853.png;7;Lerums IS;https://staticcdn.svenskfotboll.se/img/teamssm/10756.png;7;0-0;Välen 1 Konstgräs;Välen;Klubbvägen 20, 421 47 Västra Frölunda;Y;57.642584;11.919773;Göteborg;football
8;2026-10-11;17:30;136222;P15år;2;3;6598709;5;/go-to/?fmid=6598709;BK Astrio;https://staticcdn.svenskfotboll.se/img/teamssm/9529.png;8;Kungsbacka IF;https://staticcdn.svenskfotboll.se/img/teamssm/9505.png;8;0-0;Söndrums IP konstgräs;Söndrums IP;Söndrums Idrottsplats, Bäckagårdsvägen, Pålsbo, Bäckagård, Halmstad, Halmstads kommun, Hallands län, 302 91, Sverige;Y;56.670271;12.797138;Halland;football
7;2026-10-11;17:45;133659;Pojkar 2015(11 år) Grupp E Höst;2;2;6846156;5;/go-to/?fmid=6846156;IF Mölndal Fotboll Gul;https://staticcdn.svenskfotboll.se/img/teamssm/9569.png;7;Azalea BK Vit;https://staticcdn.svenskfotboll.se/img/teamssm/7817.png;7;-1--1;Frejaplan 11 K.Gräs;Frejaplan;Fiskargatan, 431 43 Mölndal;Y;57.656471;12.005152;Göteborg;football
7;2026-10-11;18:00;136461;Fotbollsligan 7M7 Herr Höst GrpB;2;5;6829508;5;/go-to/?fmid=6829508;Club América FF;https://staticcdn.svenskfotboll.se/img/teamssm/13314.png;7;Hermansby IF;https://staticcdn.svenskfotboll.se/img/teamssm/11150.png;7;0-0;Färjenäsplan;Färjenäsplan;Pölsebogatan, 417 67 Göteborg;Y;57.697441;11.901198;Göteborg;football
7;2026-10-11;18:00;133801;7M7 Serie A, dam;3;5;6563343;5;/go-to/?fmid=6563343;Lerums IS;https://staticcdn.svenskfotboll.se/img/teamssm/10756.png;7;IK Zenith;https://staticcdn.svenskfotboll.se/img/teamssm/9829.png;7;0-0;Hulan;Hulan;Lilla Bråtavägen, 443 51 Lerum;Y;57.750361;12.243393;Göteborg;football
7;2026-10-11;18:00;133631;Pojkar 2014(12 år) Grupp C Höst;2;2;6838401;5;/go-to/?fmid=6838401;Qviding FIF Vinröd 2;https://staticcdn.svenskfotboll.se/img/teamssm/8089.png;7;Marieholm IK Vit;https://staticcdn.svenskfotboll.se/img/teamssm/13640.png;7;-1--1;Härlanda 21;Härlanda Park;Härlanda Park 6B, 416 52 Göteborg;Y;57.716492;12.017055;Göteborg;football
7;2026-10-11;18:00;133117;Träningsmatcher Ungdomar Göteborg Pojk;2;3;6913700;5;/go-to/?fmid=6913700;Utbynäs SK Blå;https://staticcdn.svenskfotboll.se/img/teamssm/9983.png;7;Hjuviks AIK;https://staticcdn.svenskfotboll.se/img/teamssm/8330.png;7;0-0;Kviberg 5 konstgräs;Kviberg;Luftvärnsvägen, 415 06 Göteborg;Y;57.737550;12.038540;Göteborg;football
7;2026-10-11;18:00;133764;Flickor 2012-2013 Liten 9M9 Lätt Gr. B Höst;3;3;6828261;5;/go-to/?fmid=6828261;Kungälvs FF/Romelanda UF;https://staticcdn.svenskfotboll.se/img/teamssm/8050.png;7;Kållered SK Blå;https://staticcdn.svenskfotboll.se/img/teamssm/10787.png;7;0-0;Munkegärdesplan 21 Konstgräs;Munkegärdesplan;Räfsalsvägen 11, 442 42 Kungälv;Y;57.890004;11.967916;Göteborg;football
7;2026-10-11;18:00;133746;Flickor 2010-2011 Medel Grupp B;3;3;6585521;5;/go-to/?fmid=6585521;Kungsbacka IF F15;https://staticcdn.svenskfotboll.se/img/teamssm/9505.png;8;IFK Hindås F-10/11;https://staticcdn.svenskfotboll.se/img/teamssm/11008.png;7;0-0;Tingbergsvallen B;Tingbergsvallen;Borgmästaregatan 12, 434 32 Kungsbacka;Y;57.491213;12.068723;Göteborg;football
21;2026-10-11;18:00;139926;Kval till SvFF:s P16 Div.1 - Grupp A;2;3;6913635;5;/go-to/?fmid=6913635;Vänersborgs IF;https://staticcdn.svenskfotboll.se/img/teamssm/8627.png;21;Ulricehamns IFK;https://staticcdn.svenskfotboll.se/img/teamssm/7738.png;21;0-0;Vänersvallen Nord;Vänersvallen;Gropbrovägen 4, 462 56 Vänersborg;Y;58.367442;12.323966;Västergötland;football
7;2026-10-11;18:00;133198;Division 5A Dam;3;4;6533937;5;/go-to/?fmid=6533937;Älvängens IK (B);https://staticcdn.svenskfotboll.se/img/teamssm/9783.png;7;IK Kongahälla (U);https://staticcdn.svenskfotboll.se/img/teamssm/9590.png;7;0-0;Älvevi 21 Konstgräs;Älvevi;Hövägen 23, 446 32 Älvängen;Y;57.954092;12.123567;Göteborg;football
7;2026-10-11;18:15;133577;Pojkar 2011(15 år) Svår Grupp A;2;3;6608315;5;/go-to/?fmid=6608315;Croatia Göteborg;https://staticcdn.svenskfotboll.se/img/teamssm/9633.png;7;IK Zenith Grön;https://staticcdn.svenskfotboll.se/img/teamssm/9829.png;7;0-0;Bergsjövallen 2 Konstgräs;Bergsjövallen;Sjustjärnan 20, 415 51 Göteborg;Y;57.750377;12.057010;Göteborg;football
7;2026-10-11;18:15;133441;Junior Pojkar Div 1;2;3;6538316;5;/go-to/?fmid=6538316;Hovås Billdal IF 1;https://staticcdn.svenskfotboll.se/img/teamssm/11109.png;7;Ytterby IS;https://staticcdn.svenskfotboll.se/img/teamssm/9832.png;7;0-0;Hovås Billdal Arena 1;Hovås Billdal Arena;Kruniusvägen, 427 36 Billdal;Y;57.589555;11.946909;Göteborg;football
7;2026-10-11;19:00;133802;7M7 Serie B, dam;3;5;6563393;5;/go-to/?fmid=6563393;Utbynäs SK;https://staticcdn.svenskfotboll.se/img/teamssm/9983.png;7;Hermansby IF;https://staticcdn.svenskfotboll.se/img/teamssm/11150.png;7;0-0;Lemmingvallen 21 Konstgräs;Lemmingvallen;Lemmingsgatan 5, 415 07 Göteborg;Y;57.734850;12.052148;Göteborg;football
7;2026-10-11;19:00;133588;Pojkar 2012(14 år) Medel Grupp C;2;3;6621412;5;/go-to/?fmid=6621412;Floda BoIF Vit;https://staticcdn.svenskfotboll.se/img/teamssm/11366.png;7;IK Kongahälla Vit;https://staticcdn.svenskfotboll.se/img/teamssm/9590.png;7;0-0;Romevi 3 Konstgräs;Romevi;Hög 130, 442 92 Romelanda;Y;57.937642;12.038425;Göteborg;football
7;2026-10-11;19:15;133157;Division 7C Herr;2;4;6534582;5;/go-to/?fmid=6534582;Neutrala UF;https://staticcdn.svenskfotboll.se/img/teamssm/11940.png;7;Goldcoast FC;https://staticcdn.svenskfotboll.se/img/teamssm/13374.png;7;0-0;Fjärdingsplan KG;Fjärdingsplan;Lantmätaregatan 21, 417 06 Göteborg;Y;57.724197;11.939560;Göteborg;football
7;2026-10-11;19:30;133577;Pojkar 2011(15 år) Svår Grupp A;2;3;6608263;5;/go-to/?fmid=6608263;Qviding FIF 1;https://staticcdn.svenskfotboll.se/img/teamssm/8089.png;7;Fässbergs IF Lila;https://staticcdn.svenskfotboll.se/img/teamssm/9620.png;7;0-0;Härlanda Park 1 Konstgräs;Härlanda Park;Härlanda Park 6B, 416 52 Göteborg;Y;57.716492;12.017055;Göteborg;football
7;2026-10-11;19:45;136459;Fotbollsligan 7M7 Herr Höst GrpA;2;5;6829590;5;/go-to/?fmid=6829590;Alealiber IF;https://staticcdn.svenskfotboll.se/img/teamssm/13380.png;7;Näsets SK;https://staticcdn.svenskfotboll.se/img/teamssm/10510.png;7;0-0;Heden 21 Konstgräs;Heden;Heden, 411 38 Göteborg;Y;57.702854;11.978368;Göteborg;football
8;2026-10-12;11:00;137649;P14år Vit;2;3;6781242;5;/go-to/?fmid=6781242;Halmstads BK Blå;https://staticcdn.svenskfotboll.se/img/teamssm/9517.png;8;Halmstads BK Gul;https://staticcdn.svenskfotboll.se/img/teamssm/9517.png;8;0-0;Halmstad Arena P7;Halmstad Arena;Kristinehedsvägen 4B, 302 44 Halmstad;Y;56.675943;12.888513;Halland;football
1;2026-10-12;14:00;135385;Ligacupen Elit Västra;2;4;6581949;5;/go-to/?fmid=6581949;Örgryte IS Fotboll;https://staticcdn.svenskfotboll.se/img/teamssm/12910.png;7;IK Oddevold;https://staticcdn.svenskfotboll.se/img/teamssm/10500.png;28;0-0;Hammarviken Arena;ÖIS-gården;Korndalsvägen 3, 412 76 Göteborg;Y;57.675233;12.028495;1;football
7;2026-10-12;17:15;133814;Flickor 2016(10 år) Grupp E Höst;3;2;6829820;5;/go-to/?fmid=6829820;Öjersjö IF F16 Blå;https://staticcdn.svenskfotboll.se/img/teamssm/7552.png;7;Sävedalens IF Blå;https://staticcdn.svenskfotboll.se/img/teamssm/9545.png;7;-1--1;Storegård;Storegård;Ekeblads väg, 433 51 Öjersjö;Y;57.702225;12.142051;Göteborg;football
7;2026-10-12;18:15;133607;Pojkar 2013(13 år) Höst Svår Grupp B;2;3;6828987;5;/go-to/?fmid=6828987;Proletären FF;https://staticcdn.svenskfotboll.se/img/teamssm/10466.png;7;Solväders FC;https://staticcdn.svenskfotboll.se/img/teamssm/12147.png;7;0-0;Åkeredsvallen 22 Konstgräs;Åkeredsvallen;Bergsätersgatan 1, 421 66 Västra Frölunda;Y;57.631456;11.900982;Göteborg;football
7;2026-10-12;18:20;133744;Flickor 2010-2011 Lätt Grupp A;3;3;6585020;5;/go-to/?fmid=6585020;Angereds IS F10/11;https://staticcdn.svenskfotboll.se/img/teamssm/12744.png;7;Ytterby IS F11;https://staticcdn.svenskfotboll.se/img/teamssm/9832.png;7;0-0;Gunnaredsplan 1 Konstgräs;Gunnaredsplan;Gunnaredsvallen 4, 413 22 Göteborg;Y;57.800277;12.065439;Göteborg;football
8;2026-10-12;18:30;137261;Nivå 3 Mellersta Södra Herrar;2;4;6733884;5;/go-to/?fmid=6733884;Hyltebruks IF;https://staticcdn.svenskfotboll.se/img/teamssm/11090.png;8;Oskarströms IS U;https://staticcdn.svenskfotboll.se/img/teamssm/10488.png;8;0-0;Örnvallen konstgräs;Örnvallen;Gamla Nissastigen 77, 314 32 Hyltebruk;Y;57.004760;13.250475;Halland;football
21;2026-10-12;19:00;136272;Herrar, U21 Västergötland;2;4;6632185;5;/go-to/?fmid=6632185;Vara SK U21;https://staticcdn.svenskfotboll.se/img/teamssm/9966.png;21;IK Gauthiod U21;https://staticcdn.svenskfotboll.se/img/teamssm/11304.png;21;0-0;Bendersvallen Konstgräs;Bendersvallen;Gradgatan 3, 534 50 Vara;Y;58.264542;12.975519;Västergötland;football
1;2026-10-12;19:00;133348;Allsvenskan 2026;2;4;6530012;5;/go-to/?fmid=6530012;IF Elfsborg;https://staticcdn.svenskfotboll.se/img/teamssm/11429.png;21;Halmstad;https://staticcdn.svenskfotboll.se/img/teamssm/12921.png;8;0-0;Borås Arena;Borås Arena;Borås Arena, Ålgårdsvägen 16, 506 30 Borås;Y;57.734400;12.934766;1;football
21;2026-10-12;19:00;136514;Pojkar Div 4 Trollhättan;2;3;6709023;5;/go-to/?fmid=6709023;Holmalund City FF;https://staticcdn.svenskfotboll.se/img/teamssm/11125.png;21;Trollhättan BOIS;https://staticcdn.svenskfotboll.se/img/teamssm/8643.png;21;0-0;Östlyckevallen;Brogårdsvallen;Brogårdsvallen, Mångatan, Östlyckan, Alingsås distrikt, Alingsås, Alingsås kommun, Västra Götalands län, 441 35, Sverige;Y;57.931561;12.549578;Västergötland;football
1;2026-10-12;19:00;133339;Ettan Södra, herr 2026;2;4;6538146;5;/go-to/?fmid=6538146;Laholms FK;https://staticcdn.svenskfotboll.se/img/teamssm/9504.png;8;Tvååkers IF;https://staticcdn.svenskfotboll.se/img/teamssm/9483.png;8;0-0;Glänninge Park B;Glänninge Park;Hellbakken 1, 312 36 Laholm;Y;56.501248;13.054870;1;football
1;2026-10-12;19:00;135385;Ligacupen Elit Västra;2;4;6581946;5;/go-to/?fmid=6581946;Varbergs BoIS FC;https://staticcdn.svenskfotboll.se/img/teamssm/7701.png;8;Ljungskile SK Herrfotboll;https://staticcdn.svenskfotboll.se/img/teamssm/13211.png;28;0-0;Påskbergsvallen;Påskbergsvallen;Påskbergsvallen, Kattegattsvägen, Mariedal, Sörse, Varberg, Varbergs kommun, Hallands län, 432 43, Sverige;Y;57.097747;12.265223;1;football
28;2026-10-12;19:00;135691;BDFF P15-19 Blå Norra;2;3;6683798;5;/go-to/?fmid=6683798;Eds FF P 15-19 år;https://staticcdn.svenskfotboll.se/img/teamssm/11441.png;28;Tanums IF 15-19år;https://staticcdn.svenskfotboll.se/img/teamssm/10104.png;28;0-0;SJB Arena;SJB Arena;SJB Arena, Stubbekasvägen, Ed, Dals-Eds kommun, Västra Götalands län, 668 30, Sverige;Y;58.907774;11.944674;Bohuslän-Dalsland;football
1;2026-10-12;19:15;138411;P17 Div.1 2026 B-slutspel Nordvästra Götaland;2;3;6912032;5;/go-to/?fmid=6912032;Vänersborgs FK;https://staticcdn.svenskfotboll.se/img/teamssm/8626.png;21;IK Oddevold;https://staticcdn.svenskfotboll.se/img/teamssm/10500.png;28;0-0;Hallevi IP, Wargön C-plan;Hallevi IP;Nordkroksvägen 85, 468 33 Vargön;Y;58.366825;12.400851;1;football
1;2026-10-12;19:15;129332;P19 Div.1 2026 Norra Götaland;2;3;6583474;5;/go-to/?fmid=6583474;Vänersborgs IF;https://staticcdn.svenskfotboll.se/img/teamssm/8627.png;21;Lidköpings FK;https://staticcdn.svenskfotboll.se/img/teamssm/8704.png;21;0-0;Vänersvallen Nord;Vänersvallen;Gropbrovägen 4, 462 56 Vänersborg;Y;58.367442;12.323966;1;football
21;2026-10-12;19:30;136510;Pojkar Div 4 Borås;2;3;6711027;5;/go-to/?fmid=6711027;Hestrafors IF;https://staticcdn.svenskfotboll.se/img/teamssm/11145.png;21;Bergdalens IK;https://staticcdn.svenskfotboll.se/img/teamssm/11592.png;21;0-0;Bollevi Konstgräs;Bollevi;BRANDSHED 44, 517 92 Bollebygd;Y;57.710389;12.582741;Västergötland;football
7;2026-10-12;19:35;133573;Pojkar 2009-2010(16-17 år) Lätt Grupp A;2;3;6600193;5;/go-to/?fmid=6600193;Donsö IS;https://staticcdn.svenskfotboll.se/img/teamssm/9631.png;7;Sävedalens IF Röd;https://staticcdn.svenskfotboll.se/img/teamssm/9545.png;7;0-0;Donsövallen;Donsövallen;Donsövallen, Lurkenvägen 2, 430 82 Donsö;Y;57.605163;11.805907;Göteborg;football
7;2026-10-12;19:45;133198;Division 5A Dam;3;4;6534022;5;/go-to/?fmid=6534022;Öckerö IF (B);https://staticcdn.svenskfotboll.se/img/teamssm/9774.png;7;Hälsö BK;https://staticcdn.svenskfotboll.se/img/teamssm/11065.png;7;0-0;Prästängen 1 Konstgräs;Prästängen;PRÄSTÄNGEN 1, 475 31 Öckerö;Y;57.717030;11.641158;Göteborg;football
7;2026-10-12;20:00;133745;Flickor 2010-2011 Lätt Grupp B;3;3;6585130;5;/go-to/?fmid=6585130;Surte/Ahlafors;https://staticcdn.svenskfotboll.se/img/teamssm/12036.png;7;Bergums IF U-trupp flickor 2011-2012;https://staticcdn.svenskfotboll.se/img/teamssm/11584.png;7;0-0;Surte 2 Konstgräs;Surte IP;Idrottsvägen 4, 445 55 Surte;Y;57.836279;12.017412;Göteborg;football
7;2026-10-12;20:15;133570;Pojkar 2009-2010(16-17 år) Svår Grupp A;2;3;6602039;5;/go-to/?fmid=6602039;Sandarna BK Röd;https://staticcdn.svenskfotboll.se/img/teamssm/10367.png;7;Landvetter IS;https://staticcdn.svenskfotboll.se/img/teamssm/10768.png;7;0-0;Påvelund 1 Konstgräs;Påvelund;Redegatan 18, 426 77 Västra Frölunda;Y;57.668781;11.881476;Göteborg;football
7;2026-10-12;20:15;133580;Pojkar 2011(15 år) Lätt Grupp B;2;3;6607649;5;/go-to/?fmid=6607649;Sävedalens IF Röd;https://staticcdn.svenskfotboll.se/img/teamssm/9545.png;7;Floda BoIF P11;https://staticcdn.svenskfotboll.se/img/teamssm/11366.png;7;0-0;Vallhamra 2 Konstgräs;Vallhamra IP;Ugglumsleden 48, 433 64 Sävedalen;Y;57.724452;12.079253;Göteborg;football
