Serie_Match_AssId;Datum;Klockslag;SerieId;SerieNamn;SerieKönId;ÅldersKatId;MatchId;MatchStatus;MatchUrl;HemmalagNamn;HemmalagLogoUrl;HemmalagAssId;BortalagNamn;BortalagLogoUrl;BortalagAssId;MatchResultat;ArenaNamn;ArenaKluster;ArenaKlusterAdress;SäkerMapping;LS_Lat;LS_Long;LS_admin;LS_sport
1;2026-10-06;17:00;135385;Ligacupen Elit Västra;2;4;6581939;4;/go-to/?fmid=6581939;GAIS;https://staticcdn.svenskfotboll.se/img/teamssm/9614.png;7;Norrby IF;https://staticcdn.svenskfotboll.se/img/teamssm/10554.png;21;4-1;Ramnavallen konstgräs;;;N;;;1;football
1;2026-10-06;17:00;137810;Svenska Cupen 2026/27 omg. 1-2;2;4;6827321;4;/go-to/?fmid=6827321;FC Trollhättan;https://staticcdn.svenskfotboll.se/img/teamssm/6983.png;21;Mjällby AIF;https://staticcdn.svenskfotboll.se/img/teamssm/10629.png;2;1-0;Edsborgs IP A-plan;Edsborgs IP;Edsborgs idrottsplats, Solrosvägen, Stavre, Trollhättan, Trollhättans kommun, Västra Götalands län, 461 43, Sverige;Y;58.290180;12.312179;1;football
7;2026-10-06;17:00;133683;Pojkar 2016(10 år) Grupp G Höst;2;2;6844289;5;/go-to/?fmid=6844289;Lundby IF P2016 Röd;https://staticcdn.svenskfotboll.se/img/teamssm/11776.png;7;Torslanda IK Sharks;https://staticcdn.svenskfotboll.se/img/teamssm/10068.png;7;-1--1;Fjärdingsplan 11 KG;Fjärdingsplan;Lantmätaregatan 21, 417 06 Göteborg;Y;57.724197;11.939560;Göteborg;football
7;2026-10-06;17:00;133837;Flickor 2017(9 år) Hisingen Grupp A Höst;3;2;6831739;5;/go-to/?fmid=6831739;Hjuviks AIK F2017 Blå;https://staticcdn.svenskfotboll.se/img/teamssm/8330.png;7;Säve SK F17;https://staticcdn.svenskfotboll.se/img/teamssm/10135.png;7;-1--1;21:47 Arena 11;Hästevik;Torslanda Hästeviks väg, 423 41 Torslanda;Y;57.718779;11.721591;Göteborg;football
7;2026-10-06;17:00;133837;Flickor 2017(9 år) Hisingen Grupp A Höst;3;2;6831740;5;/go-to/?fmid=6831740;Hjuviks AIK F2017 Vit;https://staticcdn.svenskfotboll.se/img/teamssm/8330.png;7;IK Zenith F2017 1;https://staticcdn.svenskfotboll.se/img/teamssm/9829.png;7;-1--1;Hästevik 7M7;Hästevik;Torslanda Hästeviks väg, 423 41 Torslanda;Y;57.718779;11.721591;Göteborg;football
7;2026-10-06;17:00;133116;Träningsmatcher Ungdomar Göteborg Flick;3;3;6922275;4;/go-to/?fmid=6922275;Askims IK F2014;https://staticcdn.svenskfotboll.se/img/teamssm/11617.png;7;Örgryte IS Fotboll F2014;https://staticcdn.svenskfotboll.se/img/teamssm/12910.png;7;4-3;Kobbegården Övre 21;Kobbegården;Stora Åvägen 1, 436 34 Askim;Y;57.639723;11.944383;Göteborg;football
7;2026-10-06;17:15;133706;Pojkar 2017(9 år) Hisingen+Öckerö Grupp B Höst;2;2;6848397;5;/go-to/?fmid=6848397;Torslanda IK Svart;https://staticcdn.svenskfotboll.se/img/teamssm/10068.png;7;Lundby IF P2017 Vit;https://staticcdn.svenskfotboll.se/img/teamssm/11776.png;7;-1--1;Fjärdingsplan 12 KG;Fjärdingsplan;Lantmätaregatan 21, 417 06 Göteborg;Y;57.724197;11.939560;Göteborg;football
7;2026-10-06;17:15;133706;Pojkar 2017(9 år) Hisingen+Öckerö Grupp B Höst;2;2;6848398;5;/go-to/?fmid=6848398;Torslanda IK Röd;https://staticcdn.svenskfotboll.se/img/teamssm/10068.png;7;Lundby IF P2017 Röd;https://staticcdn.svenskfotboll.se/img/teamssm/11776.png;7;-1--1;Fjärdingsplan 12 KG;Fjärdingsplan;Lantmätaregatan 21, 417 06 Göteborg;Y;57.724197;11.939560;Göteborg;football
7;2026-10-06;18:15;133151;Division 5B Herr;2;4;6532512;4;/go-to/?fmid=6532512;IF Mölndal Fotboll;https://staticcdn.svenskfotboll.se/img/teamssm/9569.png;7;Bergums IF;https://staticcdn.svenskfotboll.se/img/teamssm/11584.png;7;4-1;Åbyvallen 1 Konstgräs;Åbyvallen;Idrottsvägen 5, 431 62 Mölndal;Y;57.645363;12.002082;Göteborg;football
7;2026-10-06;18:30;133765;Flickor 2012-2013 Liten 9M9 Lätt Gr. C Höst;3;3;6829059;4;/go-to/?fmid=6829059;Kärra KIF Gul;https://staticcdn.svenskfotboll.se/img/teamssm/10780.png;7;Kungsladugårds BK Vit;https://staticcdn.svenskfotboll.se/img/teamssm/10799.png;7;1-9;Färjenäsplan;Färjenäsplan;Pölsebogatan, 417 67 Göteborg;Y;57.697441;11.901198;Göteborg;football
7;2026-10-06;18:30;136239;Pojkar 2009-2010(16-17 år) Lätt Grupp B;2;3;6600286;4;/go-to/?fmid=6600286;Mossens BK U17 Gul;https://staticcdn.svenskfotboll.se/img/teamssm/9571.png;7;Kållered SK;https://staticcdn.svenskfotboll.se/img/teamssm/10787.png;7;1-4;Guldheden Södra 1 Konstgräs;Guldheden Södra;Gibraltargatan 41, 412 58 Göteborg;Y;57.681136;11.982964;Göteborg;football
7;2026-10-06;18:30;133760;Flickor 2012-2013 Liten 9M9 Medel Gr. A Höst;3;3;6828203;4;/go-to/?fmid=6828203;Torslanda IK Svart;https://staticcdn.svenskfotboll.se/img/teamssm/10068.png;7;GAIS;https://staticcdn.svenskfotboll.se/img/teamssm/9614.png;7;1-4;Heden 2 Konstgräs;Heden;Heden, 411 38 Göteborg;Y;57.702854;11.978368;Göteborg;football
7;2026-10-06;18:30;133664;Pojkar 2015(11 år) Grupp J Höst;2;2;6851775;5;/go-to/?fmid=6851775;Jonsereds IF Gul;https://staticcdn.svenskfotboll.se/img/teamssm/9595.png;7;Lerums IS P15 vit 1;https://staticcdn.svenskfotboll.se/img/teamssm/10756.png;7;-1--1;Jonsereds IP 11;Jonsereds IP;Jons väg 23, 433 75 Jonsered;Y;57.746215;12.169063;Göteborg;football
7;2026-10-06;18:30;133615;Pojkar 2013(13 år) Höst Lätt Grupp B;2;3;6828515;4;/go-to/?fmid=6828515;Azalea BK Vit;https://staticcdn.svenskfotboll.se/img/teamssm/7817.png;7;Hermansby IF;https://staticcdn.svenskfotboll.se/img/teamssm/11150.png;7;7-6;Kärnavallen 2 Konstgräs;Kärnavallen;Lyckevägen 16, 442 70 Kärna;Y;57.848420;11.786315;Göteborg;football
1;2026-10-06;18:30;135385;Ligacupen Elit Västra;2;4;6581937;4;/go-to/?fmid=6581937;Ljungskile SK Herrfotboll;https://staticcdn.svenskfotboll.se/img/teamssm/13211.png;28;BK Häcken;https://staticcdn.svenskfotboll.se/img/teamssm/11080.png;7;2-1;Skarsjövallen Konstgräs;Skarsjövallen;Skarsjövallen, Skarsjövägen, Ljungskile, Ljungs distrikt, Uddevalla kommun, Västra Götalands län, 459 30, Sverige;Y;58.216505;11.945076;1;football
7;2026-10-06;18:30;133607;Pojkar 2013(13 år) Höst Svår Grupp B;2;3;6829017;4;/go-to/?fmid=6829017;Proletären FF;https://staticcdn.svenskfotboll.se/img/teamssm/10466.png;7;Öjersjö IF 3;https://staticcdn.svenskfotboll.se/img/teamssm/7552.png;7;0-8;Åkeredsvallen 22 Konstgräs;Åkeredsvallen;Bergsätersgatan 1, 421 66 Västra Frölunda;Y;57.631456;11.900982;Göteborg;football
7;2026-10-06;18:40;136461;Fotbollsligan 7M7 Herr Höst GrpB;2;5;6829521;4;/go-to/?fmid=6829521;SKIF Semberija;https://staticcdn.svenskfotboll.se/img/teamssm/7595.png;7;Hermansby IF;https://staticcdn.svenskfotboll.se/img/teamssm/11150.png;7;3-5;Bergsjövallen 2 Konstgräs;Bergsjövallen;Sjustjärnan 20, 415 51 Göteborg;Y;57.750377;12.057010;Göteborg;football
8;2026-10-06;19:00;136200;P15-16år röd;2;3;6598075;4;/go-to/?fmid=6598075;Lilla Träslövs FF;https://staticcdn.svenskfotboll.se/img/teamssm/9502.png;8;Kvibille BK;https://staticcdn.svenskfotboll.se/img/teamssm/10793.png;8;7-1;Ankarvallen A;Ankarvallen;Ankarvägen 10, 432 74 Träslövsläge;Y;57.057553;12.290310;Halland;football
21;2026-10-06;19:00;136742;Flickor Div 4 Borås;3;3;6724734;4;/go-to/?fmid=6724734;Brämhults IK;https://staticcdn.svenskfotboll.se/img/teamssm/8727.png;21;Dalstorp/Limmared/Hestra;https://staticcdn.svenskfotboll.se/img/teamssm/11468.png;21;4-1;Brämhults IP B;Brämhults IP;Gamla Brämhultsvägen, Hässleholmen, Borås, Borås kommun, Västra Götalands län, 507 44, Sverige;Y;57.726346;12.970209;Västergötland;football
7;2026-10-06;19:00;133580;Pojkar 2011(15 år) Lätt Grupp B;2;3;6607650;4;/go-to/?fmid=6607650;Särö Kullavik IF;https://staticcdn.svenskfotboll.se/img/teamssm/9496.png;8;Öjersjö IF Svart 1;https://staticcdn.svenskfotboll.se/img/teamssm/7552.png;7;1-5;Bukärrs IP;Bukärrs IP;Västra Särövägen 29, 429 42 Särö;Y;57.518719;11.961004;Göteborg;football
8;2026-10-06;19:00;137225;Utvecklingsserie Dam;3;4;6733092;4;/go-to/?fmid=6733092;Ullareds IK;https://staticcdn.svenskfotboll.se/img/teamssm/9482.png;8;Lilla Träslövs FF;https://staticcdn.svenskfotboll.se/img/teamssm/9502.png;8;1-0;Hedevi 1;Hedevi;Hedevi idrottsplats, Hedevivägen, Heden, Ullared, Falkenbergs kommun, Hallands län, 311 60, Sverige;Y;57.127163;12.718271;Halland;football
7;2026-10-06;19:00;135973;Flickor 2010-2011 Lätt Grupp C;3;3;6585215;4;/go-to/?fmid=6585215;Onsala BK;https://staticcdn.svenskfotboll.se/img/teamssm/10495.png;8;BK Häcken F2011 lag 2;https://staticcdn.svenskfotboll.se/img/teamssm/11080.png;7;4-4;Kaparevallen;Kaparevallen;Håkullavägen 43, 439 91 Onsala;Y;57.414147;12.014084;Göteborg;football
7;2026-10-06;19:00;133820;Reservklass 3B Höst;2;4;6827206;4;/go-to/?fmid=6827206;Askims IK;https://staticcdn.svenskfotboll.se/img/teamssm/11617.png;7;Sävedalens IF C;https://staticcdn.svenskfotboll.se/img/teamssm/9545.png;7;5-3;Kobbegården 1 Konstgräs;Kobbegården;Stora Åvägen 1, 436 34 Askim;Y;57.639723;11.944383;Göteborg;football
8;2026-10-06;19:00;136393;F15-16år Röd södra;3;3;6636188;4;/go-to/?fmid=6636188;IF Centern Blå;https://staticcdn.svenskfotboll.se/img/teamssm/9527.png;8;Åsa IF;https://staticcdn.svenskfotboll.se/img/teamssm/9807.png;8;4-3;Kärlekens IP 3;Kärlekens IP;Kärlekens IP, Stenstorpsvägen, 302 30 Halmstad;Y;56.704171;12.857281;Halland;football
8;2026-10-06;19:00;136201;P15-16år blå;2;3;6598198;4;/go-to/?fmid=6598198;Varbergs BoIS FC;https://staticcdn.svenskfotboll.se/img/teamssm/7701.png;8;IF Böljan Falkenberg;https://staticcdn.svenskfotboll.se/img/teamssm/9528.png;8;6-1;Påskbergsvallen konstgräs;Påskbergsvallen;Påskbergsvallen, Kattegattsvägen, Mariedal, Sörse, Varberg, Varbergs kommun, Hallands län, 432 43, Sverige;Y;57.097747;12.265223;Halland;football
8;2026-10-06;19:00;133575;Pojkar 2011(15 år) Medel Grupp A;2;3;6607786;4;/go-to/?fmid=6607786;Tölö IF;https://staticcdn.svenskfotboll.se/img/teamssm/10015.png;8;Onsala BK;https://staticcdn.svenskfotboll.se/img/teamssm/10495.png;8;2-8;Tingbergsvallen B;Tingbergsvallen;Borgmästaregatan 12, 434 32 Kungsbacka;Y;57.491213;12.068723;Halland;football
8;2026-10-06;19:00;136282;Division 4 Dam Halland;3;4;6612747;4;/go-to/?fmid=6612747;FC Lagan;https://staticcdn.svenskfotboll.se/img/teamssm/9475.png;8;IS Örnia;https://staticcdn.svenskfotboll.se/img/teamssm/9753.png;8;2-2;Veinge Konstgräs;Veinge IP;Veinge, Laholms kommun, Hallands län, 312 35, Sverige;N;56.554026;13.076165;Halland;football
8;2026-10-06;19:00;137297;Nivå 2 Mellersta Herrar;2;4;6746386;4;/go-to/?fmid=6746386;Bua IF;https://staticcdn.svenskfotboll.se/img/teamssm/11508.png;8;Träslövsläge IF U;https://staticcdn.svenskfotboll.se/img/teamssm/10045.png;8;4-2;Värö konstgräs;Värö IP;Värö idrottsplats, Ellickevägen, Limabacka, Varbergs kommun, Hallands län, 432 65, Sverige;Y;57.238901;12.184606;Halland;football
21;2026-10-06;19:15;136731;Pojkar Div 8 Borås norr;2;3;6723492;4;/go-to/?fmid=6723492;IF Elfsborg Röd;https://staticcdn.svenskfotboll.se/img/teamssm/11429.png;21;Bergdalens IK;https://staticcdn.svenskfotboll.se/img/teamssm/11592.png;21;7-6;Ryda fotbollshall;Ryda fotbollshall;Almenäsvägen 12, 506 32 Borås;Y;57.746351;12.931030;Västergötland;football
7;2026-10-06;19:30;133578;Pojkar 2011(15 år) Svår Grupp B;2;3;6608461;4;/go-to/?fmid=6608461;GAIS Akademi;https://staticcdn.svenskfotboll.se/img/teamssm/9614.png;7;BK Häcken;https://staticcdn.svenskfotboll.se/img/teamssm/11080.png;7;7-4;Gaisgården 2 Konstgräs;Gaisgården;Gamla Boråsvägen 75, 412 76 Göteborg;Y;57.680427;12.029061;Göteborg;football
7;2026-10-06;19:30;136239;Pojkar 2009-2010(16-17 år) Lätt Grupp B;2;3;6600354;4;/go-to/?fmid=6600354;Sandarna BK Svart;https://staticcdn.svenskfotboll.se/img/teamssm/10367.png;7;Azalea BK U17;https://staticcdn.svenskfotboll.se/img/teamssm/7817.png;7;1-4;Gröna Vallen 1;Gröna Vallen;Gröna Vallen, Svanebäcksgatan 16, 414 71 Göteborg;Y;57.687961;11.917564;Göteborg;football
7;2026-10-06;19:30;135973;Flickor 2010-2011 Lätt Grupp C;3;3;6585212;4;/go-to/?fmid=6585212;Lindome GIF Vit;https://staticcdn.svenskfotboll.se/img/teamssm/10741.png;7;Lekstorps IF F11/12 vit;https://staticcdn.svenskfotboll.se/img/teamssm/10760.png;7;1-1;Lindevi IP 1 Konstgräs;Lindevi IP;Hällesåkersvägen 5, 437 91 Lindome;Y;57.585286;12.108877;Göteborg;football
7;2026-10-06;19:30;133579;Pojkar 2011(15 år) Lätt Grupp A;2;3;6607253;4;/go-to/?fmid=6607253;Ahlafors/Älvängen/Nol;https://staticcdn.svenskfotboll.se/img/teamssm/11662.png;7;Dalen/Krokslätts FF;https://staticcdn.svenskfotboll.se/img/teamssm/9632.png;7;1-0;Svenska Stenhus Arena 3 Konstgräs;Sjövallen IP;Sjövallavägen 111, 449 50 Alafors;Y;57.915942;12.107763;Göteborg;football
7;2026-10-06;20:00;135972;Flickor 2010-2011 9M9;3;3;6584834;4;/go-to/?fmid=6584834;Hjuviks AIK F11;https://staticcdn.svenskfotboll.se/img/teamssm/8330.png;7;Gunnilse IS F2010-2011;https://staticcdn.svenskfotboll.se/img/teamssm/11237.png;7;1-3;21:47 Arena 1;Hästevik;Torslanda Hästeviks väg, 423 41 Torslanda;Y;57.718779;11.721591;Göteborg;football
7;2026-10-06;20:00;133742;Flickor 2011 Regional;3;3;6597834;4;/go-to/?fmid=6597834;Jitex BK F15E;https://staticcdn.svenskfotboll.se/img/teamssm/7516.png;7;BK Häcken FF F15;https://staticcdn.svenskfotboll.se/img/teamssm/9584.png;7;6-0;Åbyvallen 1 Konstgräs;Åbyvallen;Idrottsvägen 5, 431 62 Mölndal;Y;57.645363;12.002082;Göteborg;football
7;2026-10-06;20:00;133759;Flickor 2012-2013 Stor 9M9 Medel Gr. C Höst;3;3;6827857;4;/go-to/?fmid=6827857;Hovås Billdal IF;https://staticcdn.svenskfotboll.se/img/teamssm/11109.png;7;Älvsborg FF F2013 Vit;https://staticcdn.svenskfotboll.se/img/teamssm/9622.png;7;1-0;Åkeredsvallen 2 Konstgräs;Åkeredsvallen;Bergsätersgatan 1, 421 66 Västra Frölunda;Y;57.631456;11.900982;Göteborg;football
7;2026-10-06;20:00;133581;Pojkar 2011(15 år) Medel Grupp C;2;3;6608201;4;/go-to/?fmid=6608201;Lunden Överås BK Svart;https://staticcdn.svenskfotboll.se/img/teamssm/10705.png;7;Jonsereds IF;https://staticcdn.svenskfotboll.se/img/teamssm/9595.png;7;1-4;Överåsvallen 1 Konstgräs;Överåsvallen;Skogshyddegatan 16, 412 74 Göteborg;Y;57.707876;12.002439;Göteborg;football
7;2026-10-06;20:15;133820;Reservklass 3B Höst;2;4;6827201;4;/go-to/?fmid=6827201;SK Argo;https://staticcdn.svenskfotboll.se/img/teamssm/9645.png;7;Stenkullen GoIK (C);https://staticcdn.svenskfotboll.se/img/teamssm/10243.png;7;2-2;Blidvädersplan;Blidvädersplan;Ovädersgatan 1A, 418 34 Göteborg;Y;57.707987;11.887592;Göteborg;football
7;2026-10-06;20:15;138540;P17 Kval Grupp C;2;3;6907485;4;/go-to/?fmid=6907485;Mölnlycke IS Ungdom;https://staticcdn.svenskfotboll.se/img/teamssm/13695.png;7;Backatorp IF;https://staticcdn.svenskfotboll.se/img/teamssm/11915.png;7;2-0;Djupedalsplan A Konstgräs;Djupedals IP;Djupedals Ip, Rullstensvägen 1, 435 41 Mölnlycke;Y;57.652820;12.126316;Göteborg;football
7;2026-10-06;20:15;133817;Reservklass 2A Höst;2;4;6827165;4;/go-to/?fmid=6827165;Floda BoIF;https://staticcdn.svenskfotboll.se/img/teamssm/11366.png;7;Eriksbergs IF;https://staticcdn.svenskfotboll.se/img/teamssm/9629.png;7;5-1;Flodala IP 3 KG;Flodala IP;Skallsjö Prästväg 14, 448 31 Floda;Y;57.795503;12.346356;Göteborg;football
7;2026-10-06;20:15;133579;Pojkar 2011(15 år) Lätt Grupp A;2;3;6607256;4;/go-to/?fmid=6607256;Gunnilse IS;https://staticcdn.svenskfotboll.se/img/teamssm/11237.png;7;Azalea BK Orange;https://staticcdn.svenskfotboll.se/img/teamssm/7817.png;7;5-1;Hjällbovallen 2 Konstgräs;Hjällbovallen;Knattens väg 12, 424 32 Angered;Y;57.777950;12.017062;Göteborg;football
7;2026-10-06;20:15;133727;Reserv Elit Göteborg;2;4;6578238;4;/go-to/?fmid=6578238;Hovås Billdal IF;https://staticcdn.svenskfotboll.se/img/teamssm/11109.png;7;Västra Frölunda IF;https://staticcdn.svenskfotboll.se/img/teamssm/9853.png;7;0-6;Hovås Billdal Arena 1;Hovås Billdal Arena;Kruniusvägen, 427 36 Billdal;Y;57.589555;11.946909;Göteborg;football
7;2026-10-06;20:15;133801;7M7 Serie A, dam;3;5;6563304;4;/go-to/?fmid=6563304;Lerums IS;https://staticcdn.svenskfotboll.se/img/teamssm/10756.png;7;Eriksbergs IF;https://staticcdn.svenskfotboll.se/img/teamssm/9629.png;7;0-3;Hulan;Hulan;Lilla Bråtavägen, 443 51 Lerum;Y;57.750361;12.243393;Göteborg;football
7;2026-10-06;20:15;138257;Junior Flickor Div 3 Höst;3;3;6827582;4;/go-to/?fmid=6827582;Kållered SK Damjunior;https://staticcdn.svenskfotboll.se/img/teamssm/10787.png;7;Öckerö IF Damjunior;https://staticcdn.svenskfotboll.se/img/teamssm/9774.png;7;3-5;Kållered Sportcenter 1;Kållered Sportcenter;Tulebovägen 17, 428 34 Kållered;Y;57.611466;12.075548;Göteborg;football
7;2026-10-06;20:15;133525;Junior Pojkar Div 2B;2;3;6542972;4;/go-to/?fmid=6542972;Älvsborg FF 2;https://staticcdn.svenskfotboll.se/img/teamssm/9622.png;7;Lindome GIF;https://staticcdn.svenskfotboll.se/img/teamssm/10741.png;7;2-1;Påvelund 1 Konstgräs;Påvelund;Redegatan 18, 426 77 Västra Frölunda;Y;57.668781;11.881476;Göteborg;football
7;2026-10-06;20:15;133571;Pojkar 2009-2010(16-17 år) Medel Grupp A;2;3;6601581;4;/go-to/?fmid=6601581;BK Häcken Gul;https://staticcdn.svenskfotboll.se/img/teamssm/11080.png;7;Sävedalens IF Blå;https://staticcdn.svenskfotboll.se/img/teamssm/9545.png;7;4-7;Slättadamm 2 konstgräs;Slättadamm;Slättadammsgatan 6, 417 25 Göteborg;Y;57.730565;11.927705;Göteborg;football
7;2026-10-06;20:15;133576;Pojkar 2011(15 år) Medel Grupp B;2;3;6607918;4;/go-to/?fmid=6607918;Lerums IS;https://staticcdn.svenskfotboll.se/img/teamssm/10756.png;7;Lundby IF p11 Grön;https://staticcdn.svenskfotboll.se/img/teamssm/11776.png;7;1-1;Stenkullens IP 2 KG;Stenkullens IP;Granitvägen 3, 443 61 Stenkullen;Y;57.795326;12.310226;Göteborg;football
8;2026-10-06;20:15;136100;P18-kval;2;3;6594077;4;/go-to/?fmid=6594077;BK Astrio;https://staticcdn.svenskfotboll.se/img/teamssm/9529.png;8;Onsala BK;https://staticcdn.svenskfotboll.se/img/teamssm/10495.png;8;3-0;Söndrums IP konstgräs;Söndrums IP;Söndrums Idrottsplats, Bäckagårdsvägen, Pålsbo, Bäckagård, Halmstad, Halmstads kommun, Hallands län, 302 91, Sverige;Y;56.670271;12.797138;Halland;football
7;2026-10-06;20:15;133577;Pojkar 2011(15 år) Svår Grupp A;2;3;6608358;4;/go-to/?fmid=6608358;Ytterby IS Vit;https://staticcdn.svenskfotboll.se/img/teamssm/9832.png;7;Mölnlycke IS Ungdom;https://staticcdn.svenskfotboll.se/img/teamssm/13695.png;7;1-4;Ytterns IP 3 konstgräs;Ytterns IP;Ytterby, 442 40 Kungälv;Y;57.869280;11.935196;Göteborg;football
7;2026-10-06;20:15;133743;Flickor 2010-2011 Medel Grupp A;3;3;6584950;4;/go-to/?fmid=6584950;Lerkils IF;https://staticcdn.svenskfotboll.se/img/teamssm/10757.png;8;IK Kongahälla FU;https://staticcdn.svenskfotboll.se/img/teamssm/9590.png;7;1-2;Ängås IP D;Ängås IP;Ängåsvägen 39, 434 93 Vallda;Y;57.454340;11.941076;Göteborg;football
7;2026-10-06;20:15;138256;Junior Flickor Div 2 Höst;3;3;6827528;4;/go-to/?fmid=6827528;IF Väster Damjunior Orange;https://staticcdn.svenskfotboll.se/img/teamssm/9861.png;7;Backatorp IF DJ;https://staticcdn.svenskfotboll.se/img/teamssm/11915.png;7;1-2;Önneredsplan 1 Konstgräs;Önneredsplan;Ersåsgatan 2, 421 59 Västra Frölunda;Y;57.637219;11.884878;Göteborg;football
7;2026-10-06;20:30;133161;Division 4B Dam;3;4;6533830;4;/go-to/?fmid=6533830;HBH Hönö/Björkö;https://staticcdn.svenskfotboll.se/img/teamssm/11038.png;7;Sävedalens IF (B);https://staticcdn.svenskfotboll.se/img/teamssm/9545.png;7;2-9;Hönö Arena 1;Hönö Arena;Lindblomsvägen 30, 475 42 Hönö;Y;57.687870;11.652948;Göteborg;football
8;2026-10-07;17:00;139134;F13år Röd B Höst;3;3;6896229;4;/go-to/?fmid=6896229;IF Böljan Falkenberg Vit;https://staticcdn.svenskfotboll.se/img/teamssm/9528.png;8;Vinbergs IF;https://staticcdn.svenskfotboll.se/img/teamssm/9913.png;8;3-1;Falkenbergs IP C;Falkenbergs IP;Falkenbergs IP A, Skogsvägen, Kristineslätt, Skrea Strand, Falkenberg, Falkenbergs kommun, Hallands län, 311 45, Sverige;Y;56.897775;12.508271;Halland;football
7;2026-10-07;17:15;133614;Pojkar 2013(13 år) Höst Svår Grupp A;2;3;6828830;4;/go-to/?fmid=6828830;Kärra KIF Blå;https://staticcdn.svenskfotboll.se/img/teamssm/10780.png;7;GAIS 3;https://staticcdn.svenskfotboll.se/img/teamssm/9614.png;7;5-7;Klarebergsvallen 2 Konstgräs;Klarebergsvallen;Burmans Gata 3, 425 33 Hisings Kärra;Y;57.798761;11.987168;Göteborg;football
8;2026-10-07;17:15;139133;F13år Röd A Höst;3;3;6896285;4;/go-to/?fmid=6896285;IF Centern Blå;https://staticcdn.svenskfotboll.se/img/teamssm/9527.png;8;BK Astrio Svart;https://staticcdn.svenskfotboll.se/img/teamssm/9529.png;8;4-0;Kärlekens IP 2;Kärlekens IP;Kärlekens IP, Stenstorpsvägen, 302 30 Halmstad;Y;56.704171;12.857281;Halland;football
7;2026-10-07;17:15;133665;Pojkar 2015(11 år) Grupp K Höst;2;2;6850346;5;/go-to/?fmid=6850346;Lerums IS P15 lila 2;https://staticcdn.svenskfotboll.se/img/teamssm/10756.png;7;Bergums IF Vit;https://staticcdn.svenskfotboll.se/img/teamssm/11584.png;7;-1--1;Stenkullens IP 21 KG;Stenkullens IP;Granitvägen 3, 443 61 Stenkullen;Y;57.795326;12.310226;Göteborg;football
7;2026-10-07;17:15;133813;Flickor 2016(10 år) Grupp D Höst;3;2;6834572;5;/go-to/?fmid=6834572;Torslanda IK 2;https://staticcdn.svenskfotboll.se/img/teamssm/10068.png;7;Hermansby IF;https://staticcdn.svenskfotboll.se/img/teamssm/11150.png;7;-1--1;Torslandavallen 3 Konstgräs 7M7;Torslandavallen;Torslanda Idrottsväg 17, 423 32 Torslanda;Y;57.718280;11.757490;Göteborg;football
7;2026-10-07;17:30;133780;Flickor 2014(12 år) Grupp A Höst;3;2;6834775;5;/go-to/?fmid=6834775;Näsets SK F14 Röd;https://staticcdn.svenskfotboll.se/img/teamssm/10510.png;7;IF Mölndal Fotboll Röd;https://staticcdn.svenskfotboll.se/img/teamssm/9569.png;7;-1--1;Näset Yuncture Arena 11;Åkeredsvallen;Bergsätersgatan 1, 421 66 Västra Frölunda;Y;57.631456;11.900982;Göteborg;football
7;2026-10-07;17:45;133681;Pojkar 2016(10 år) Grupp E Höst;2;2;6858061;5;/go-to/?fmid=6858061;Lindome GIF P2016 3;https://staticcdn.svenskfotboll.se/img/teamssm/10741.png;7;Backatorp IF Svart;https://staticcdn.svenskfotboll.se/img/teamssm/11915.png;7;-1--1;Lindevi 11 konstgräs;Lindevi IP;Hällesåkersvägen 5, 437 91 Lindome;Y;57.585286;12.108877;Göteborg;football
7;2026-10-07;18:00;133798;Flickor 2015(11 år) Grupp D Höst;3;2;6840681;5;/go-to/?fmid=6840681;Hönö IS HBH Röd;https://staticcdn.svenskfotboll.se/img/teamssm/11038.png;7;Torslanda IK Blå;https://staticcdn.svenskfotboll.se/img/teamssm/10068.png;7;-1--1;Hönö Arena 22;Hönö Arena;Lindblomsvägen 30, 475 42 Hönö;Y;57.687870;11.652948;Göteborg;football
7;2026-10-07;18:15;133764;Flickor 2012-2013 Liten 9M9 Lätt Gr. B Höst;3;3;6828265;4;/go-to/?fmid=6828265;Kållered SK Blå;https://staticcdn.svenskfotboll.se/img/teamssm/10787.png;7;Kareby IS F13;https://staticcdn.svenskfotboll.se/img/teamssm/10872.png;7;1-3;Kållered Sportcenter 11;Kållered Sportcenter;Tulebovägen 17, 428 34 Kållered;Y;57.611466;12.075548;Göteborg;football
7;2026-10-07;18:15;133585;Pojkar 2012(14 år) Lätt Grupp A;2;3;6621891;4;/go-to/?fmid=6621891;Solväders FC;https://staticcdn.svenskfotboll.se/img/teamssm/12147.png;7;Lerums IS Vit;https://staticcdn.svenskfotboll.se/img/teamssm/10756.png;7;2-4;Länsmansgårdens IP 2 Konstgräs;Länsmansgårdens IP;Temperaturgatan 76, 418 41 Göteborg;Y;57.730616;11.886442;Göteborg;football
7;2026-10-07;18:15;133608;Pojkar 2013(13 år) Höst Medel Grupp A;2;3;6828695;4;/go-to/?fmid=6828695;Masthuggets BK 2;https://staticcdn.svenskfotboll.se/img/teamssm/10643.png;7;Lunden Överås BK Vit;https://staticcdn.svenskfotboll.se/img/teamssm/10705.png;7;2-6;Majvallen 11 Konstgräs;Majvallen;Ekedalsgatan 20, 414 68 Göteborg;Y;57.689370;11.936171;Göteborg;football
7;2026-10-07;18:30;133614;Pojkar 2013(13 år) Höst Svår Grupp A;2;3;6828829;4;/go-to/?fmid=6828829;Älvsborg FF Gul;https://staticcdn.svenskfotboll.se/img/teamssm/9622.png;7;GoldCoast FC Gul;https://staticcdn.svenskfotboll.se/img/teamssm/13374.png;7;2-1;Bergsjövallen 21 Konstgräs;Bergsjövallen;Sjustjärnan 20, 415 51 Göteborg;Y;57.750377;12.057010;Göteborg;football
7;2026-10-07;18:30;133587;Pojkar 2012(14 år) Medel Grupp B;2;3;6621326;4;/go-to/?fmid=6621326;IF Mölndal Fotboll röd;https://staticcdn.svenskfotboll.se/img/teamssm/9569.png;7;Masthuggets BK Blå;https://staticcdn.svenskfotboll.se/img/teamssm/10643.png;7;0-5;Bifrostplan;Bifrostplan;Pinnharvsgatan 11, 431 47 Mölndal;Y;57.660287;11.990525;Göteborg;football
7;2026-10-07;18:30;133582;Pojkar 2012(14 år) Svår Grupp B;2;3;6622256;4;/go-to/?fmid=6622256;Götaholms BK P2012 Vit;https://staticcdn.svenskfotboll.se/img/teamssm/9615.png;7;Sandarna BK Röd;https://staticcdn.svenskfotboll.se/img/teamssm/10367.png;7;4-1;Gamlestadsvallen 2 Konstgräs;Gamlestadsvallen;Lars Kaggsgatan 24, 415 04 Göteborg;Y;57.734308;12.013832;Göteborg;football
21;2026-10-07;18:30;136519;Pojkar Div 5 Trollhättan;2;3;6888945;4;/go-to/?fmid=6888945;IFK Trollhättan;https://staticcdn.svenskfotboll.se/img/teamssm/8696.png;21;Trollhättans FK Vit;https://staticcdn.svenskfotboll.se/img/teamssm/8642.png;21;2-1;Granngårdens Konstgräs;Granngårdens;Granngårdens Idrottsanläggning, Lextorpsvägen, Lextorp, Trollhättan, Trollhättans kommun, Västra Götalands län, 461 63, Sverige;Y;58.261543;12.297018;Västergötland;football
8;2026-10-07;18:30;137160;P12år Vit;2;2;6729487;5;/go-to/?fmid=6729487;Trönninge BK Grön;https://staticcdn.svenskfotboll.se/img/teamssm/9485.png;8;Snöstorp Nyhem FF;https://staticcdn.svenskfotboll.se/img/teamssm/7704.png;8;-1--1;Håstens IP;Håstens IP;Hästens idrottsplats, Ölandsgatan, Nedregården, Varberg, Varbergs kommun, Hallands län, 432 36, Sverige;Y;57.117456;12.285361;Halland;football
8;2026-10-07;18:30;138585;F15 Nordvästra, höst;3;3;6872728;4;/go-to/?fmid=6872728;Skottorps IF;https://staticcdn.svenskfotboll.se/img/teamssm/10302.png;8;Helsingborgs IF blå;https://staticcdn.svenskfotboll.se/img/teamssm/9332.png;14;0-3;Veinge Konstgräs;Veinge IP;Veinge, Laholms kommun, Hallands län, 312 35, Sverige;N;56.554026;13.076165;Halland;football
7;2026-10-07;18:30;133611;Pojkar 2013(13 år) Höst Medel Grupp E;2;3;6828897;4;/go-to/?fmid=6828897;Näsets SK Blå;https://staticcdn.svenskfotboll.se/img/teamssm/10510.png;7;Södra Skärgårdens IK(SSIK)/Donsö I.S/Styrsö BK/Vrångö IF;https://staticcdn.svenskfotboll.se/img/teamssm/9631.png;7;9-2;Näset Yuncture Arena 12;Åkeredsvallen;Bergsätersgatan 1, 421 66 Västra Frölunda;Y;57.631456;11.900982;Göteborg;football
7;2026-10-07;18:35;133613;Pojkar 2013(13 år) Höst Medel Grupp B;2;3;6828731;4;/go-to/?fmid=6828731;Proletären FF 1;https://staticcdn.svenskfotboll.se/img/teamssm/10466.png;7;Solängens BK Vit;https://staticcdn.svenskfotboll.se/img/teamssm/9548.png;7;6-5;Åkeredsvallen 22 Konstgräs;Åkeredsvallen;Bergsätersgatan 1, 421 66 Västra Frölunda;Y;57.631456;11.900982;Göteborg;football
7;2026-10-07;18:40;138261;Pojkar 2013(13 år) Höst Medel Grupp F;2;3;6828914;4;/go-to/?fmid=6828914;Landvetter IS Vit P2013;https://staticcdn.svenskfotboll.se/img/teamssm/10768.png;7;Sandarna BK Röd;https://staticcdn.svenskfotboll.se/img/teamssm/10367.png;7;4-1;Landvetter IP B-plan 21;Landvetter IP;Tahultsvägen 60, 438 35 Landvetter;Y;57.702382;12.203031;Göteborg;football
21;2026-10-07;18:45;136511;Pojkar Div 4 Falköping;2;3;6708475;4;/go-to/?fmid=6708475;Åsarp-Trädet/Vartofta;https://staticcdn.svenskfotboll.se/img/teamssm/6993.png;21;Dalsjöfors GoIF;https://staticcdn.svenskfotboll.se/img/teamssm/12553.png;21;3-4;Åsarps IP A-plan;Åsarps IP;Åsarps distrikt, Falköpings kommun, Västra Götalands län, Sverige;Y;57.988818;13.628281;Västergötland;football
8;2026-10-07;19:00;137649;P14år Vit;2;3;6781239;5;/go-to/?fmid=6781239;Varbergs BoIS FC Svart;https://staticcdn.svenskfotboll.se/img/teamssm/7701.png;8;Onsala BK Blå;https://staticcdn.svenskfotboll.se/img/teamssm/10495.png;8;0-0;Ankarvallen B;Ankarvallen;Ankarvägen 10, 432 74 Träslövsläge;Y;57.057553;12.290310;Halland;football
8;2026-10-07;19:00;137974;DM Damer slutspel;3;4;6909599;4;/go-to/?fmid=6909599;Varbergs BoIS FC;https://staticcdn.svenskfotboll.se/img/teamssm/7701.png;8;Halmstads BK;https://staticcdn.svenskfotboll.se/img/teamssm/9517.png;8;3-4;Ankarvallen A;Ankarvallen;Ankarvägen 10, 432 74 Träslövsläge;Y;57.057553;12.290310;Halland;football
21;2026-10-07;19:00;136507;Pojkar Div 1 19+ Västergötland;2;3;6707966;4;/go-to/?fmid=6707966;Bergdalens IK;https://staticcdn.svenskfotboll.se/img/teamssm/11592.png;21;Hestrafors IF;https://staticcdn.svenskfotboll.se/img/teamssm/11145.png;21;3-1;Björkängsvallen, Borås, Konstgräs;Björkängsvallen;Backersgatan 10, 504 57 Borås;Y;57.727601;12.958736;Västergötland;football
21;2026-10-07;19:00;133401;Träningsmatcher Herrar, Västergötland;2;4;6914106;4;/go-to/?fmid=6914106;Stora Mellby SK A;https://staticcdn.svenskfotboll.se/img/teamssm/10213.png;21;Sollebrunns AIK A;https://staticcdn.svenskfotboll.se/img/teamssm/10266.png;21;1-4;Brynet;Brynet;Prästvägen 31, 466 94 Sollebrunn;Y;58.145235;12.577816;Västergötland;football
7;2026-10-07;19:00;133586;Pojkar 2012(14 år) Svår Grupp A;2;3;6622111;4;/go-to/?fmid=6622111;Mölnlycke IS Ungdom 1;https://staticcdn.svenskfotboll.se/img/teamssm/13695.png;7;BK Häcken P14A;https://staticcdn.svenskfotboll.se/img/teamssm/11080.png;7;1-2;Bråtaredsvallen 3, konstgräs;Bråtaredsvallen;Bråtaredsvallen, 438 52 Rävlanda;Y;57.658014;12.492537;Göteborg;football
7;2026-10-07;19:00;135973;Flickor 2010-2011 Lätt Grupp C;3;3;6585214;4;/go-to/?fmid=6585214;Särö Kullavik IF;https://staticcdn.svenskfotboll.se/img/teamssm/9496.png;8;Hovås Billdal IF;https://staticcdn.svenskfotboll.se/img/teamssm/11109.png;7;8-0;Bukärrs IP;Bukärrs IP;Västra Särövägen 29, 429 42 Särö;Y;57.518719;11.961004;Göteborg;football
8;2026-10-07;19:00;137260;Nivå 3 Mellersta Norra Herrar;2;4;6733976;4;/go-to/?fmid=6733976;Rinia IF;https://staticcdn.svenskfotboll.se/img/teamssm/7291.png;8;Grimetons IK;https://staticcdn.svenskfotboll.se/img/teamssm/11272.png;8;1-1;Falkenbergs IP A;Falkenbergs IP;Falkenbergs IP A, Skogsvägen, Kristineslätt, Skrea Strand, Falkenberg, Falkenbergs kommun, Hallands län, 311 45, Sverige;Y;56.897775;12.508271;Halland;football
8;2026-10-07;19:00;136201;P15-16år blå;2;3;6598197;4;/go-to/?fmid=6598197;Frillesås FF;https://staticcdn.svenskfotboll.se/img/teamssm/9524.png;8;Snöstorp Nyhem FF Röd;https://staticcdn.svenskfotboll.se/img/teamssm/7704.png;8;4-3;Frillesås IP C;Frillesås IP;Rya industriväg 39, 439 62 Frillesås;Y;57.322466;12.184797;Halland;football
21;2026-10-07;19:00;139927;Kval till SvFF:s P16 Div.1 - Grupp B;2;3;6913639;4;/go-to/?fmid=6913639;Vänersborgs FK;https://staticcdn.svenskfotboll.se/img/teamssm/8626.png;21;Råda BK;https://staticcdn.svenskfotboll.se/img/teamssm/10400.png;21;1-5;Hallevi IP, Wargön C-plan;Hallevi IP;Nordkroksvägen 85, 468 33 Vargön;Y;58.366825;12.400851;Västergötland;football
28;2026-10-07;19:00;136359;BDFF P15-19 Blå Södra;2;3;6638709;4;/go-to/?fmid=6638709;Lysekils AIK Herrjuniorer;https://staticcdn.svenskfotboll.se/img/teamssm/10699.png;28;Sotenäs Fotboll J-lag;https://staticcdn.svenskfotboll.se/img/teamssm/10801.png;28;1-1;Kronbergsvallens IP;Kronbergsvallens IP;Kronbergsvallen,Färgaregatan, 453 34 Lysekil;Y;58.278390;11.435233;Bohuslän-Dalsland;football
21;2026-10-07;19:00;139929;Kval till SvFF:s P16 Div.1 - Grupp D;2;3;6913652;4;/go-to/?fmid=6913652;Skene IF;https://staticcdn.svenskfotboll.se/img/teamssm/8655.png;21;Bergdalens IK;https://staticcdn.svenskfotboll.se/img/teamssm/11592.png;21;4-2;Kunskapens Hus, konstgräs;Kunskapens Hus;Kunskapens hus, Varbergsvägen, Skene, Kinna, Marks kommun, Västra Götalands län, 511 56, Sverige;Y;57.497192;12.667653;Västergötland;football
21;2026-10-07;19:00;137605;Flickor Div 6 Ulricehamn;3;2;6782966;5;/go-to/?fmid=6782966;Ulricehamns IFK;https://staticcdn.svenskfotboll.se/img/teamssm/7738.png;21;Sjömarkens IF;https://staticcdn.svenskfotboll.se/img/teamssm/10325.png;21;-1--1;Lassalyckan B-plan;Lassalyckan;Lassalyckan, Ulricehamns distrikt, Ulricehamn, Ulricehamns kommun, Västra Götalands län, 523 33, Sverige;Y;57.785778;13.436509;Västergötland;football
21;2026-10-07;19:00;139926;Kval till SvFF:s P16 Div.1 - Grupp A;2;3;6913634;4;/go-to/?fmid=6913634;Ulricehamns IFK;https://staticcdn.svenskfotboll.se/img/teamssm/7738.png;21;Gerdskens BK;https://staticcdn.svenskfotboll.se/img/teamssm/8712.png;21;2-3;Lassalyckan A-plan konstgräs;Lassalyckan;Lassalyckan, Ulricehamns distrikt, Ulricehamn, Ulricehamns kommun, Västra Götalands län, 523 33, Sverige;Y;57.785778;13.436509;Västergötland;football
21;2026-10-07;19:00;139935;Kval till SvFF:s P19 Div.1 - Grupp C;2;3;6913688;4;/go-to/?fmid=6913688;Skara FC U18;https://staticcdn.svenskfotboll.se/img/teamssm/7451.png;21;Skene IF U18;https://staticcdn.svenskfotboll.se/img/teamssm/8655.png;21;1-2;Sparbanken Arena F;Sparbanken Arena;Sparbanken Arena, E 20, Vilans fritidsområde, Skara domkyrkodistrikt, Skara, Skara kommun, Västra Götalands län, 532 37, Sverige;Y;58.388258;13.461198;Västergötland;football
21;2026-10-07;19:00;136744;Flickor Div 4 Kinna;3;3;6724922;4;/go-to/?fmid=6724922;Rydboholms SK;https://staticcdn.svenskfotboll.se/img/teamssm/10408.png;21;Skene IF;https://staticcdn.svenskfotboll.se/img/teamssm/8655.png;21;8-1;Sven Erikssonsvallen;Sven Erikssonsvallen;Varbergsvägen 74, 515 34 Viskafors;Y;57.637595;12.861251;Västergötland;football
7;2026-10-07;19:00;133763;Flickor 2012-2013 Liten 9M9 Lätt Gr. A Höst;3;3;6828285;4;/go-to/?fmid=6828285;IF Warta;https://staticcdn.svenskfotboll.se/img/teamssm/9841.png;7;Finlandia Pallo AIF F 13 Blå;https://staticcdn.svenskfotboll.se/img/teamssm/7939.png;7;4-1;Sälöfjordsvallen 22 K.Gräs;Sälöfjordsvallen;Södra Sälöfjordsgatan 33, 418 73 Göteborg;Y;57.713415;11.904523;Göteborg;football
8;2026-10-07;19:00;136282;Division 4 Dam Halland;3;4;6612635;4;/go-to/?fmid=6612635;Tölö IF;https://staticcdn.svenskfotboll.se/img/teamssm/10015.png;8;Slöinge GOIF;https://staticcdn.svenskfotboll.se/img/teamssm/9491.png;8;0-1;Tingbergsvallen B;Tingbergsvallen;Borgmästaregatan 12, 434 32 Kungsbacka;Y;57.491213;12.068723;Halland;football
8;2026-10-07;19:00;136159;P16-17år;2;3;6596859;4;/go-to/?fmid=6596859;HGH FC;https://staticcdn.svenskfotboll.se/img/teamssm/9516.png;8;Derome-Åskloster FF;https://staticcdn.svenskfotboll.se/img/teamssm/13260.png;8;5-0;Tranevall;Tranevall;Tranevall, Tranevallsvägen, Harplinge, Halmstads kommun, Hallands län, 305 60, Sverige;Y;56.743210;12.734066;Halland;football
21;2026-10-07;19:00;136508;Pojkar Div 2 Norra;2;3;6711295;4;/go-to/?fmid=6711295;Herrestads AIF;https://staticcdn.svenskfotboll.se/img/teamssm/11149.png;28;Vara SK;https://staticcdn.svenskfotboll.se/img/teamssm/9966.png;21;1-1;Undavallen Konstgräs;Undavallen;Stan 101, 451 94 Uddevalla;Y;58.336300;11.826976;Västergötland;football
21;2026-10-07;19:00;139928;Kval till SvFF:s P16 Div.1 - Grupp C;2;3;6913649;4;/go-to/?fmid=6913649;Mariestads BK;https://staticcdn.svenskfotboll.se/img/teamssm/8679.png;21;Skövde AIK;https://staticcdn.svenskfotboll.se/img/teamssm/10281.png;21;1-6;Högelid;Vänershofs IP;Östra Järnvägsgatan 59, 542 33 Mariestad;N;58.704735;13.837044;Västergötland;football
21;2026-10-07;19:15;136523;Flickor Div 2 Borås;3;3;6715301;4;/go-to/?fmid=6715301;Brämhults IK;https://staticcdn.svenskfotboll.se/img/teamssm/8727.png;21;Skene IF;https://staticcdn.svenskfotboll.se/img/teamssm/8655.png;21;3-0;Brämhults IP A;Brämhults IP;Gamla Brämhultsvägen, Hässleholmen, Borås, Borås kommun, Västra Götalands län, 507 44, Sverige;Y;57.726346;12.970209;Västergötland;football
7;2026-10-07;19:15;133160;Division 4A Dam;3;4;6533672;4;/go-to/?fmid=6533672;Donsö IS;https://staticcdn.svenskfotboll.se/img/teamssm/9631.png;7;Kållered SK;https://staticcdn.svenskfotboll.se/img/teamssm/10787.png;7;3-0;Donsövallen;Donsövallen;Donsövallen, Lurkenvägen 2, 430 82 Donsö;Y;57.605163;11.805907;Göteborg;football
28;2026-10-07;19:15;139706;BDFF F15-19 Grön Höst;3;3;6906059;4;/go-to/?fmid=6906059;Orust FC F14 (f-2012);https://staticcdn.svenskfotboll.se/img/teamssm/12132.png;28;Vallens IF;https://staticcdn.svenskfotboll.se/img/teamssm/8496.png;28;0-7;Ängö Arena;Lövängen;Rönnbärsvägen 2, 472 95 Varekil;Y;58.120973;11.708544;Bohuslän-Dalsland;football
21;2026-10-07;19:15;137311;Herrar, Utveckling B Borås;2;4;6743376;4;/go-to/?fmid=6743376;Borås GIF U;https://staticcdn.svenskfotboll.se/img/teamssm/11533.png;21;Rydboholms SK U;https://staticcdn.svenskfotboll.se/img/teamssm/10408.png;21;3-9;Sjöbo Arena B konstgräs;Sjöbo Arena;Barnhemsgatan 71, 506 48 Borås;Y;57.755358;12.938517;Västergötland;football
21;2026-10-07;19:15;139934;Kval till SvFF:s P19 Div.1 - Grupp B;2;3;6913679;4;/go-to/?fmid=6913679;Vänersborgs FK U18;https://staticcdn.svenskfotboll.se/img/teamssm/8626.png;21;FC Trollhättan U18;https://staticcdn.svenskfotboll.se/img/teamssm/6983.png;21;3-4;Vänersvallen Nord;Vänersvallen;Gropbrovägen 4, 462 56 Vänersborg;Y;58.367442;12.323966;Västergötland;football
21;2026-10-07;19:30;136299;Flickor F19 DM 2026;3;3;6615581;4;/go-to/?fmid=6615581;IF Elfsborg;https://staticcdn.svenskfotboll.se/img/teamssm/11429.png;21;Vara SK;https://staticcdn.svenskfotboll.se/img/teamssm/9966.png;21;4-0;Borås Arena;Borås Arena;Borås Arena, Ålgårdsvägen 16, 506 30 Borås;Y;57.734400;12.934766;Västergötland;football
1;2026-10-07;19:30;138417;P16 Div.1 2026 B-slutspel Västra Götaland;2;3;6911998;4;/go-to/?fmid=6911998;Laholms FK;https://staticcdn.svenskfotboll.se/img/teamssm/9504.png;8;BK Astrio;https://staticcdn.svenskfotboll.se/img/teamssm/9529.png;8;4-1;Glänninge Park B;Glänninge Park;Hellbakken 1, 312 36 Laholm;Y;56.501248;13.054870;1;football
7;2026-10-07;19:30;133746;Flickor 2010-2011 Medel Grupp B;3;3;6585597;4;/go-to/?fmid=6585597;BK Häcken FF F15 Svart;https://staticcdn.svenskfotboll.se/img/teamssm/9584.png;7;Sävedalens IF Röd;https://staticcdn.svenskfotboll.se/img/teamssm/9545.png;7;9-4;Gothia Park 4;Gothia Park;Entreprenadvägen 6, 417 05 Göteborg;Y;57.740380;11.947473;Göteborg;football
8;2026-10-07;19:30;136304;F16-17år;3;3;6614774;4;/go-to/?fmid=6614774;Halmstads BK;https://staticcdn.svenskfotboll.se/img/teamssm/9517.png;8;IFK Fjärås;https://staticcdn.svenskfotboll.se/img/teamssm/9511.png;8;2-3;Halmstad Arena P7;Halmstad Arena;Kristinehedsvägen 4B, 302 44 Halmstad;Y;56.675943;12.888513;Halland;football
21;2026-10-07;19:30;137311;Herrar, Utveckling B Borås;2;4;6743392;4;/go-to/?fmid=6743392;Mariedals IK U;https://staticcdn.svenskfotboll.se/img/teamssm/10652.png;21;BK Spark U;https://staticcdn.svenskfotboll.se/img/teamssm/8649.png;21;5-5;Kransmossens IP A;Kransmossens IP;Kransmossens idrottsplats, Kransvägen, Brotorp, Borås, Borås kommun, Västra Götalands län, 507 65, Sverige;Y;57.707261;12.979446;Västergötland;football
7;2026-10-07;19:30;135972;Flickor 2010-2011 9M9;3;3;6584837;4;/go-to/?fmid=6584837;Lekstorps IF F11/12 Grön;https://staticcdn.svenskfotboll.se/img/teamssm/10760.png;7;Sandarna BK Svart;https://staticcdn.svenskfotboll.se/img/teamssm/10367.png;7;1-1;LP - Idrottspark A - plan;LP - Idrottspark;LP Idrottspark, Sportvägen 7, 443 40 Gråbo;Y;57.841028;12.289142;Göteborg;football
7;2026-10-07;19:30;133616;Pojkar 2013(13 år) Höst Lätt Grupp C;2;3;6828557;4;/go-to/?fmid=6828557;Lindome GIF Vit;https://staticcdn.svenskfotboll.se/img/teamssm/10741.png;7;Fässbergs IF Vit;https://staticcdn.svenskfotboll.se/img/teamssm/9620.png;7;1-1;Rävekärrsplan;Rävekärrsplan;Fågelbergsgatan 6, 431 33 Mölndal;Y;57.643218;12.034367;Göteborg;football
7;2026-10-07;19:30;133743;Flickor 2010-2011 Medel Grupp A;3;3;6584963;4;/go-to/?fmid=6584963;Örgryte IS Fotboll;https://staticcdn.svenskfotboll.se/img/teamssm/12910.png;7;BK Häcken F2011 Lag 1;https://staticcdn.svenskfotboll.se/img/teamssm/11080.png;7;2-3;ÖIS-gården 2;ÖIS-gården;Korndalsvägen 3, 412 76 Göteborg;Y;57.675233;12.028495;Göteborg;football
7;2026-10-07;19:45;133155;Division 7A Herr;2;4;6533624;4;/go-to/?fmid=6533624;AIF Göteborg;https://staticcdn.svenskfotboll.se/img/teamssm/11626.png;7;BK Bifrost;https://staticcdn.svenskfotboll.se/img/teamssm/9641.png;7;3-6;Gröna Vallen 1;Gröna Vallen;Gröna Vallen, Svanebäcksgatan 16, 414 71 Göteborg;Y;57.687961;11.917564;Göteborg;football
7;2026-10-07;19:45;133153;Division 6B Herr;2;4;6534251;4;/go-to/?fmid=6534251;Ösets BK;https://staticcdn.svenskfotboll.se/img/teamssm/9533.png;7;Backatorp IF;https://staticcdn.svenskfotboll.se/img/teamssm/11915.png;7;2-5;Majvallen 1 Konstgräs;Majvallen;Ekedalsgatan 20, 414 68 Göteborg;Y;57.689370;11.936171;Göteborg;football
21;2026-10-07;19:45;136550;Herrar, Utveckling A Skövde;2;4;6721432;4;/go-to/?fmid=6721432;Skultorps IF U;https://staticcdn.svenskfotboll.se/img/teamssm/10298.png;21;Floby-Grolanda IF U;https://staticcdn.svenskfotboll.se/img/teamssm/13639.png;21;4-6;Södermalms IP A;Södermalms IP;Södermalms idrottsplats, Skaraborgsgatan, Södermalm, Skövde, Skövde kommun, Västra Götalands län, 541 52, Sverige;Y;58.378431;13.840427;Västergötland;football
7;2026-10-07;20:00;136239;Pojkar 2009-2010(16-17 år) Lätt Grupp B;2;3;6600260;4;/go-to/?fmid=6600260;Kungsladugårds BK;https://staticcdn.svenskfotboll.se/img/teamssm/10799.png;7;Särö Kullavik IF 2;https://staticcdn.svenskfotboll.se/img/teamssm/9496.png;8;0-4;Apelsinplan 2 Konstgräs;Apelsinplan;Apelsingatan 6, 426 54 Västra Frölunda;Y;57.655054;11.882940;Göteborg;football
1;2026-10-07;20:00;138411;P17 Div.1 2026 B-slutspel Nordvästra Götaland;2;3;6912031;4;/go-to/?fmid=6912031;Backatorp IF;https://staticcdn.svenskfotboll.se/img/teamssm/11915.png;7;Ytterby IS;https://staticcdn.svenskfotboll.se/img/teamssm/9832.png;7;1-2;Backavallen 1 Konstgräs;Backavallen;Wadköpingsgatan 153, 422 51 Hisings Backa;Y;57.745322;11.967003;1;football
7;2026-10-07;20:00;133745;Flickor 2010-2011 Lätt Grupp B;3;3;6585143;4;/go-to/?fmid=6585143;Floda BoIF F11;https://staticcdn.svenskfotboll.se/img/teamssm/11366.png;7;Älvängens IK F11;https://staticcdn.svenskfotboll.se/img/teamssm/9783.png;7;5-0;Flodala IP 3 KG;Flodala IP;Skallsjö Prästväg 14, 448 31 Floda;Y;57.795503;12.346356;Göteborg;football
7;2026-10-07;20:00;133746;Flickor 2010-2011 Medel Grupp B;3;3;6585596;4;/go-to/?fmid=6585596;GAIS F15-16;https://staticcdn.svenskfotboll.se/img/teamssm/9614.png;7;Mossens BK F2010/2011;https://staticcdn.svenskfotboll.se/img/teamssm/9571.png;7;2-1;Heden 3 Konstgräs;Heden;Heden, 411 38 Göteborg;Y;57.702854;11.978368;Göteborg;football
7;2026-10-07;20:00;133576;Pojkar 2011(15 år) Medel Grupp B;2;3;6607917;4;/go-to/?fmid=6607917;Kärra KIF Gul;https://staticcdn.svenskfotboll.se/img/teamssm/10780.png;7;Älvsborg FF Blå;https://staticcdn.svenskfotboll.se/img/teamssm/9622.png;7;1-2;Klarebergsvallen 2 Konstgräs;Klarebergsvallen;Burmans Gata 3, 425 33 Hisings Kärra;Y;57.798761;11.987168;Göteborg;football
7;2026-10-07;20:00;136239;Pojkar 2009-2010(16-17 år) Lätt Grupp B;2;3;6600372;4;/go-to/?fmid=6600372;Utbynäs SK Blå;https://staticcdn.svenskfotboll.se/img/teamssm/9983.png;7;IK Zenith P17 Grön;https://staticcdn.svenskfotboll.se/img/teamssm/9829.png;7;0-9;Lemmingvallen 2 Konstgräs;Lemmingvallen;Lemmingsgatan 5, 415 07 Göteborg;Y;57.734850;12.052148;Göteborg;football
7;2026-10-07;20:00;133742;Flickor 2011 Regional;3;3;6597832;4;/go-to/?fmid=6597832;Älvsborg FF F2011;https://staticcdn.svenskfotboll.se/img/teamssm/9622.png;7;Junior Lions FootballClub F15-A;https://staticcdn.svenskfotboll.se/img/teamssm/13588.png;21;0-5;Påvelund 1 Konstgräs;Påvelund;Redegatan 18, 426 77 Västra Frölunda;Y;57.668781;11.881476;Göteborg;football
7;2026-10-07;20:00;133577;Pojkar 2011(15 år) Svår Grupp A;2;3;6608317;4;/go-to/?fmid=6608317;Torslanda IK Röd;https://staticcdn.svenskfotboll.se/img/teamssm/10068.png;7;IK Zenith Grön;https://staticcdn.svenskfotboll.se/img/teamssm/9829.png;7;6-3;Torslandavallen 2 Konstgräs;Torslandavallen;Torslanda Idrottsväg 17, 423 32 Torslanda;Y;57.718280;11.757490;Göteborg;football
7;2026-10-07;20:00;133577;Pojkar 2011(15 år) Svår Grupp A;2;3;6608301;4;/go-to/?fmid=6608301;Finlandia Pallo AIF;https://staticcdn.svenskfotboll.se/img/teamssm/7939.png;7;Croatia Göteborg;https://staticcdn.svenskfotboll.se/img/teamssm/9633.png;7;1-2;Tuvevallen 2 Konstgräs;Tuvevallen;Tuvevallen, 417 45 Göteborg;Y;57.750937;11.915436;Göteborg;football
7;2026-10-07;20:15;133768;Reservklass 1;2;4;6552715;4;/go-to/?fmid=6552715;Göteborgs FF;https://staticcdn.svenskfotboll.se/img/teamssm/11217.png;7;IK Zenith;https://staticcdn.svenskfotboll.se/img/teamssm/9829.png;7;0-0;Blidvädersplan;Blidvädersplan;Ovädersgatan 1A, 418 34 Göteborg;Y;57.707987;11.887592;Göteborg;football
7;2026-10-07;20:15;138539;P17 Kval Grupp A;2;3;6907484;4;/go-to/?fmid=6907484;Öjersjö IF;https://staticcdn.svenskfotboll.se/img/teamssm/7552.png;7;Qviding FIF;https://staticcdn.svenskfotboll.se/img/teamssm/8089.png;7;2-3;Furulundsplan 1 Konstgräs;Furulundsplan;Furulundsplan, Timmervägen, 433 47 Partille;Y;57.727253;12.129716;Göteborg;football
7;2026-10-07;20:15;133817;Reservklass 2A Höst;2;4;6827179;4;/go-to/?fmid=6827179;Utbynäs SK;https://staticcdn.svenskfotboll.se/img/teamssm/9983.png;7;Azalea BK;https://staticcdn.svenskfotboll.se/img/teamssm/7817.png;7;4-1;Gamlestadsvallen 2 Konstgräs;Gamlestadsvallen;Lars Kaggsgatan 24, 415 04 Göteborg;Y;57.734308;12.013832;Göteborg;football
7;2026-10-07;20:15;133157;Division 7C Herr;2;4;6534577;4;/go-to/?fmid=6534577;IK Zenith FF;https://staticcdn.svenskfotboll.se/img/teamssm/13708.png;7;Neutrala UF;https://staticcdn.svenskfotboll.se/img/teamssm/11940.png;7;4-0;Hovgårdsvallen 2 Konstgräs (Bjurforsplanen);Hovgårdsvallen;Gamla Lillebyvägen 1, 432 00 Torslanda;Y;57.751235;11.827376;Göteborg;football
7;2026-10-07;20:15;133950;Division 5B Dam;3;4;6534106;4;/go-to/?fmid=6534106;Floda BoIF (U);https://staticcdn.svenskfotboll.se/img/teamssm/11366.png;7;Kungsladugårds BK;https://staticcdn.svenskfotboll.se/img/teamssm/10799.png;7;2-2;Kobbegården 1 Konstgräs;Kobbegården;Stora Åvägen 1, 436 34 Askim;Y;57.639723;11.944383;Göteborg;football
7;2026-10-07;20:15;133525;Junior Pojkar Div 2B;2;3;6543026;4;/go-to/?fmid=6543026;Torslanda IK HJ 2;https://staticcdn.svenskfotboll.se/img/teamssm/10068.png;7;Eriksbergs IF 1;https://staticcdn.svenskfotboll.se/img/teamssm/9629.png;7;1-0;Krokängsplan 1 Konstgräs;Krokängsplan;Säterigatan 15, 417 69 Göteborg;Y;57.702920;11.910432;Göteborg;football
7;2026-10-07;20:15;133744;Flickor 2010-2011 Lätt Grupp A;3;3;6585035;4;/go-to/?fmid=6585035;Landvetter IF 2003 F11 Röd;https://staticcdn.svenskfotboll.se/img/teamssm/6789.png;7;Utbynäs SK Blå;https://staticcdn.svenskfotboll.se/img/teamssm/9983.png;7;6-3;Landvetter IP A-plan;Landvetter IP;Tahultsvägen 60, 438 35 Landvetter;Y;57.702382;12.203031;Göteborg;football
7;2026-10-07;20:15;138542;P17 Kval Grupp D;2;3;6907990;4;/go-to/?fmid=6907990;Landvetter IS;https://staticcdn.svenskfotboll.se/img/teamssm/10768.png;7;KF Velebit;https://staticcdn.svenskfotboll.se/img/teamssm/9949.png;7;3-2;Landvetter IP B-plan;Landvetter IP;Tahultsvägen 60, 438 35 Landvetter;Y;57.702382;12.203031;Göteborg;football
7;2026-10-07;20:15;133155;Division 7A Herr;2;4;6533628;4;/go-to/?fmid=6533628;Mölnlycke IS Ungdom;https://staticcdn.svenskfotboll.se/img/teamssm/13695.png;7;Johannebergs IF;https://staticcdn.svenskfotboll.se/img/teamssm/8144.png;7;2-3;Mölnlycke IP;Mölnlycke IP;Idrottsgatan 1, 435 35 Mölnlycke;Y;57.660896;12.119026;Göteborg;football
7;2026-10-07;20:15;133575;Pojkar 2011(15 år) Medel Grupp A;2;3;6607772;4;/go-to/?fmid=6607772;BK Häcken Gul;https://staticcdn.svenskfotboll.se/img/teamssm/11080.png;7;Öckerö IF P-11;https://staticcdn.svenskfotboll.se/img/teamssm/9774.png;7;12-2;Slättadamm 2 konstgräs;Slättadamm;Slättadammsgatan 6, 417 25 Göteborg;Y;57.730565;11.927705;Göteborg;football
7;2026-10-07;20:15;133161;Division 4B Dam;3;4;6533853;4;/go-to/?fmid=6533853;Lerums IS;https://staticcdn.svenskfotboll.se/img/teamssm/10756.png;7;Jonsereds IF;https://staticcdn.svenskfotboll.se/img/teamssm/9595.png;7;3-0;Spinnarvallen / B-plan;Spinnarvallen;Tollereds Ströms väg 4, 448 50 Tollered;Y;57.814494;12.424245;Göteborg;football
7;2026-10-07;20:15;133441;Junior Pojkar Div 1;2;3;6538315;4;/go-to/?fmid=6538315;Lerums IS;https://staticcdn.svenskfotboll.se/img/teamssm/10756.png;7;Jonsereds IF 1;https://staticcdn.svenskfotboll.se/img/teamssm/9595.png;7;1-1;Stenkullens IP 2 KG;Stenkullens IP;Granitvägen 3, 443 61 Stenkullen;Y;57.795326;12.310226;Göteborg;football
7;2026-10-07;20:15;133160;Division 4A Dam;3;4;6533686;4;/go-to/?fmid=6533686;Mossens BK (B);https://staticcdn.svenskfotboll.se/img/teamssm/9571.png;7;Öjersjö IF;https://staticcdn.svenskfotboll.se/img/teamssm/7552.png;7;3-3;Valhalla 1 Konstgräs;Valhalla;Valhallagatan 6, 412 51 Göteborg;Y;57.701605;11.991324;Göteborg;football
1;2026-10-07;20:15;129333;P19 Div.1 2026 Västra Götaland;2;3;6585886;4;/go-to/?fmid=6585886;Sävedalens IF;https://staticcdn.svenskfotboll.se/img/teamssm/9545.png;7;Kinna IF;https://staticcdn.svenskfotboll.se/img/teamssm/10844.png;21;4-3;Vallhamra 2 Konstgräs;Vallhamra IP;Ugglumsleden 48, 433 64 Sävedalen;Y;57.724452;12.079253;1;football
7;2026-10-07;20:15;133573;Pojkar 2009-2010(16-17 år) Lätt Grupp A;2;3;6600202;4;/go-to/?fmid=6600202;Nödinge SK Fotboll Vit;https://staticcdn.svenskfotboll.se/img/teamssm/10503.png;7;Kungsbacka IF Junior Pojk;https://staticcdn.svenskfotboll.se/img/teamssm/9505.png;8;3-3;Vimmervi 2 Konstgräs;Vimmervi;Gamla Kilandavägen 62, 449 36 Nödinge;Y;57.886226;12.080329;Göteborg;football
7;2026-10-07;20:15;133161;Division 4B Dam;3;4;6533843;4;/go-to/?fmid=6533843;Ytterby IS (B);https://staticcdn.svenskfotboll.se/img/teamssm/9832.png;7;HBH Hönö/Björkö;https://staticcdn.svenskfotboll.se/img/teamssm/11038.png;7;3-0;Ytterns IP 1 Konstgräs;Ytterns IP;Ytterby, 442 40 Kungälv;Y;57.869280;11.935196;Göteborg;football
7;2026-10-07;20:15;133744;Flickor 2010-2011 Lätt Grupp A;3;3;6585033;4;/go-to/?fmid=6585033;Ytterby IS F11;https://staticcdn.svenskfotboll.se/img/teamssm/9832.png;7;Backatorp IF;https://staticcdn.svenskfotboll.se/img/teamssm/11915.png;7;0-11;Ytterns IP 3 konstgräs;Ytterns IP;Ytterby, 442 40 Kungälv;Y;57.869280;11.935196;Göteborg;football
7;2026-10-07;20:15;133160;Division 4A Dam;3;4;6533747;4;/go-to/?fmid=6533747;Näsets SK (B);https://staticcdn.svenskfotboll.se/img/teamssm/10510.png;7;Lindome GIF;https://staticcdn.svenskfotboll.se/img/teamssm/10741.png;7;7-3;Näset Yuncture Arena;Åkeredsvallen;Bergsätersgatan 1, 421 66 Västra Frölunda;Y;57.631456;11.900982;Göteborg;football
7;2026-10-07;20:30;133527;Junior Pojkar Div 2A;2;3;6538401;4;/go-to/?fmid=6538401;IK Kongahälla U19;https://staticcdn.svenskfotboll.se/img/teamssm/9590.png;7;Näsets SK U19;https://staticcdn.svenskfotboll.se/img/teamssm/10510.png;7;6-3;Kareby Hed;Kareby Hed;442 46 Kareby;Y;57.903192;11.928436;Göteborg;football
7;2026-10-08;17:00;138263;Pojkar 2015(11 år) Grupp M Höst;2;2;6850302;5;/go-to/?fmid=6850302;Askims IK P2015 U11 Röd;https://staticcdn.svenskfotboll.se/img/teamssm/11617.png;7;Bergums IF Gul;https://staticcdn.svenskfotboll.se/img/teamssm/11584.png;7;-1--1;Kobbegården Övre 21;Kobbegården;Stora Åvägen 1, 436 34 Askim;Y;57.639723;11.944383;Göteborg;football
28;2026-10-08;17:30;136357;BDFF F13-14 Grön Västra;3;3;6678286;5;/go-to/?fmid=6678286;Orust FC 2013 svart;https://staticcdn.svenskfotboll.se/img/teamssm/12132.png;28;IFK Valla Ungdomslag Röd;https://staticcdn.svenskfotboll.se/img/teamssm/8504.png;28;0-0;Ängevi Svanesund;Ängevi;Ängevi, Fridängsvägen, 472 32 Svanesund;Y;58.144278;11.807265;Bohuslän-Dalsland;football
7;2026-10-08;18:00;133613;Pojkar 2013(13 år) Höst Medel Grupp B;2;3;6828739;4;/go-to/?fmid=6828739;Solängens BK Vit;https://staticcdn.svenskfotboll.se/img/teamssm/9548.png;7;Lekstorps IF;https://staticcdn.svenskfotboll.se/img/teamssm/10760.png;7;4-2;Eklandavallen 12;Eklandavallen;Bäckstensgatan 15, 431 49 Mölndal;Y;57.654780;11.959687;Göteborg;football
7;2026-10-08;18:00;133765;Flickor 2012-2013 Liten 9M9 Lätt Gr. C Höst;3;3;6829099;4;/go-to/?fmid=6829099;Floda BoIF Svart;https://staticcdn.svenskfotboll.se/img/teamssm/11366.png;7;Masthuggets BK;https://staticcdn.svenskfotboll.se/img/teamssm/10643.png;7;6-2;Flodala IP 3 KG;Flodala IP;Skallsjö Prästväg 14, 448 31 Floda;Y;57.795503;12.346356;Göteborg;football
21;2026-10-08;18:00;137529;Pojkar Div 9 Kinna;2;2;6773560;5;/go-to/?fmid=6773560;Dardania IF Svart;https://staticcdn.svenskfotboll.se/img/teamssm/12285.png;21;Rävlanda AIS Vit;https://staticcdn.svenskfotboll.se/img/teamssm/10390.png;21;-1--1;Kransmossens IP A;Kransmossens IP;Kransmossens idrottsplats, Kransvägen, Brotorp, Borås, Borås kommun, Västra Götalands län, 507 65, Sverige;Y;57.707261;12.979446;Västergötland;football
7;2026-10-08;18:00;133781;Flickor 2014(12 år) Grupp D Höst;3;2;6835509;5;/go-to/?fmid=6835509;Nödinge SK Fotboll Blå;https://staticcdn.svenskfotboll.se/img/teamssm/10503.png;7;Öjersjö IF Blå;https://staticcdn.svenskfotboll.se/img/teamssm/7552.png;7;-1--1;Vimmervi 22 Konstgräs;Vimmervi;Gamla Kilandavägen 62, 449 36 Nödinge;Y;57.886226;12.080329;Göteborg;football
7;2026-10-08;18:15;136459;Fotbollsligan 7M7 Herr Höst GrpA;2;5;6829580;4;/go-to/?fmid=6829580;Hovås Billdal IF;https://staticcdn.svenskfotboll.se/img/teamssm/11109.png;7;Alealiber IF;https://staticcdn.svenskfotboll.se/img/teamssm/13380.png;7;0-3;Heden 42 Konstgräs;Heden;Heden, 411 38 Göteborg;Y;57.702854;11.978368;Göteborg;football
1;2026-10-08;18:30;137816;Svenska Cupen 2026/27 omg. 1-3;3;4;6908836;4;/go-to/?fmid=6908836;Alingsås IF FF;https://staticcdn.svenskfotboll.se/img/teamssm/12595.png;21;IF Elfsborg;https://staticcdn.svenskfotboll.se/img/teamssm/11429.png;21;0-3;Alströmervallen konstgräs;Alströmervallen;Alströmervallen, Kungälvsvägen, Noltorp, Alingsås distrikt, Alingsås, Alingsås kommun, Västra Götalands län, 441 57, Sverige;Y;57.939131;12.526820;1;football
7;2026-10-08;18:30;133617;Pojkar 2013(13 år) Höst Lätt Grupp D;2;3;6828584;5;/go-to/?fmid=6828584;Mossens BK Vit;https://staticcdn.svenskfotboll.se/img/teamssm/9571.png;7;Kareby IS;https://staticcdn.svenskfotboll.se/img/teamssm/10872.png;7;0-0;Kareby Hed 11;Kareby Hed;442 46 Kareby;Y;57.903192;11.928436;Göteborg;football
7;2026-10-08;18:30;138261;Pojkar 2013(13 år) Höst Medel Grupp F;2;3;6828924;4;/go-to/?fmid=6828924;Eriksbergs IF 2;https://staticcdn.svenskfotboll.se/img/teamssm/9629.png;7;Espanyol Göteborg IF;https://staticcdn.svenskfotboll.se/img/teamssm/13418.png;7;4-2;Kviberg 2:21;Kviberg;Luftvärnsvägen, 415 06 Göteborg;Y;57.737550;12.038540;Göteborg;football
21;2026-10-08;18:30;137533;Pojkar Div 9 Skövde;2;2;6774454;5;/go-to/?fmid=6774454;IFK Skövde FK Svart;https://staticcdn.svenskfotboll.se/img/teamssm/7848.png;21;Skövde AIK Röd;https://staticcdn.svenskfotboll.se/img/teamssm/10281.png;21;-1--1;Lillegårdens IP;Lillegårdens IP;Billingehovsvägen 9, 549 49 Skövde;Y;58.413432;13.849265;Västergötland;football
7;2026-10-08;18:30;133607;Pojkar 2013(13 år) Höst Svår Grupp B;2;3;6828983;4;/go-to/?fmid=6828983;GAIS Akademi;https://staticcdn.svenskfotboll.se/img/teamssm/9614.png;7;Masthuggets BK 1;https://staticcdn.svenskfotboll.se/img/teamssm/10643.png;7;2-1;Majvallen 11 Konstgräs;Majvallen;Ekedalsgatan 20, 414 68 Göteborg;Y;57.689370;11.936171;Göteborg;football
21;2026-10-08;18:30;136529;Flickor Div 3 Trollhättan;3;3;6710850;4;/go-to/?fmid=6710850;Bjärke;https://staticcdn.svenskfotboll.se/img/teamssm/10266.png;21;Trollhättans BoIS;https://staticcdn.svenskfotboll.se/img/teamssm/8643.png;21;0-5;Nya Bjärkevi Konstgräs;Nya Bjärkevi;Skolgatan 10, 466 30 Sollebrunn;Y;58.119009;12.527619;Västergötland;football
7;2026-10-08;18:45;133795;Flickor 2015(11 år) Grupp B Höst;3;2;6838814;5;/go-to/?fmid=6838814;Azalea BK Svart;https://staticcdn.svenskfotboll.se/img/teamssm/7817.png;7;Kungsladugårds BK Vit;https://staticcdn.svenskfotboll.se/img/teamssm/10799.png;7;-1--1;Karl Johans Torg 11;Karl Johans Torg;Karl Johanstorget 1, 414 61 Göteborg;Y;57.694518;11.929255;Göteborg;football
7;2026-10-08;19:00;133525;Junior Pojkar Div 2B;2;3;6544085;4;/go-to/?fmid=6544085;Mölnlycke IS Ungdom;https://staticcdn.svenskfotboll.se/img/teamssm/13695.png;7;Partille IF FK Herrjunior;https://staticcdn.svenskfotboll.se/img/teamssm/12478.png;7;9-1;Bråtaredsvallen 3, konstgräs;Bråtaredsvallen;Bråtaredsvallen, 438 52 Rävlanda;Y;57.658014;12.492537;Göteborg;football
21;2026-10-08;19:00;136738;Pojkar Div 8 Trollhättan;2;3;6724350;4;/go-to/?fmid=6724350;Vänersborgs FK Svart;https://staticcdn.svenskfotboll.se/img/teamssm/8626.png;21;Vårgårda IK Vit;https://staticcdn.svenskfotboll.se/img/teamssm/9882.png;21;0-2;Hallevi IP, Wargön C-plan;Hallevi IP;Nordkroksvägen 85, 468 33 Vargön;Y;58.366825;12.400851;Västergötland;football
8;2026-10-08;19:00;133432;Träningsmatcher Div. 1 - Div. 3 herrar;2;4;6920251;4;/go-to/?fmid=6920251;Falkenbergs FF (U19);https://staticcdn.svenskfotboll.se/img/teamssm/9525.png;8;Tvååkers IF (Ettan);https://staticcdn.svenskfotboll.se/img/teamssm/9483.png;8;1-2;Kristineslätt IP 5;Kristineslätt IP;Kristineslätt, Skrea Strand, Falkenberg, Falkenbergs kommun, Hallands län, 311 41, Sverige;Y;56.891601;12.514593;Halland;football
7;2026-10-08;19:00;136238;Pojkar 2009-2010(16-17 år) Svår Grupp B;2;3;6602157;4;/go-to/?fmid=6602157;Ale United U17 Lag 2;https://staticcdn.svenskfotboll.se/img/teamssm/11662.png;7;Mossens BK Svart;https://staticcdn.svenskfotboll.se/img/teamssm/9571.png;7;0-0;Svenska Stenhus Arena 3 Konstgräs;Sjövallen IP;Sjövallavägen 111, 449 50 Alafors;Y;57.915942;12.107763;Göteborg;football
8;2026-10-08;19:00;136201;P15-16år blå;2;3;6598108;4;/go-to/?fmid=6598108;Snöstorp Nyhem FF Grön;https://staticcdn.svenskfotboll.se/img/teamssm/7704.png;8;Åsa IF;https://staticcdn.svenskfotboll.se/img/teamssm/9807.png;8;0-5;Skedalaheds IP 3;Skedalaheds IP;Skedalahed 114, 305 93 Halmstad;Y;56.686715;12.945246;Halland;football
8;2026-10-08;19:00;136158;P17-19år;2;3;6596010;4;/go-to/?fmid=6596010;BK Astrio;https://staticcdn.svenskfotboll.se/img/teamssm/9529.png;8;Lerkils IF;https://staticcdn.svenskfotboll.se/img/teamssm/10757.png;8;3-1;Söndrums IP konstgräs;Söndrums IP;Söndrums Idrottsplats, Bäckagårdsvägen, Pålsbo, Bäckagård, Halmstad, Halmstads kommun, Hallands län, 302 91, Sverige;Y;56.670271;12.797138;Halland;football
8;2026-10-08;19:00;136200;P15-16år röd;2;3;6598074;4;/go-to/?fmid=6598074;Hyltebruks IF;https://staticcdn.svenskfotboll.se/img/teamssm/11090.png;8;Värö United;https://staticcdn.svenskfotboll.se/img/teamssm/11508.png;8;1-2;Örnvallen konstgräs;Örnvallen;Gamla Nissastigen 77, 314 32 Hyltebruk;Y;57.004760;13.250475;Halland;football
7;2026-10-08;19:30;133768;Reservklass 1;2;4;6552721;4;/go-to/?fmid=6552721;SKIF Semberija;https://staticcdn.svenskfotboll.se/img/teamssm/7595.png;7;Kållered SK;https://staticcdn.svenskfotboll.se/img/teamssm/10787.png;7;2-4;Bergsjövallen 2 Konstgräs;Bergsjövallen;Sjustjärnan 20, 415 51 Göteborg;Y;57.750377;12.057010;Göteborg;football
7;2026-10-08;19:30;133581;Pojkar 2011(15 år) Medel Grupp C;2;3;6608199;4;/go-to/?fmid=6608199;Mölnlycke IF P11;https://staticcdn.svenskfotboll.se/img/teamssm/10594.png;7;Örgryte IS Fotboll Vit;https://staticcdn.svenskfotboll.se/img/teamssm/12910.png;7;2-4;Djupedalsplan A Konstgräs;Djupedals IP;Djupedals Ip, Rullstensvägen 1, 435 41 Mölnlycke;Y;57.652820;12.126316;Göteborg;football
7;2026-10-08;19:30;133950;Division 5B Dam;3;4;6534125;5;/go-to/?fmid=6534125;IFK Hindås;https://staticcdn.svenskfotboll.se/img/teamssm/11008.png;7;Lundby IF;https://staticcdn.svenskfotboll.se/img/teamssm/11776.png;7;0-0;Fagervallen 1 Gräs;Fagervallen;Sportvägen 9, 438 98 Hindås;Y;57.695964;12.435282;Göteborg;football
1;2026-10-08;19:30;138409;P17 Div.1 2026 A-slutspel Norra Götaland;2;3;6911840;4;/go-to/?fmid=6911840;GAIS;https://staticcdn.svenskfotboll.se/img/teamssm/9614.png;7;Norra Härene BK;https://staticcdn.svenskfotboll.se/img/teamssm/8673.png;21;2-1;Gaisgården 2 Konstgräs;Gaisgården;Gamla Boråsvägen 75, 412 76 Göteborg;Y;57.680427;12.029061;1;football
7;2026-10-08;19:30;133745;Flickor 2010-2011 Lätt Grupp B;3;3;6585142;4;/go-to/?fmid=6585142;Lindome GIF Svart;https://staticcdn.svenskfotboll.se/img/teamssm/10741.png;7;Surte/Ahlafors;https://staticcdn.svenskfotboll.se/img/teamssm/12036.png;7;1-3;Lindevi IP 3 Konstgräs;Lindevi IP;Hällesåkersvägen 5, 437 91 Lindome;Y;57.585286;12.108877;Göteborg;football
1;2026-10-08;19:30;129333;P19 Div.1 2026 Västra Götaland;2;3;6585840;4;/go-to/?fmid=6585840;Ljungskile SK Herrfotboll;https://staticcdn.svenskfotboll.se/img/teamssm/13211.png;28;Kungsladugårds BK;https://staticcdn.svenskfotboll.se/img/teamssm/10799.png;7;7-5;Skarsjövallen Konstgräs;Skarsjövallen;Skarsjövallen, Skarsjövägen, Ljungskile, Ljungs distrikt, Uddevalla kommun, Västra Götalands län, 459 30, Sverige;Y;58.216505;11.945076;1;football
21;2026-10-08;19:30;139936;Kval till SvFF:s P17 Div.1 - Grupp A;2;3;6913655;4;/go-to/?fmid=6913655;IFK Skövde FK U16;https://staticcdn.svenskfotboll.se/img/teamssm/7848.png;21;Vänersborgs FK U16;https://staticcdn.svenskfotboll.se/img/teamssm/8626.png;21;3-2;Södermalms IP B;Södermalms IP;Södermalms idrottsplats, Skaraborgsgatan, Södermalm, Skövde, Skövde kommun, Västra Götalands län, 541 52, Sverige;Y;58.378431;13.840427;Västergötland;football
28;2026-10-08;19:30;136359;BDFF P15-19 Blå Södra;2;3;6638715;4;/go-to/?fmid=6638715;Skärhamns IK P-utveckling Blå;https://staticcdn.svenskfotboll.se/img/teamssm/10285.png;28;Ljungskile SK U15;https://staticcdn.svenskfotboll.se/img/teamssm/13211.png;28;4-2;Tjörns Sparbank Arena;Tjörns Sparbank Arena;Hamngatan, 471 95 Skärhamn;Y;57.971096;11.555368;Bohuslän-Dalsland;football
1;2026-10-08;19:30;131957;Div 2 Norra Götaland, herr 2026;2;4;6547423;4;/go-to/?fmid=6547423;Vänersborgs FK;https://staticcdn.svenskfotboll.se/img/teamssm/8626.png;21;IFK Kumla;https://staticcdn.svenskfotboll.se/img/teamssm/7733.png;13;3-3;Vänersvallen Nord;Vänersvallen;Gropbrovägen 4, 462 56 Vänersborg;Y;58.367442;12.323966;1;football
7;2026-10-08;19:45;133160;Division 4A Dam;3;4;6533753;4;/go-to/?fmid=6533753;Lindome GIF;https://staticcdn.svenskfotboll.se/img/teamssm/10741.png;7;Mölnlycke IF;https://staticcdn.svenskfotboll.se/img/teamssm/10594.png;7;0-4;Lindevi IP 1 Konstgräs;Lindevi IP;Hällesåkersvägen 5, 437 91 Lindome;Y;57.585286;12.108877;Göteborg;football
7;2026-10-08;20:00;133581;Pojkar 2011(15 år) Medel Grupp C;2;3;6608200;4;/go-to/?fmid=6608200;Marieholm IK 2;https://staticcdn.svenskfotboll.se/img/teamssm/13640.png;7;IFK Fjärås;https://staticcdn.svenskfotboll.se/img/teamssm/9511.png;8;0-2;Bläsebovallen 1 Konstgräs;;;N;;;Göteborg;football
7;2026-10-08;20:00;133577;Pojkar 2011(15 år) Svår Grupp A;2;3;6608225;4;/go-to/?fmid=6608225;Marieholm IK 1;https://staticcdn.svenskfotboll.se/img/teamssm/13640.png;7;Surte IS FK;https://staticcdn.svenskfotboll.se/img/teamssm/12036.png;7;3-0;Bläsebovallen 1 Konstgräs;;;N;;;Göteborg;football
7;2026-10-08;20:00;133570;Pojkar 2009-2010(16-17 år) Svår Grupp A;2;3;6601974;4;/go-to/?fmid=6601974;Önnereds IK P 16/17;https://staticcdn.svenskfotboll.se/img/teamssm/9765.png;7;Qviding FIF P17;https://staticcdn.svenskfotboll.se/img/teamssm/8089.png;7;2-2;Apelsinplan 2 Konstgräs;Apelsinplan;Apelsingatan 6, 426 54 Västra Frölunda;Y;57.655054;11.882940;Göteborg;football
7;2026-10-08;20:00;133580;Pojkar 2011(15 år) Lätt Grupp B;2;3;6607652;4;/go-to/?fmid=6607652;Floda BoIF P11;https://staticcdn.svenskfotboll.se/img/teamssm/11366.png;7;Masthuggets BK;https://staticcdn.svenskfotboll.se/img/teamssm/10643.png;7;2-0;Flodala IP 3 KG;Flodala IP;Skallsjö Prästväg 14, 448 31 Floda;Y;57.795503;12.346356;Göteborg;football
7;2026-10-08;20:00;136238;Pojkar 2009-2010(16-17 år) Svår Grupp B;2;3;6602230;4;/go-to/?fmid=6602230;Hovås Billdal IF U17-P Blå;https://staticcdn.svenskfotboll.se/img/teamssm/11109.png;7;BK Häcken Svart;https://staticcdn.svenskfotboll.se/img/teamssm/11080.png;7;2-2;Hovås Billdal Arena 1;Hovås Billdal Arena;Kruniusvägen, 427 36 Billdal;Y;57.589555;11.946909;Göteborg;football
7;2026-10-08;20:00;135139;Slutspel DM Damer;3;4;6825757;4;/go-to/?fmid=6825757;Qviding FIF;https://staticcdn.svenskfotboll.se/img/teamssm/8089.png;7;Eriksbergs IF;https://staticcdn.svenskfotboll.se/img/teamssm/9629.png;7;3-0;Härlanda Park 2 Konstgräs;Härlanda Park;Härlanda Park 6B, 416 52 Göteborg;Y;57.716492;12.017055;Göteborg;football
7;2026-10-08;20:00;138541;P17 Kval Grupp B;2;3;6907496;4;/go-to/?fmid=6907496;Surte IS FK;https://staticcdn.svenskfotboll.se/img/teamssm/12036.png;7;Nödinge SK Fotboll Blå;https://staticcdn.svenskfotboll.se/img/teamssm/10503.png;7;2-1;Surte 2 Konstgräs;Surte IP;Idrottsvägen 4, 445 55 Surte;Y;57.836279;12.017412;Göteborg;football
7;2026-10-08;20:00;136239;Pojkar 2009-2010(16-17 år) Lätt Grupp B;2;3;6600363;4;/go-to/?fmid=6600363;Torslanda IK Svart P17;https://staticcdn.svenskfotboll.se/img/teamssm/10068.png;7;Hönö IS Vit;https://staticcdn.svenskfotboll.se/img/teamssm/11038.png;7;2-6;Torslandavallen 2 Konstgräs;Torslandavallen;Torslanda Idrottsväg 17, 423 32 Torslanda;Y;57.718280;11.757490;Göteborg;football
7;2026-10-08;20:00;133441;Junior Pojkar Div 1;2;3;6538314;4;/go-to/?fmid=6538314;Lindome GIF;https://staticcdn.svenskfotboll.se/img/teamssm/10741.png;7;Västra Frölunda IF;https://staticcdn.svenskfotboll.se/img/teamssm/9853.png;7;3-1;Välen 1 Konstgräs;Välen;Klubbvägen 20, 421 47 Västra Frölunda;Y;57.642584;11.919773;Göteborg;football
7;2026-10-08;20:00;136238;Pojkar 2009-2010(16-17 år) Svår Grupp B;2;3;6602209;4;/go-to/?fmid=6602209;Fässbergs IF U16;https://staticcdn.svenskfotboll.se/img/teamssm/9620.png;7;Tölö IF U17;https://staticcdn.svenskfotboll.se/img/teamssm/10015.png;8;1-7;Åbyvallen 1 Konstgräs;Åbyvallen;Idrottsvägen 5, 431 62 Mölndal;Y;57.645363;12.002082;Göteborg;football
7;2026-10-08;20:15;133198;Division 5A Dam;3;4;6534023;4;/go-to/?fmid=6534023;Hisingsbacka FC;https://staticcdn.svenskfotboll.se/img/teamssm/11138.png;7;IK Kongahälla (U);https://staticcdn.svenskfotboll.se/img/teamssm/9590.png;7;1-10;Backavallen 2 (GRATTS Arena);Backavallen;Wadköpingsgatan 153, 422 51 Hisings Backa;Y;57.745322;11.967003;Göteborg;football
7;2026-10-08;20:15;133591;Pojkar 2012(14 år) Lätt Grupp D;2;3;6620940;4;/go-to/?fmid=6620940;Fässbergs IF Lila;https://staticcdn.svenskfotboll.se/img/teamssm/9620.png;7;Öjersjö IF Blå;https://staticcdn.svenskfotboll.se/img/teamssm/7552.png;7;2-1;Förbovallen 1;Förbovallen;Ålegårdsgatan 297, 431 50 Mölndal;Y;57.625892;12.021226;Göteborg;football
7;2026-10-08;20:15;133727;Reserv Elit Göteborg;2;4;6578232;4;/go-to/?fmid=6578232;Västkurd BK;https://staticcdn.svenskfotboll.se/img/teamssm/12987.png;7;Näsets SK;https://staticcdn.svenskfotboll.se/img/teamssm/10510.png;7;7-3;Generatorsplan;Generatorsplan;Minelundsvägen 14, 417 05 Göteborg;Y;57.730133;11.950968;Göteborg;football
7;2026-10-08;20:15;133154;Division 6C Herr;2;4;6533496;4;/go-to/?fmid=6533496;Göteborgs SIF;https://staticcdn.svenskfotboll.se/img/teamssm/11214.png;7;IFK Hindås;https://staticcdn.svenskfotboll.se/img/teamssm/11008.png;7;4-2;Guldheden Södra 1 Konstgräs;Guldheden Södra;Gibraltargatan 41, 412 58 Göteborg;Y;57.681136;11.982964;Göteborg;football
7;2026-10-08;20:15;133154;Division 6C Herr;2;4;6533492;4;/go-to/?fmid=6533492;Fröjdens FK;https://staticcdn.svenskfotboll.se/img/teamssm/12793.png;7;Sjövalla FK;https://staticcdn.svenskfotboll.se/img/teamssm/10323.png;7;4-0;Heden 3 Konstgräs;Heden;Heden, 411 38 Göteborg;Y;57.702854;11.978368;Göteborg;football
7;2026-10-08;20:15;133950;Division 5B Dam;3;4;6534157;4;/go-to/?fmid=6534157;FC Kålltorp;https://staticcdn.svenskfotboll.se/img/teamssm/13416.png;7;Guldhedens IK;https://staticcdn.svenskfotboll.se/img/teamssm/11249.png;7;1-3;Härlanda Park 1 Konstgräs;Härlanda Park;Härlanda Park 6B, 416 52 Göteborg;Y;57.716492;12.017055;Göteborg;football
7;2026-10-08;20:15;133157;Division 7C Herr;2;4;6534579;4;/go-to/?fmid=6534579;Säve SK;https://staticcdn.svenskfotboll.se/img/teamssm/10135.png;7;Hålta IK;https://staticcdn.svenskfotboll.se/img/teamssm/12094.png;7;0-3;Klarebergsvallen 2 Konstgräs;Klarebergsvallen;Burmans Gata 3, 425 33 Hisings Kärra;Y;57.798761;11.987168;Göteborg;football
7;2026-10-08;20:15;138257;Junior Flickor Div 3 Höst;3;3;6827579;4;/go-to/?fmid=6827579;Askims IK F-2008/2009/2010;https://staticcdn.svenskfotboll.se/img/teamssm/11617.png;7;Lekstorps IF Damjunior;https://staticcdn.svenskfotboll.se/img/teamssm/10760.png;7;2-5;Kobbegården 1 Konstgräs;Kobbegården;Stora Åvägen 1, 436 34 Askim;Y;57.639723;11.944383;Göteborg;football
7;2026-10-08;20:15;133152;Division 6A Herr;2;4;6532700;4;/go-to/?fmid=6532700;Inter GIF;https://staticcdn.svenskfotboll.se/img/teamssm/13055.png;7;Gårdsten FC;https://staticcdn.svenskfotboll.se/img/teamssm/13638.png;7;2-5;Lemmingvallen 2 Konstgräs;Lemmingvallen;Lemmingsgatan 5, 415 07 Göteborg;Y;57.734850;12.052148;Göteborg;football
7;2026-10-08;20:15;133153;Division 6B Herr;2;4;6534288;4;/go-to/?fmid=6534288;BK Skottfint;https://staticcdn.svenskfotboll.se/img/teamssm/7100.png;7;Finlandia Pallo AIF;https://staticcdn.svenskfotboll.se/img/teamssm/7939.png;7;0-7;Nordic Wellness Arena;Nordic Wellness Arena;Inlandsgatan 48, 417 15 Göteborg;Y;57.719843;11.932408;Göteborg;football
7;2026-10-08;20:15;133441;Junior Pojkar Div 1;2;3;6538312;4;/go-to/?fmid=6538312;Älvsborg FF;https://staticcdn.svenskfotboll.se/img/teamssm/9622.png;7;Öjersjö IF;https://staticcdn.svenskfotboll.se/img/teamssm/7552.png;7;6-3;Påvelund 1 Konstgräs;Påvelund;Redegatan 18, 426 77 Västra Frölunda;Y;57.668781;11.881476;Göteborg;football
7;2026-10-08;20:15;136459;Fotbollsligan 7M7 Herr Höst GrpA;2;5;6829576;4;/go-to/?fmid=6829576;Älvsborg FF;https://staticcdn.svenskfotboll.se/img/teamssm/9622.png;7;Landvetter IS;https://staticcdn.svenskfotboll.se/img/teamssm/10768.png;7;10-2;Påvelund 2 Konstgräs 7-manna;Påvelund;Redegatan 18, 426 77 Västra Frölunda;Y;57.668781;11.881476;Göteborg;football
7;2026-10-08;20:15;133570;Pojkar 2009-2010(16-17 år) Svår Grupp A;2;3;6602026;4;/go-to/?fmid=6602026;Lerums IS;https://staticcdn.svenskfotboll.se/img/teamssm/10756.png;7;Sandarna BK Röd;https://staticcdn.svenskfotboll.se/img/teamssm/10367.png;7;1-2;Stenkullens IP 2 KG;Stenkullens IP;Granitvägen 3, 443 61 Stenkullen;Y;57.795326;12.310226;Göteborg;football
7;2026-10-08;20:15;133580;Pojkar 2011(15 år) Lätt Grupp B;2;3;6607654;4;/go-to/?fmid=6607654;Nödinge SK Fotboll Vit;https://staticcdn.svenskfotboll.se/img/teamssm/10503.png;7;Lerkils IF;https://staticcdn.svenskfotboll.se/img/teamssm/10757.png;8;0-2;Vimmervi 2 Konstgräs;Vimmervi;Gamla Kilandavägen 62, 449 36 Nödinge;Y;57.886226;12.080329;Göteborg;football
7;2026-10-08;20:15;138257;Junior Flickor Div 3 Höst;3;3;6827581;4;/go-to/?fmid=6827581;IF Väster Damjunior Svart;https://staticcdn.svenskfotboll.se/img/teamssm/9861.png;7;IF Mölndal Fotboll;https://staticcdn.svenskfotboll.se/img/teamssm/9569.png;7;0-3;Önneredsplan 1 Konstgräs;Önneredsplan;Ersåsgatan 2, 421 59 Västra Frölunda;Y;57.637219;11.884878;Göteborg;football
7;2026-10-09;17:00;133653;Pojkar 2015(11 år) Grupp K Vår;2;2;6604172;5;/go-to/?fmid=6604172;Öjersjö IF 1;https://staticcdn.svenskfotboll.se/img/teamssm/7552.png;7;Lekstorps IF P15 Grön;https://staticcdn.svenskfotboll.se/img/teamssm/10760.png;7;-1--1;Öjersjö IP 12 Konstgräs;Öjersjö IP;Tallmossevägen 9, 433 50 Öjersjö;Y;57.702889;12.149245;Göteborg;football
7;2026-10-09;17:30;133798;Flickor 2015(11 år) Grupp D Höst;3;2;6840676;5;/go-to/?fmid=6840676;Eriksbergs IF 1;https://staticcdn.svenskfotboll.se/img/teamssm/9629.png;7;Romelanda UF F15;https://staticcdn.svenskfotboll.se/img/teamssm/10427.png;7;-1--1;Krokängsplan 12 Konstgräs;Krokängsplan;Säterigatan 15, 417 69 Göteborg;Y;57.702920;11.910432;Göteborg;football
7;2026-10-09;18:00;133757;Flickor 2012-2013 Stor 9M9 Medel Gr. A Höst;3;3;6828021;5;/go-to/?fmid=6828021;IF Mölndal Fotboll F12 Blå;https://staticcdn.svenskfotboll.se/img/teamssm/9569.png;7;Lerums IS F13;https://staticcdn.svenskfotboll.se/img/teamssm/10756.png;7;0-0;Förbovallen 1;Förbovallen;Ålegårdsgatan 297, 431 50 Mölndal;Y;57.625892;12.021226;Göteborg;football
7;2026-10-09;18:00;133609;Pojkar 2013(13 år) Höst Medel Grupp C;2;3;6828777;4;/go-to/?fmid=6828777;Nödinge SK Fotboll Blå;https://staticcdn.svenskfotboll.se/img/teamssm/10503.png;7;IK Kongahälla Grön;https://staticcdn.svenskfotboll.se/img/teamssm/9590.png;7;4-3;Vimmervi 21 Konstgräs;Vimmervi;Gamla Kilandavägen 62, 449 36 Nödinge;Y;57.886226;12.080329;Göteborg;football
7;2026-10-09;18:15;135973;Flickor 2010-2011 Lätt Grupp C;3;3;6585213;4;/go-to/?fmid=6585213;Torslanda IK F2011;https://staticcdn.svenskfotboll.se/img/teamssm/10068.png;7;IK Zenith F16 2;https://staticcdn.svenskfotboll.se/img/teamssm/9829.png;7;0-1;Torslandavallen 2 Konstgräs;Torslandavallen;Torslanda Idrottsväg 17, 423 32 Torslanda;Y;57.718280;11.757490;Göteborg;football
21;2026-10-09;18:30;136675;Damer, Utveckling Södra;3;4;6723201;4;/go-to/?fmid=6723201;Södra Härene/Östadkulle U;https://staticcdn.svenskfotboll.se/img/teamssm/10122.png;21;Bergdalens IK U;https://staticcdn.svenskfotboll.se/img/teamssm/11592.png;21;3-0;Björkvallen konstgräs, Vårgårda;;;N;;;Västergötland;football
21;2026-10-09;18:30;136663;Pojkar Div 6 Alingsås;2;3;6721562;4;/go-to/?fmid=6721562;Holmalund City FF Svart;https://staticcdn.svenskfotboll.se/img/teamssm/11125.png;21;Brämhults IK Svart;https://staticcdn.svenskfotboll.se/img/teamssm/8727.png;21;7-1;Östlyckevallen;Brogårdsvallen;Brogårdsvallen, Mångatan, Östlyckan, Alingsås distrikt, Alingsås, Alingsås kommun, Västra Götalands län, 441 35, Sverige;Y;57.931561;12.549578;Västergötland;football
7;2026-10-09;18:30;133579;Pojkar 2011(15 år) Lätt Grupp A;2;3;6607252;4;/go-to/?fmid=6607252;IF Mölndal Fotboll Röd;https://staticcdn.svenskfotboll.se/img/teamssm/9569.png;7;IK Zenith Vit;https://staticcdn.svenskfotboll.se/img/teamssm/9829.png;7;0-4;Frejaplan 1 K.Gräs;Frejaplan;Fiskargatan, 431 43 Mölndal;Y;57.656471;12.005152;Göteborg;football
7;2026-10-09;18:30;133746;Flickor 2010-2011 Medel Grupp B;3;3;6585594;4;/go-to/?fmid=6585594;IK Zenith F16;https://staticcdn.svenskfotboll.se/img/teamssm/9829.png;7;Kungsbacka IF F15;https://staticcdn.svenskfotboll.se/img/teamssm/9505.png;8;2-0;Hovgårdsvallen 2 Konstgräs (Bjurforsplanen);Hovgårdsvallen;Gamla Lillebyvägen 1, 432 00 Torslanda;Y;57.751235;11.827376;Göteborg;football
7;2026-10-09;18:30;133579;Pojkar 2011(15 år) Lätt Grupp A;2;3;6607251;4;/go-to/?fmid=6607251;Hovås Billdal IF Vit;https://staticcdn.svenskfotboll.se/img/teamssm/11109.png;7;Torslanda IK Svart;https://staticcdn.svenskfotboll.se/img/teamssm/10068.png;7;5-1;Hovås Billdal Arena 1;Hovås Billdal Arena;Kruniusvägen, 427 36 Billdal;Y;57.589555;11.946909;Göteborg;football
7;2026-10-09;18:30;136239;Pojkar 2009-2010(16-17 år) Lätt Grupp B;2;3;6600278;4;/go-to/?fmid=6600278;Kållered SK;https://staticcdn.svenskfotboll.se/img/teamssm/10787.png;7;Lekstorps IF/ Sjöviks SK;https://staticcdn.svenskfotboll.se/img/teamssm/10760.png;7;6-0;Kållered Sportcenter 1;Kållered Sportcenter;Tulebovägen 17, 428 34 Kållered;Y;57.611466;12.075548;Göteborg;football
8;2026-10-09;18:30;139133;F13år Röd A Höst;3;3;6896282;4;/go-to/?fmid=6896282;HGH FC;https://staticcdn.svenskfotboll.se/img/teamssm/9516.png;8;Skottorps IF;https://staticcdn.svenskfotboll.se/img/teamssm/10302.png;8;2-0;Tranevall;Tranevall;Tranevall, Tranevallsvägen, Harplinge, Halmstads kommun, Hallands län, 305 60, Sverige;Y;56.743210;12.734066;Halland;football
7;2026-10-09;18:30;133761;Flickor 2012-2013 Stor 9M9 Svår Höst;3;3;6827821;4;/go-to/?fmid=6827821;Jitex BK;https://staticcdn.svenskfotboll.se/img/teamssm/7516.png;7;Lerums IS Vit;https://staticcdn.svenskfotboll.se/img/teamssm/10756.png;7;1-4;Åbyvallen 2 Konstgräs;Åbyvallen;Idrottsvägen 5, 431 62 Mölndal;Y;57.645363;12.002082;Göteborg;football
7;2026-10-09;18:30;133587;Pojkar 2012(14 år) Medel Grupp B;2;3;6621346;4;/go-to/?fmid=6621346;Proletären FF;https://staticcdn.svenskfotboll.se/img/teamssm/10466.png;7;Qviding FIF 1;https://staticcdn.svenskfotboll.se/img/teamssm/8089.png;7;2-3;Åkeredsvallen 2 Konstgräs;Åkeredsvallen;Bergsätersgatan 1, 421 66 Västra Frölunda;Y;57.631456;11.900982;Göteborg;football
7;2026-10-09;18:30;138257;Junior Flickor Div 3 Höst;3;3;6827583;4;/go-to/?fmid=6827583;Näsets SK DJ 3;https://staticcdn.svenskfotboll.se/img/teamssm/10510.png;7;Örgryte IS Fotboll;https://staticcdn.svenskfotboll.se/img/teamssm/12910.png;7;0-6;Näset Yuncture Arena;Åkeredsvallen;Bergsätersgatan 1, 421 66 Västra Frölunda;Y;57.631456;11.900982;Göteborg;football
21;2026-10-09;18:30;136550;Herrar, Utveckling A Skövde;2;4;6721470;4;/go-to/?fmid=6721470;Åsarp-Trädet FK U;https://staticcdn.svenskfotboll.se/img/teamssm/6993.png;21;Floby-Grolanda IF U;https://staticcdn.svenskfotboll.se/img/teamssm/13639.png;21;3-6;Åsarps IP B-plan;Åsarps IP;Åsarps distrikt, Falköpings kommun, Västra Götalands län, Sverige;Y;57.988818;13.628281;Västergötland;football
21;2026-10-09;18:45;136510;Pojkar Div 4 Borås;2;3;6710992;4;/go-to/?fmid=6710992;Bergdalens IK;https://staticcdn.svenskfotboll.se/img/teamssm/11592.png;21;Kronängs IF;https://staticcdn.svenskfotboll.se/img/teamssm/8688.png;21;7-1;Björkängsvallen, Borås, Konstgräs;Björkängsvallen;Backersgatan 10, 504 57 Borås;Y;57.727601;12.958736;Västergötland;football
7;2026-10-09;18:45;133573;Pojkar 2009-2010(16-17 år) Lätt Grupp A;2;3;6600229;4;/go-to/?fmid=6600229;Landvetter IS Grön;https://staticcdn.svenskfotboll.se/img/teamssm/10768.png;7;Lunden Överås BK Svart;https://staticcdn.svenskfotboll.se/img/teamssm/10705.png;7;0-6;Landvetter IP B-plan;Landvetter IP;Tahultsvägen 60, 438 35 Landvetter;Y;57.702382;12.203031;Göteborg;football
7;2026-10-09;18:45;133760;Flickor 2012-2013 Liten 9M9 Medel Gr. A Höst;3;3;6828205;4;/go-to/?fmid=6828205;Ytterby IS Vit 2013;https://staticcdn.svenskfotboll.se/img/teamssm/9832.png;7;Utbynäs SK F13 Blå;https://staticcdn.svenskfotboll.se/img/teamssm/9983.png;7;2-1;Ytterns IP 31;Ytterns IP;Ytterby, 442 40 Kungälv;Y;57.869280;11.935196;Göteborg;football
8;2026-10-09;19:00;133572;Pojkar 2009-2010(16-17 år) Medel Grupp B;2;3;6601750;4;/go-to/?fmid=6601750;Särö Kullavik IF;https://staticcdn.svenskfotboll.se/img/teamssm/9496.png;8;Onsala BK;https://staticcdn.svenskfotboll.se/img/teamssm/10495.png;8;3-1;Bukärrs IP;Bukärrs IP;Västra Särövägen 29, 429 42 Särö;Y;57.518719;11.961004;Halland;football
7;2026-10-09;19:00;133766;Flickor 2012-2013 Stor 9M9 Lätt Gr. A Höst;3;3;6828148;4;/go-to/?fmid=6828148;Mölnlycke IF Gul (F2012);https://staticcdn.svenskfotboll.se/img/teamssm/10594.png;7;Jitex BK Vit;https://staticcdn.svenskfotboll.se/img/teamssm/7516.png;7;5-5;Djupedalsplan B Konstgräs;Djupedals IP;Djupedals Ip, Rullstensvägen 1, 435 41 Mölnlycke;Y;57.652820;12.126316;Göteborg;football
1;2026-10-09;19:00;133348;Allsvenskan 2026;2;4;6530007;4;/go-to/?fmid=6530007;IFK Göteborg;https://staticcdn.svenskfotboll.se/img/teamssm/11012.png;7;Västerås SK FK;https://staticcdn.svenskfotboll.se/img/teamssm/7998.png;22;1-0;Gamla Ullevi;Gamla Ullevi;Ullevigatan 5, 411 39 Göteborg;Y;57.706411;11.980905;1;football
7;2026-10-09;19:00;133570;Pojkar 2009-2010(16-17 år) Svår Grupp A;2;3;6601952;4;/go-to/?fmid=6601952;KF Velebit;https://staticcdn.svenskfotboll.se/img/teamssm/9949.png;7;Lekstorps IF /Stenkullen J17;https://staticcdn.svenskfotboll.se/img/teamssm/10760.png;7;2-3;Generatorsplan;Generatorsplan;Minelundsvägen 14, 417 05 Göteborg;Y;57.730133;11.950968;Göteborg;football
8;2026-10-09;19:00;139378;P14år Röd B Höst;2;3;6887988;5;/go-to/?fmid=6887988;IF Leikin Svart;https://staticcdn.svenskfotboll.se/img/teamssm/9503.png;8;Snöstorp Nyhem FF;https://staticcdn.svenskfotboll.se/img/teamssm/7704.png;8;0-0;Halmstad Arena P6;Halmstad Arena;Kristinehedsvägen 4B, 302 44 Halmstad;Y;56.675943;12.888513;Halland;football
7;2026-10-09;19:00;133570;Pojkar 2009-2010(16-17 år) Svår Grupp A;2;3;6602047;5;/go-to/?fmid=6602047;Kungsbacka IF P09;https://staticcdn.svenskfotboll.se/img/teamssm/9505.png;8;Landvetter IS;https://staticcdn.svenskfotboll.se/img/teamssm/10768.png;7;0-0;Kungsbacka sportcenter 10;Kungsbacka sportcenter;Kungsbacka Sportcenter, Södra Infarten 11, 434 50 Kungsbacka;Y;57.479212;12.076907;Göteborg;football
1;2026-10-09;19:00;139916;P16 Allsvenskan A-slutspel Södra 2026;2;3;6912049;4;/go-to/?fmid=6912049;IFK Göteborg;https://staticcdn.svenskfotboll.se/img/teamssm/11012.png;7;GAIS;https://staticcdn.svenskfotboll.se/img/teamssm/9614.png;7;2-0;Kviberg 6 KG;Kviberg;Luftvärnsvägen, 415 06 Göteborg;Y;57.737550;12.038540;1;football
7;2026-10-09;19:00;133153;Division 6B Herr;2;4;6534290;4;/go-to/?fmid=6534290;Kode IF;https://staticcdn.svenskfotboll.se/img/teamssm/10828.png;7;FC Härlanda;https://staticcdn.svenskfotboll.se/img/teamssm/12452.png;7;3-1;Kärnavallen 2 Konstgräs;Kärnavallen;Lyckevägen 16, 442 70 Kärna;Y;57.848420;11.786315;Göteborg;football
7;2026-10-09;19:00;133152;Division 6A Herr;2;4;6532699;4;/go-to/?fmid=6532699;Lekstorps IF;https://staticcdn.svenskfotboll.se/img/teamssm/10760.png;7;Galacticos FC;https://staticcdn.svenskfotboll.se/img/teamssm/13691.png;7;3-4;LP - Idrottspark A - plan;LP - Idrottspark;LP Idrottspark, Sportvägen 7, 443 40 Gråbo;Y;57.841028;12.289142;Göteborg;football
7;2026-10-09;19:00;133198;Division 5A Dam;3;4;6534004;4;/go-to/?fmid=6534004;Hälsö BK;https://staticcdn.svenskfotboll.se/img/teamssm/11065.png;7;Hjuviks AIK;https://staticcdn.svenskfotboll.se/img/teamssm/8330.png;7;0-2;Prästängen 1 Konstgräs;Prästängen;PRÄSTÄNGEN 1, 475 31 Öckerö;Y;57.717030;11.641158;Göteborg;football
1;2026-10-09;19:00;138419;P16 Div.1 2026 A-slutspel Norra Götaland;2;3;6911870;4;/go-to/?fmid=6911870;Norrby IF;https://staticcdn.svenskfotboll.se/img/teamssm/10554.png;21;Kinna IF;https://staticcdn.svenskfotboll.se/img/teamssm/10844.png;21;2-0;Ramnavallen konstgräs;Ramnavallen;Ramnavallen, Enandersgatan, Byttorp, Borås, Borås kommun, Västra Götalands län, 504 66, Sverige;Y;57.722541;12.919158;1;football
7;2026-10-09;19:00;133760;Flickor 2012-2013 Liten 9M9 Medel Gr. A Höst;3;3;6828207;4;/go-to/?fmid=6828207;Romelanda UF/KFF 2;https://staticcdn.svenskfotboll.se/img/teamssm/10427.png;7;Näsets SK Svart;https://staticcdn.svenskfotboll.se/img/teamssm/10510.png;7;7-0;Romevi 31 Konstgräs;Romevi;Hög 130, 442 92 Romelanda;Y;57.937642;12.038425;Göteborg;football
7;2026-10-09;19:00;133745;Flickor 2010-2011 Lätt Grupp B;3;3;6585141;4;/go-to/?fmid=6585141;Lerums IS;https://staticcdn.svenskfotboll.se/img/teamssm/10756.png;7;Södra Skärgårdens IK F11-12;https://staticcdn.svenskfotboll.se/img/teamssm/9631.png;7;0-6;Spinnarvallen / B-plan;Spinnarvallen;Tollereds Ströms väg 4, 448 50 Tollered;Y;57.814494;12.424245;Göteborg;football
1;2026-10-09;19:00;131957;Div 2 Norra Götaland, herr 2026;2;4;6547420;4;/go-to/?fmid=6547420;IFK Skövde FK;https://staticcdn.svenskfotboll.se/img/teamssm/7848.png;21;Skara FC;https://staticcdn.svenskfotboll.se/img/teamssm/7451.png;21;0-1;Södermalms IP A;Södermalms IP;Södermalms idrottsplats, Skaraborgsgatan, Södermalm, Skövde, Skövde kommun, Västra Götalands län, 541 52, Sverige;Y;58.378431;13.840427;1;football
28;2026-10-09;19:00;135689;BDFF P15-19 Svart-Röd;2;3;6735311;4;/go-to/?fmid=6735311;Herrestads AIF P17 år;https://staticcdn.svenskfotboll.se/img/teamssm/11149.png;28;Stenungsunds IF/Vallens IF P19;https://staticcdn.svenskfotboll.se/img/teamssm/10236.png;28;0-4;Undavallen Konstgräs;Undavallen;Stan 101, 451 94 Uddevalla;Y;58.336300;11.826976;Bohuslän-Dalsland;football
7;2026-10-09;19:00;133577;Pojkar 2011(15 år) Svår Grupp A;2;3;6608280;5;/go-to/?fmid=6608280;Ytterby IS Vit;https://staticcdn.svenskfotboll.se/img/teamssm/9832.png;7;Finlandia Pallo AIF;https://staticcdn.svenskfotboll.se/img/teamssm/7939.png;7;0-0;Ytterns IP 1 Konstgräs;Ytterns IP;Ytterby, 442 40 Kungälv;Y;57.869280;11.935196;Göteborg;football
1;2026-10-09;19:00;129327;P19 Superettan Södra 2026;2;3;6561649;4;/go-to/?fmid=6561649;Örgryte IS Fotboll;https://staticcdn.svenskfotboll.se/img/teamssm/12910.png;7;Utsiktens BK;https://staticcdn.svenskfotboll.se/img/teamssm/9982.png;7;0-0;Hammarviken Arena;ÖIS-gården;Korndalsvägen 3, 412 76 Göteborg;Y;57.675233;12.028495;1;football
7;2026-10-09;19:00;133116;Träningsmatcher Ungdomar Göteborg Flick;3;3;6920364;4;/go-to/?fmid=6920364;Öjersjö IF F12/13;https://staticcdn.svenskfotboll.se/img/teamssm/7552.png;7;IFK Göteborg F2012;https://staticcdn.svenskfotboll.se/img/teamssm/11012.png;7;1-5;Öjersjö IP 1 Konstgräs;Öjersjö IP;Tallmossevägen 9, 433 50 Öjersjö;Y;57.702889;12.149245;Göteborg;football
7;2026-10-09;19:15;133154;Division 6C Herr;2;4;6533494;4;/go-to/?fmid=6533494;Askims IK;https://staticcdn.svenskfotboll.se/img/teamssm/11617.png;7;SG Ruddalen IF;https://staticcdn.svenskfotboll.se/img/teamssm/11284.png;7;3-1;Kobbegården 1 Konstgräs;Kobbegården;Stora Åvägen 1, 436 34 Askim;Y;57.639723;11.944383;Göteborg;football
28;2026-10-09;19:15;135691;BDFF P15-19 Blå Norra;2;3;6683802;4;/go-to/?fmid=6683802;Tanums IF 15-19år;https://staticcdn.svenskfotboll.se/img/teamssm/10104.png;28;Melleruds IF 2;https://staticcdn.svenskfotboll.se/img/teamssm/10635.png;28;5-2;Sparvallen;Sparvallen;Sparvallen, Bergsvägen, Tanumshede, Tanums kommun, Västra Götalands län, 457 30, Sverige;Y;58.728148;11.317719;Bohuslän-Dalsland;football
7;2026-10-09;19:15;133573;Pojkar 2009-2010(16-17 år) Lätt Grupp A;2;3;6600220;4;/go-to/?fmid=6600220;Sävedalens IF Röd;https://staticcdn.svenskfotboll.se/img/teamssm/9545.png;7;Tölö IF U17:2;https://staticcdn.svenskfotboll.se/img/teamssm/10015.png;8;0-3;Vallhamra 2 Konstgräs;Vallhamra IP;Ugglumsleden 48, 433 64 Sävedalen;Y;57.724452;12.079253;Göteborg;football
7;2026-10-09;19:30;133578;Pojkar 2011(15 år) Svår Grupp B;2;3;6608504;4;/go-to/?fmid=6608504;Kungsladugårds BK P11 1;https://staticcdn.svenskfotboll.se/img/teamssm/10799.png;7;BK Häcken;https://staticcdn.svenskfotboll.se/img/teamssm/11080.png;7;0-4;Apelsinplan 2 Konstgräs;Apelsinplan;Apelsingatan 6, 426 54 Västra Frölunda;Y;57.655054;11.882940;Göteborg;football
7;2026-10-09;19:30;133591;Pojkar 2012(14 år) Lätt Grupp D;2;3;6621003;4;/go-to/?fmid=6621003;Södra Skärgårdens IK(SSIK)/Donsö I.S/Styrsö BK/Vrångö IF;https://staticcdn.svenskfotboll.se/img/teamssm/9631.png;7;Nödinge SK Fotboll Vit;https://staticcdn.svenskfotboll.se/img/teamssm/10503.png;7;4-0;Donsövallen;Donsövallen;Donsövallen, Lurkenvägen 2, 430 82 Donsö;Y;57.605163;11.805907;Göteborg;football
1;2026-10-09;19:30;131959;Div 2 Västra Götaland, herr 2026;2;4;6547603;4;/go-to/?fmid=6547603;Lindome GIF;https://staticcdn.svenskfotboll.se/img/teamssm/10741.png;7;IF Böljan Falkenberg;https://staticcdn.svenskfotboll.se/img/teamssm/9528.png;8;1-3;Lindevi IP 1 Konstgräs;Lindevi IP;Hällesåkersvägen 5, 437 91 Lindome;Y;57.585286;12.108877;1;football
7;2026-10-09;19:30;136239;Pojkar 2009-2010(16-17 år) Lätt Grupp B;2;3;6600310;4;/go-to/?fmid=6600310;Azalea BK U17;https://staticcdn.svenskfotboll.se/img/teamssm/7817.png;7;Utbynäs SK Blå;https://staticcdn.svenskfotboll.se/img/teamssm/9983.png;7;8-0;Majvallen 1 Konstgräs;Majvallen;Ekedalsgatan 20, 414 68 Göteborg;Y;57.689370;11.936171;Göteborg;football
7;2026-10-09;20:00;133152;Division 6A Herr;2;4;6532697;4;/go-to/?fmid=6532697;Syrianska Göteborg FC;https://staticcdn.svenskfotboll.se/img/teamssm/12263.png;7;FC Heden;https://staticcdn.svenskfotboll.se/img/teamssm/12336.png;7;1-4;Gamlestadsvallen 2 Konstgräs;Gamlestadsvallen;Lars Kaggsgatan 24, 415 04 Göteborg;Y;57.734308;12.013832;Göteborg;football
7;2026-10-09;20:00;133580;Pojkar 2011(15 år) Lätt Grupp B;2;3;6607653;4;/go-to/?fmid=6607653;Mossens BK Svart;https://staticcdn.svenskfotboll.se/img/teamssm/9571.png;7;Lundby IF p11 Vit;https://staticcdn.svenskfotboll.se/img/teamssm/11776.png;7;4-6;Guldheden Södra 1 Konstgräs;Guldheden Södra;Gibraltargatan 41, 412 58 Göteborg;Y;57.681136;11.982964;Göteborg;football
7;2026-10-09;20:00;135972;Flickor 2010-2011 9M9;3;3;6598717;4;/go-to/?fmid=6598717;Gårdsten FC 1;https://staticcdn.svenskfotboll.se/img/teamssm/13638.png;7;Hjuviks AIK F11;https://staticcdn.svenskfotboll.se/img/teamssm/8330.png;7;2-4;Gunnaredsplan 1 Konstgräs;Gunnaredsplan;Gunnaredsvallen 4, 413 22 Göteborg;Y;57.800277;12.065439;Göteborg;football
7;2026-10-09;20:00;136238;Pojkar 2009-2010(16-17 år) Svår Grupp B;2;3;6602189;4;/go-to/?fmid=6602189;Gunnilse IS;https://staticcdn.svenskfotboll.se/img/teamssm/11237.png;7;Mölnlycke IS Ungdom;https://staticcdn.svenskfotboll.se/img/teamssm/13695.png;7;1-1;Hjällbovallen 2 Konstgräs;Hjällbovallen;Knattens väg 12, 424 32 Angered;Y;57.777950;12.017062;Göteborg;football
7;2026-10-09;20:00;133581;Pojkar 2011(15 år) Medel Grupp C;2;3;6608198;4;/go-to/?fmid=6608198;Qviding FIF 2;https://staticcdn.svenskfotboll.se/img/teamssm/8089.png;7;Sandarna BK Röd;https://staticcdn.svenskfotboll.se/img/teamssm/10367.png;7;4-1;Härlanda Park 2 Konstgräs;Härlanda Park;Härlanda Park 6B, 416 52 Göteborg;Y;57.716492;12.017055;Göteborg;football
7;2026-10-09;20:00;133743;Flickor 2010-2011 Medel Grupp A;3;3;6584961;4;/go-to/?fmid=6584961;Utbynäs SK Gul;https://staticcdn.svenskfotboll.se/img/teamssm/9983.png;7;IK Kongahälla FU;https://staticcdn.svenskfotboll.se/img/teamssm/9590.png;7;7-2;Lemmingvallen 2 Konstgräs;Lemmingvallen;Lemmingsgatan 5, 415 07 Göteborg;Y;57.734850;12.052148;Göteborg;football
7;2026-10-09;20:15;133156;Division 7B Herr;2;4;6534423;4;/go-to/?fmid=6534423;Alealiber IF;https://staticcdn.svenskfotboll.se/img/teamssm/13380.png;7;Göteborgs City FF;https://staticcdn.svenskfotboll.se/img/teamssm/11911.png;7;4-5;Heden 3 Konstgräs;Heden;Heden, 411 38 Göteborg;Y;57.702854;11.978368;Göteborg;football
7;2026-10-09;20:15;133573;Pojkar 2009-2010(16-17 år) Lätt Grupp A;2;3;6600148;4;/go-to/?fmid=6600148;Lerums IS P17;https://staticcdn.svenskfotboll.se/img/teamssm/10756.png;7;Donsö IS;https://staticcdn.svenskfotboll.se/img/teamssm/9631.png;7;4-2;Stenkullens IP 2 KG;Stenkullens IP;Granitvägen 3, 443 61 Stenkullen;Y;57.795326;12.310226;Göteborg;football
7;2026-10-10;09:00;133832;Flickor 2017(9 år) Centrum+Härryda+Mölndal+Väster Grupp B Höst;3;2;6833549;5;/go-to/?fmid=6833549;Landvetter IF 2003 F2017 Röd;https://staticcdn.svenskfotboll.se/img/teamssm/6789.png;7;Kållered SK F17;https://staticcdn.svenskfotboll.se/img/teamssm/10787.png;7;-1--1;Landvetter IP A-plan 11;Landvetter IP;Tahultsvägen 60, 438 35 Landvetter;Y;57.702382;12.203031;Göteborg;football
21;2026-10-10;09:15;136737;Pojkar Div 8 Skövde;2;3;6724087;5;/go-to/?fmid=6724087;Skövde AIK Svart;https://staticcdn.svenskfotboll.se/img/teamssm/10281.png;21;Skultorps IF;https://staticcdn.svenskfotboll.se/img/teamssm/10298.png;21;0-0;Södermalms IP B;Södermalms IP;Södermalms idrottsplats, Skaraborgsgatan, Södermalm, Skövde, Skövde kommun, Västra Götalands län, 541 52, Sverige;Y;58.378431;13.840427;Västergötland;football
7;2026-10-10;09:45;133706;Pojkar 2017(9 år) Hisingen+Öckerö Grupp B Höst;2;2;6848429;5;/go-to/?fmid=6848429;Torslanda IK Svart;https://staticcdn.svenskfotboll.se/img/teamssm/10068.png;7;IF Warta P17 svart;https://staticcdn.svenskfotboll.se/img/teamssm/9841.png;7;-1--1;Torslandavallen 21 Konstgräs;Torslandavallen;Torslanda Idrottsväg 17, 423 32 Torslanda;Y;57.718280;11.757490;Göteborg;football
7;2026-10-10;09:45;133706;Pojkar 2017(9 år) Hisingen+Öckerö Grupp B Höst;2;2;6848430;5;/go-to/?fmid=6848430;Torslanda IK Röd;https://staticcdn.svenskfotboll.se/img/teamssm/10068.png;7;IF Warta P17 vit;https://staticcdn.svenskfotboll.se/img/teamssm/9841.png;7;-1--1;Torslandavallen 21 Konstgräs;Torslandavallen;Torslanda Idrottsväg 17, 423 32 Torslanda;Y;57.718280;11.757490;Göteborg;football
7;2026-10-10;10:00;133664;Pojkar 2015(11 år) Grupp J Höst;2;2;6851661;5;/go-to/?fmid=6851661;Bergums IF Blå;https://staticcdn.svenskfotboll.se/img/teamssm/11584.png;7;Qviding FIF Svart 1;https://staticcdn.svenskfotboll.se/img/teamssm/8089.png;7;-1--1;Bergumsvallen 22;Bergumsvallen;Grönkullavägen 21, 424 70 Olofstorp;Y;57.801061;12.166928;Göteborg;football
7;2026-10-10;10:00;133664;Pojkar 2015(11 år) Grupp J Höst;2;2;6851662;5;/go-to/?fmid=6851662;Bergums IF Svart;https://staticcdn.svenskfotboll.se/img/teamssm/11584.png;7;Qviding FIF Svart 2;https://staticcdn.svenskfotboll.se/img/teamssm/8089.png;7;-1--1;Bergumsvallen 22;Bergumsvallen;Grönkullavägen 21, 424 70 Olofstorp;Y;57.801061;12.166928;Göteborg;football
21;2026-10-10;10:00;137583;Pojkar Div 13 Kinna;2;2;6820073;5;/go-to/?fmid=6820073;Rävlanda AIS;https://staticcdn.svenskfotboll.se/img/teamssm/10390.png;21;Ubbhult/Hällingsjö/Hyssna;https://staticcdn.svenskfotboll.se/img/teamssm/8636.png;21;-1--1;Bråtaredsvallen 11;Bråtaredsvallen;Bråtaredsvallen, 438 52 Rävlanda;Y;57.658014;12.492537;Västergötland;football
8;2026-10-10;10:00;136531;P10år Röd Norr;2;2;6903955;5;/go-to/?fmid=6903955;Derome-Åskloster FF;https://staticcdn.svenskfotboll.se/img/teamssm/13260.png;8;Falkenbergs FF;https://staticcdn.svenskfotboll.se/img/teamssm/9525.png;8;-1--1;Dersbovallen C;Dersbovallen;Dersbovallen, Bjurumsvägen, Ävjedal, Derome, Varbergs kommun, Hallands län, 463 68, Sverige;Y;57.234794;12.317065;Halland;football
8;2026-10-10;10:00;137618;F14år Röd;3;3;6778833;5;/go-to/?fmid=6778833;IF Böljan Falkenberg Blå;https://staticcdn.svenskfotboll.se/img/teamssm/9528.png;8;Trönninge IF;https://staticcdn.svenskfotboll.se/img/teamssm/9484.png;8;0-0;Falkenbergs IP B;Falkenbergs IP;Falkenbergs IP A, Skogsvägen, Kristineslätt, Skrea Strand, Falkenberg, Falkenbergs kommun, Hallands län, 311 45, Sverige;Y;56.897775;12.508271;Halland;football
7;2026-10-10;10:00;133784;Flickor 2014(12 år) Grupp C Höst;3;2;6834924;5;/go-to/?fmid=6834924;Lunden Överås BK;https://staticcdn.svenskfotboll.se/img/teamssm/10705.png;7;Sävedalens IF Blå;https://staticcdn.svenskfotboll.se/img/teamssm/9545.png;7;-1--1;Heden 41 Konstgräs;Heden;Heden, 411 38 Göteborg;Y;57.702854;11.978368;Göteborg;football
7;2026-10-10;10:00;133633;Pojkar 2014(12 år) Grupp E Höst;2;2;6843151;5;/go-to/?fmid=6843151;Dalen/Krokslätts FF Gul;https://staticcdn.svenskfotboll.se/img/teamssm/9632.png;7;Solängens BK P2014 vit;https://staticcdn.svenskfotboll.se/img/teamssm/9548.png;7;-1--1;Krokslättsvallen 12;Krokslättsvallen;Krokslätts Storgata 44, 431 38 Mölndal;Y;57.671326;11.997967;Göteborg;football
8;2026-10-10;10:00;137618;F14år Röd;3;3;6778832;5;/go-to/?fmid=6778832;Kungsbacka IF;https://staticcdn.svenskfotboll.se/img/teamssm/9505.png;8;IF Norvalla;https://staticcdn.svenskfotboll.se/img/teamssm/9499.png;8;0-0;Kungsbacka sportcenter 3;Kungsbacka sportcenter;Kungsbacka Sportcenter, Södra Infarten 11, 434 50 Kungsbacka;Y;57.479212;12.076907;Halland;football
8;2026-10-10;10:00;139379;P14år Röd A Höst;2;3;6880798;5;/go-to/?fmid=6880798;Tvååker/Galtabäck;https://staticcdn.svenskfotboll.se/img/teamssm/9483.png;8;Lerkils IF Röd;https://staticcdn.svenskfotboll.se/img/teamssm/10757.png;8;0-0;Övrevi B;Övrevi;Övrevi idrottsplats, N 760, Stenen, Övreby, Tvååker, Varbergs kommun, Hallands län, 432 78, Sverige;Y;57.046115;12.379083;Halland;football
7;2026-10-10;10:15;133659;Pojkar 2015(11 år) Grupp E Höst;2;2;6846155;5;/go-to/?fmid=6846155;Balltorps FF Rossoneri;https://staticcdn.svenskfotboll.se/img/teamssm/8047.png;7;Hovås Billdal IF Vit;https://staticcdn.svenskfotboll.se/img/teamssm/11109.png;7;-1--1;Förbovallen 11;Förbovallen;Ålegårdsgatan 297, 431 50 Mölndal;Y;57.625892;12.021226;Göteborg;football
7;2026-10-10;10:15;133117;Träningsmatcher Ungdomar Göteborg Pojk;2;3;6921976;5;/go-to/?fmid=6921976;Surte IS FK P13;https://staticcdn.svenskfotboll.se/img/teamssm/12036.png;7;Backatorp IF (P-13);https://staticcdn.svenskfotboll.se/img/teamssm/11915.png;7;0-0;Surte IP 21;Surte IP;Idrottsvägen 4, 445 55 Surte;Y;57.836279;12.017412;Göteborg;football
7;2026-10-10;10:30;133657;Pojkar 2015(11 år) Grupp C Höst;2;2;6845044;5;/go-to/?fmid=6845044;Lunden Överås BK Vit;https://staticcdn.svenskfotboll.se/img/teamssm/10705.png;7;Lerums IS P15 lila 3;https://staticcdn.svenskfotboll.se/img/teamssm/10756.png;7;-1--1;Aspevallen B-plan;Aspevallen;Strandvägen 7, 443 31 Lerum;Y;57.768427;12.253218;Göteborg;football
28;2026-10-10;10:30;139708;BDFF P13-14 Blå Höst 2;2;3;6906090;5;/go-to/?fmid=6906090;IK Oddevold 2013 P13;https://staticcdn.svenskfotboll.se/img/teamssm/10500.png;28;IFK Uddevalla 2014;https://staticcdn.svenskfotboll.se/img/teamssm/8505.png;28;0-0;Fridhemsvallen Konstgräs;Fridhemsvallen;Fridhemsvallen, Fridhemsvägen, 451 93 Uddevalla;Y;58.381083;11.937419;Bohuslän-Dalsland;football
7;2026-10-10;10:30;133757;Flickor 2012-2013 Stor 9M9 Medel Gr. A Höst;3;3;6828011;5;/go-to/?fmid=6828011;Jonsereds IF Lag 2;https://staticcdn.svenskfotboll.se/img/teamssm/9595.png;7;IF Mölndal Fotboll F12 Blå;https://staticcdn.svenskfotboll.se/img/teamssm/9569.png;7;0-0;Jonsereds IP 1 Konstgräs;Jonsereds IP;Jons väg 23, 433 75 Jonsered;Y;57.746215;12.169063;Göteborg;football
7;2026-10-10;10:30;133684;Pojkar 2016(10 år) Grupp H Höst;2;2;6907663;5;/go-to/?fmid=6907663;Jonsereds IF P16 Svart;https://staticcdn.svenskfotboll.se/img/teamssm/9595.png;7;Qviding FIF Vit 2;https://staticcdn.svenskfotboll.se/img/teamssm/8089.png;7;-1--1;Jonsereds IP II;Jonsereds IP;Jons väg 23, 433 75 Jonsered;Y;57.746215;12.169063;Göteborg;football
7;2026-10-10;10:30;133684;Pojkar 2016(10 år) Grupp H Höst;2;2;6907664;5;/go-to/?fmid=6907664;Jonsereds IF P16 Gul;https://staticcdn.svenskfotboll.se/img/teamssm/9595.png;7;Qviding FIF Vit 1;https://staticcdn.svenskfotboll.se/img/teamssm/8089.png;7;-1--1;Jonsereds IP III;Jonsereds IP;Jons väg 23, 433 75 Jonsered;Y;57.746215;12.169063;Göteborg;football
7;2026-10-10;10:30;133638;Pojkar 2014(12 år) Grupp J Höst;2;2;6837993;5;/go-to/?fmid=6837993;Askims IK P2014 U12 Rosa;https://staticcdn.svenskfotboll.se/img/teamssm/11617.png;7;IK Kongahälla Röd;https://staticcdn.svenskfotboll.se/img/teamssm/9590.png;7;-1--1;Kobbegården 11 konstgräs;Kobbegården;Stora Åvägen 1, 436 34 Askim;Y;57.639723;11.944383;Göteborg;football
21;2026-10-10;10:30;136523;Flickor Div 2 Borås;3;3;6715364;4;/go-to/?fmid=6715364;Alingsås KIK/Alingsås IF;https://staticcdn.svenskfotboll.se/img/teamssm/8345.png;21;Skene IF;https://staticcdn.svenskfotboll.se/img/teamssm/8655.png;21;3-0;Noltorpsvallen B Konstgräs;Noltorpsvallen;Noltorpsvallen, Mjörnstigen, Noltorp, Alingsås distrikt, Alingsås, Alingsås kommun, Västra Götalands län, 441 56, Sverige;Y;57.936860;12.515810;Västergötland;football
7;2026-10-10;10:45;133800;Flickor 2015(11 år) Grupp E Höst;3;2;6839763;5;/go-to/?fmid=6839763;Lunden Överås BK Vit;https://staticcdn.svenskfotboll.se/img/teamssm/10705.png;7;Gunnilse IS;https://staticcdn.svenskfotboll.se/img/teamssm/11237.png;7;-1--1;Överåsvallen 11 Konstgräs;Överåsvallen;Skogshyddegatan 16, 412 74 Göteborg;Y;57.707876;12.002439;Göteborg;football
21;2026-10-10;11:00;136510;Pojkar Div 4 Borås;2;3;6710973;5;/go-to/?fmid=6710973;Hestrafors IF;https://staticcdn.svenskfotboll.se/img/teamssm/11145.png;21;Byttorps IF;https://staticcdn.svenskfotboll.se/img/teamssm/11498.png;21;0-0;Bollevi Konstgräs;Bollevi;BRANDSHED 44, 517 92 Bollebygd;Y;57.710389;12.582741;Västergötland;football
1;2026-10-10;11:00;129327;P19 Superettan Södra 2026;2;3;6561588;5;/go-to/?fmid=6561588;IF Elfsborg;https://staticcdn.svenskfotboll.se/img/teamssm/11429.png;21;Lunds BK;https://staticcdn.svenskfotboll.se/img/teamssm/10704.png;14;0-0;Borås Arena;Borås Arena;Borås Arena, Ålgårdsvägen 16, 506 30 Borås;Y;57.734400;12.934766;1;football
8;2026-10-10;11:00;139378;P14år Röd B Höst;2;3;6887989;5;/go-to/?fmid=6887989;Getinge IF;https://staticcdn.svenskfotboll.se/img/teamssm/11297.png;8;Kvibille BK;https://staticcdn.svenskfotboll.se/img/teamssm/10793.png;8;0-0;Getinge IP B;Getinge IP;Getinge idrottsplats, N 625, Eskilstorp, Getinge, Halmstads kommun, Hallands län, 310 44, Sverige;Y;56.809430;12.736674;Halland;football
8;2026-10-10;11:00;136222;P15år;2;3;6598711;5;/go-to/?fmid=6598711;LGM;https://staticcdn.svenskfotboll.se/img/teamssm/9500.png;8;IF Centern;https://staticcdn.svenskfotboll.se/img/teamssm/9527.png;8;0-0;Glommens IP 1;Glommens IP;Glommens IP, 311 98 Glommen;Y;56.946704;12.473148;Halland;football
28;2026-10-10;11:00;135691;BDFF P15-19 Blå Norra;2;3;6683800;5;/go-to/?fmid=6683800;Färgelanda IF/Högsäters GF;https://staticcdn.svenskfotboll.se/img/teamssm/11322.png;28;Brålanda IF/Fränderfors IF;https://staticcdn.svenskfotboll.se/img/teamssm/11513.png;28;0-0;Högalid IP;Högalid IP;Färgelanda IF,458 32 Färgelanda;Y;58.561270;11.999821;Bohuslän-Dalsland;football
7;2026-10-10;11:00;133782;Flickor 2014(12 år) Grupp E Höst;3;2;6836095;5;/go-to/?fmid=6836095;Kode IF 2;https://staticcdn.svenskfotboll.se/img/teamssm/10828.png;7;Mölnlycke IF GUL;https://staticcdn.svenskfotboll.se/img/teamssm/10594.png;7;-1--1;Kode IP 31 Konstgräs;Kode IP;SLÄBO 120, 442 96 Kode;Y;57.946073;11.863428;Göteborg;football
21;2026-10-10;11:00;136731;Pojkar Div 8 Borås norr;2;3;6723512;5;/go-to/?fmid=6723512;Kronängs IF Vit;https://staticcdn.svenskfotboll.se/img/teamssm/8688.png;21;Bergdalens IK;https://staticcdn.svenskfotboll.se/img/teamssm/11592.png;21;0-0;Kronäng Arena Konstgräs 2;Kronäng Arena;Schaktgatan 1, 504 41 Borås;Y;57.696516;12.931606;Västergötland;football
21;2026-10-10;11:00;136507;Pojkar Div 1 19+ Västergötland;2;3;6707929;5;/go-to/?fmid=6707929;Ulricehamns IFK;https://staticcdn.svenskfotboll.se/img/teamssm/7738.png;21;Bergdalens IK;https://staticcdn.svenskfotboll.se/img/teamssm/11592.png;21;0-0;Lassalyckan A-plan konstgräs;Lassalyckan;Lassalyckan, Ulricehamns distrikt, Ulricehamn, Ulricehamns kommun, Västra Götalands län, 523 33, Sverige;Y;57.785778;13.436509;Västergötland;football
7;2026-10-10;11:00;133609;Pojkar 2013(13 år) Höst Medel Grupp C;2;3;6828778;5;/go-to/?fmid=6828778;Backatorp IF Svart;https://staticcdn.svenskfotboll.se/img/teamssm/11915.png;7;IFK Hindås;https://staticcdn.svenskfotboll.se/img/teamssm/11008.png;7;0-0;Lillhagsplan 12;Lillhagsplan;Lillhagsvägen, 422 57 Hisings Backa;Y;57.763300;11.956822;Göteborg;football
8;2026-10-10;11:00;139133;F13år Röd A Höst;3;3;6896284;5;/go-to/?fmid=6896284;Särö Kullavik IF Röd;https://staticcdn.svenskfotboll.se/img/teamssm/9496.png;8;Veddige BK Derome;https://staticcdn.svenskfotboll.se/img/teamssm/9481.png;8;0-0;Maleviks IP;Maleviks IP;Maleviksvägen 84, 429 34 Kullavik;Y;57.534555;11.951682;Halland;football
7;2026-10-10;11:00;133813;Flickor 2016(10 år) Grupp D Höst;3;2;6834541;5;/go-to/?fmid=6834541;IK Kongahälla;https://staticcdn.svenskfotboll.se/img/teamssm/9590.png;7;Ytterby IS Röd;https://staticcdn.svenskfotboll.se/img/teamssm/9832.png;7;-1--1;Munkegärdesplan 22 Konstgräs;Munkegärdesplan;Räfsalsvägen 11, 442 42 Kungälv;Y;57.890004;11.967916;Göteborg;football
7;2026-10-10;11:00;133659;Pojkar 2015(11 år) Grupp E Höst;2;2;6846138;5;/go-to/?fmid=6846138;Sandarna BK Vit;https://staticcdn.svenskfotboll.se/img/teamssm/10367.png;7;IF Mölndal Fotboll Gul;https://staticcdn.svenskfotboll.se/img/teamssm/9569.png;7;-1--1;Sannaplan 2;Sannaplan;Ostindiegatan 28, 414 72 Göteborg;Y;57.685701;11.913302;Göteborg;football
8;2026-10-10;11:00;136545;F12år Röd;3;2;6909577;5;/go-to/?fmid=6909577;Slöinge GOIF;https://staticcdn.svenskfotboll.se/img/teamssm/9491.png;8;DFK Hasko;https://staticcdn.svenskfotboll.se/img/teamssm/7028.png;8;-1--1;Slöinge IP B;Slöinge IP;Slöinge idrottsplats, Idrottsvägen, Slöinge, Falkenbergs kommun, Hallands län, 311 68, Sverige;Y;56.855624;12.703541;Halland;football
7;2026-10-10;11:00;136731;Pojkar Div 8 Borås norr;2;3;6723538;5;/go-to/?fmid=6723538;Tollered/Hemsjö;https://staticcdn.svenskfotboll.se/img/teamssm/10081.png;7;Brämhults IK Vit;https://staticcdn.svenskfotboll.se/img/teamssm/8727.png;21;0-0;Spinnarvallen / B-plan;Spinnarvallen;Tollereds Ströms väg 4, 448 50 Tollered;Y;57.814494;12.424245;Göteborg;football
7;2026-10-10;11:00;133713;Pojkar 2017(9 år) Ale+Kungälv Grupp A Höst;2;2;6846595;5;/go-to/?fmid=6846595;Surte IS FK Gul;https://staticcdn.svenskfotboll.se/img/teamssm/12036.png;7;IK Kongahälla Grön;https://staticcdn.svenskfotboll.se/img/teamssm/9590.png;7;-1--1;Surte IP 22;Surte IP;Idrottsvägen 4, 445 55 Surte;Y;57.836279;12.017412;Göteborg;football
8;2026-10-10;11:00;136434;F10år Söder;3;2;6726593;5;/go-to/?fmid=6726593;Vinbergs IF;https://staticcdn.svenskfotboll.se/img/teamssm/9913.png;8;Skottorps IF Grön;https://staticcdn.svenskfotboll.se/img/teamssm/10302.png;8;-1--1;Vinåvallen F;Vinåvallen;Vinåvallen, Apelsinvägen, Vinberg, Falkenbergs kommun, Hallands län, 311 94, Sverige;Y;56.946817;12.546193;Halland;football
8;2026-10-10;11:00;139379;P14år Röd A Höst;2;3;6880800;5;/go-to/?fmid=6880800;Värö United;https://staticcdn.svenskfotboll.se/img/teamssm/11508.png;8;IF Centern Vit;https://staticcdn.svenskfotboll.se/img/teamssm/9527.png;8;0-0;Västkustvallen;Västkustvallen;Västkustvallen, Kustroddarevägen, Hovgården, Bua, Varbergs kommun, Hallands län, 432 63, Sverige;Y;57.230684;12.125208;Halland;football
7;2026-10-10;11:00;133575;Pojkar 2011(15 år) Medel Grupp A;2;3;6607783;5;/go-to/?fmid=6607783;Öjersjö IF Blå;https://staticcdn.svenskfotboll.se/img/teamssm/7552.png;7;Azalea BK Svart;https://staticcdn.svenskfotboll.se/img/teamssm/7817.png;7;0-0;Öjersjö IP 1 Konstgräs;Öjersjö IP;Tallmossevägen 9, 433 50 Öjersjö;Y;57.702889;12.149245;Göteborg;football
7;2026-10-10;11:15;133810;Flickor 2016(10 år) Grupp A Höst;3;2;6832865;5;/go-to/?fmid=6832865;Kareby IS F16 röd;https://staticcdn.svenskfotboll.se/img/teamssm/10872.png;7;Lunden Överås BK Vit;https://staticcdn.svenskfotboll.se/img/teamssm/10705.png;7;-1--1;Kareby Hed 12;Kareby Hed;442 46 Kareby;Y;57.903192;11.928436;Göteborg;football
7;2026-10-10;11:15;133155;Division 7A Herr;2;4;6533562;5;/go-to/?fmid=6533562;Johannebergs IF;https://staticcdn.svenskfotboll.se/img/teamssm/8144.png;7;Mölnlycke IS Ungdom;https://staticcdn.svenskfotboll.se/img/teamssm/13695.png;7;0-0;Mossens IP 1 Gräs;Mossens IP;Ljungbackegatan 1, 412 59 Göteborg;Y;57.684676;11.979998;Göteborg;football
28;2026-10-10;11:30;136233;BDFF P10-12 Svart;2;2;6734585;5;/go-to/?fmid=6734585;IK Oddevold P2014 Svart;https://staticcdn.svenskfotboll.se/img/teamssm/10500.png;28;Herrestads AIF P2014 Orange;https://staticcdn.svenskfotboll.se/img/teamssm/11149.png;28;-1--1;Arwidsroplanen;Arwidsroplanen;Fossums Kvarnväg 4, 451 34 Uddevalla;Y;58.348766;11.975349;Bohuslän-Dalsland;football
8;2026-10-10;11:30;137618;F14år Röd;3;3;6778831;5;/go-to/?fmid=6778831;Onsala BK;https://staticcdn.svenskfotboll.se/img/teamssm/10495.png;8;Åsa IF svart;https://staticcdn.svenskfotboll.se/img/teamssm/9807.png;8;0-0;Kaparevallen;Kaparevallen;Håkullavägen 43, 439 91 Onsala;Y;57.414147;12.014084;Halland;football
7;2026-10-10;12:00;133617;Pojkar 2013(13 år) Höst Lätt Grupp D;2;3;6828600;5;/go-to/?fmid=6828600;Guldhedens IK PF 13;https://staticcdn.svenskfotboll.se/img/teamssm/11249.png;7;Bergums IF;https://staticcdn.svenskfotboll.se/img/teamssm/11584.png;7;0-0;Anders Svensson vallen;Anders Svensson vallen;Anders Svenssonvallen, Doktor Heymans Gata 1F, 413 22 Göteborg;Y;57.687279;11.968893;Göteborg;football
7;2026-10-10;12:00;133610;Pojkar 2013(13 år) Höst Medel Grupp D;2;3;6828865;5;/go-to/?fmid=6828865;Hisingsbacka FC;https://staticcdn.svenskfotboll.se/img/teamssm/11138.png;7;Partille IF FK Blå;https://staticcdn.svenskfotboll.se/img/teamssm/12478.png;7;0-0;Backavallen 22(Gratts Arena);Backavallen;Wadköpingsgatan 153, 422 51 Hisings Backa;Y;57.745322;11.967003;Göteborg;football
7;2026-10-10;12:00;133613;Pojkar 2013(13 år) Höst Medel Grupp B;2;3;6828732;5;/go-to/?fmid=6828732;Mölnlycke IF Röd;https://staticcdn.svenskfotboll.se/img/teamssm/10594.png;7;Angereds IS;https://staticcdn.svenskfotboll.se/img/teamssm/12744.png;7;0-0;Djupedalsplan A Konstgräs vänster;Djupedals IP;Djupedals Ip, Rullstensvägen 1, 435 41 Mölnlycke;Y;57.652820;12.126316;Göteborg;football
7;2026-10-10;12:00;133837;Flickor 2017(9 år) Hisingen Grupp A Höst;3;2;6831742;5;/go-to/?fmid=6831742;BK Häcken F2017 lag 1 Svart;https://staticcdn.svenskfotboll.se/img/teamssm/11080.png;7;Eriksbergs IF 1;https://staticcdn.svenskfotboll.se/img/teamssm/9629.png;7;-1--1;Färjenäsplan 12:1;Färjenäsplan;Pölsebogatan, 417 67 Göteborg;Y;57.697441;11.901198;Göteborg;football
7;2026-10-10;12:00;133837;Flickor 2017(9 år) Hisingen Grupp A Höst;3;2;6831743;5;/go-to/?fmid=6831743;BK Häcken F2017 lag 2 Gul;https://staticcdn.svenskfotboll.se/img/teamssm/11080.png;7;Torslanda IK 3;https://staticcdn.svenskfotboll.se/img/teamssm/10068.png;7;-1--1;Färjenäsplan 12:2;Färjenäsplan;Pölsebogatan, 417 67 Göteborg;Y;57.697441;11.901198;Göteborg;football
7;2026-10-10;12:00;133583;Pojkar 2012(14 år) Medel Grupp A;2;3;6621213;5;/go-to/?fmid=6621213;Mossens BK Svart;https://staticcdn.svenskfotboll.se/img/teamssm/9571.png;7;IK Kongahälla Röd;https://staticcdn.svenskfotboll.se/img/teamssm/9590.png;7;0-0;Guldheden Södra 1 Konstgräs;Guldheden Södra;Gibraltargatan 41, 412 58 Göteborg;Y;57.681136;11.982964;Göteborg;football
7;2026-10-10;12:00;133608;Pojkar 2013(13 år) Höst Medel Grupp A;2;3;6828686;5;/go-to/?fmid=6828686;Marieholm IK Röd;https://staticcdn.svenskfotboll.se/img/teamssm/13640.png;7;Fässbergs IF Lila;https://staticcdn.svenskfotboll.se/img/teamssm/9620.png;7;0-0;Gunnaredsplan 11 Konstgräs;Gunnaredsplan;Gunnaredsvallen 4, 413 22 Göteborg;Y;57.800277;12.065439;Göteborg;football
7;2026-10-10;12:00;133677;Pojkar 2016(10 år) Grupp A Höst;2;2;6841463;5;/go-to/?fmid=6841463;Marieholm IK Svart;https://staticcdn.svenskfotboll.se/img/teamssm/13640.png;7;Älvängens IK P16 blå;https://staticcdn.svenskfotboll.se/img/teamssm/9783.png;7;-1--1;Gunnaredsplan 12 Konstgräs;Gunnaredsplan;Gunnaredsvallen 4, 413 22 Göteborg;Y;57.800277;12.065439;Göteborg;football
7;2026-10-10;12:00;133610;Pojkar 2013(13 år) Höst Medel Grupp D;2;3;6828867;5;/go-to/?fmid=6828867;Qviding FIF 2;https://staticcdn.svenskfotboll.se/img/teamssm/8089.png;7;Ytterby IS Blå;https://staticcdn.svenskfotboll.se/img/teamssm/9832.png;7;0-0;Härlanda 12;Härlanda Park;Härlanda Park 6B, 416 52 Göteborg;Y;57.716492;12.017055;Göteborg;football
7;2026-10-10;12:00;133782;Flickor 2014(12 år) Grupp E Höst;3;2;6836096;5;/go-to/?fmid=6836096;Qviding FIF 2;https://staticcdn.svenskfotboll.se/img/teamssm/8089.png;7;Romelanda UF F14;https://staticcdn.svenskfotboll.se/img/teamssm/10427.png;7;-1--1;Härlanda 22;Härlanda Park;Härlanda Park 6B, 416 52 Göteborg;Y;57.716492;12.017055;Göteborg;football
7;2026-10-10;12:00;133576;Pojkar 2011(15 år) Medel Grupp B;2;3;6607916;5;/go-to/?fmid=6607916;Hjuviks AIK;https://staticcdn.svenskfotboll.se/img/teamssm/8330.png;7;Älvängens/Ahlafors/Nol;https://staticcdn.svenskfotboll.se/img/teamssm/9783.png;7;0-0;21:47 Arena 1;Hästevik;Torslanda Hästeviks väg, 423 41 Torslanda;Y;57.718779;11.721591;Göteborg;football
7;2026-10-10;12:00;138261;Pojkar 2013(13 år) Höst Medel Grupp F;2;3;6828958;5;/go-to/?fmid=6828958;Hönö IS;https://staticcdn.svenskfotboll.se/img/teamssm/11038.png;7;Qviding FIF 1;https://staticcdn.svenskfotboll.se/img/teamssm/8089.png;7;0-0;Hönö Arena 2;Hönö Arena;Lindblomsvägen 30, 475 42 Hönö;Y;57.687870;11.652948;Göteborg;football
7;2026-10-10;12:00;133759;Flickor 2012-2013 Stor 9M9 Medel Gr. C Höst;3;3;6827854;5;/go-to/?fmid=6827854;Askims IK Röd;https://staticcdn.svenskfotboll.se/img/teamssm/11617.png;7;Kållered SK F11/12;https://staticcdn.svenskfotboll.se/img/teamssm/10787.png;7;0-0;Kobbegården 1 Konstgräs;Kobbegården;Stora Åvägen 1, 436 34 Askim;Y;57.639723;11.944383;Göteborg;football
7;2026-10-10;12:00;133613;Pojkar 2013(13 år) Höst Medel Grupp B;2;3;6828735;5;/go-to/?fmid=6828735;Lekstorps IF;https://staticcdn.svenskfotboll.se/img/teamssm/10760.png;7;GoldCoast FC Svart;https://staticcdn.svenskfotboll.se/img/teamssm/13374.png;7;0-0;LP Idrottsplats A - plan/ Halva A;LP - Idrottspark;LP Idrottspark, Sportvägen 7, 443 40 Gråbo;Y;57.841028;12.289142;Göteborg;football
7;2026-10-10;12:00;133610;Pojkar 2013(13 år) Höst Medel Grupp D;2;3;6828866;5;/go-to/?fmid=6828866;Utbynäs SK Gul;https://staticcdn.svenskfotboll.se/img/teamssm/9983.png;7;Mossens BK Gul;https://staticcdn.svenskfotboll.se/img/teamssm/9571.png;7;0-0;Lemmingvallen 22 Konstgräs;Lemmingvallen;Lemmingsgatan 5, 415 07 Göteborg;Y;57.734850;12.052148;Göteborg;football
7;2026-10-10;12:00;133837;Flickor 2017(9 år) Hisingen Grupp A Höst;3;2;6831741;5;/go-to/?fmid=6831741;Backatorp IF F17;https://staticcdn.svenskfotboll.se/img/teamssm/11915.png;7;Eriksbergs IF 2;https://staticcdn.svenskfotboll.se/img/teamssm/9629.png;7;-1--1;Lillhagsplan 11;Lillhagsplan;Lillhagsvägen, 422 57 Hisings Backa;Y;57.763300;11.956822;Göteborg;football
7;2026-10-10;12:00;133609;Pojkar 2013(13 år) Höst Medel Grupp C;2;3;6828776;5;/go-to/?fmid=6828776;Nol IK;https://staticcdn.svenskfotboll.se/img/teamssm/10573.png;7;Solängens BK Grön;https://staticcdn.svenskfotboll.se/img/teamssm/9548.png;7;0-0;Nolängens IP 9M9 Konstgräs;Nolängens IP;Gallåsvägen 4, 449 40 Nol;Y;57.908182;12.066376;Göteborg;football
7;2026-10-10;12:00;133837;Flickor 2017(9 år) Hisingen Grupp A Höst;3;2;6831736;5;/go-to/?fmid=6831736;Öckerö IF F2017;https://staticcdn.svenskfotboll.se/img/teamssm/9774.png;7;Torslanda IK 1;https://staticcdn.svenskfotboll.se/img/teamssm/10068.png;7;-1--1;Prästängen 31 KG;Prästängen;PRÄSTÄNGEN 1, 475 31 Öckerö;Y;57.717030;11.641158;Göteborg;football
7;2026-10-10;12:00;133523;Junior Pojkar Div 3;2;3;6543100;5;/go-to/?fmid=6543100;Romelanda UF;https://staticcdn.svenskfotboll.se/img/teamssm/10427.png;7;IF Väster;https://staticcdn.svenskfotboll.se/img/teamssm/9861.png;7;0-0;Romevi 3 Konstgräs;Romevi;Hög 130, 442 92 Romelanda;Y;57.937642;12.038425;Göteborg;football
7;2026-10-10;12:00;133613;Pojkar 2013(13 år) Höst Medel Grupp B;2;3;6828734;5;/go-to/?fmid=6828734;SG Ruddalen IF Röd;https://staticcdn.svenskfotboll.se/img/teamssm/11284.png;7;IF Mölndal Fotboll Blå;https://staticcdn.svenskfotboll.se/img/teamssm/9569.png;7;0-0;Ruddalen 22 Konstgräs;Ruddalen;Anna Östvägen 8, 426 68 Västra Frölunda;Y;57.664609;11.909282;Göteborg;football
21;2026-10-10;12:00;136510;Pojkar Div 4 Borås;2;3;6710995;5;/go-to/?fmid=6710995;Sandared/Sjömarken;https://staticcdn.svenskfotboll.se/img/teamssm/10368.png;21;Ulricehamns IFK Blå;https://staticcdn.svenskfotboll.se/img/teamssm/7738.png;21;0-0;Sandevi A-plan;Sandevi;Sandevi, Alingsåsvägen, Torp, Sandared, Borås kommun, Västra Götalands län, 518 33, Sverige;Y;57.719494;12.788878;Västergötland;football
7;2026-10-10;12:00;133813;Flickor 2016(10 år) Grupp D Höst;3;2;6834537;5;/go-to/?fmid=6834537;Torslanda IK 1;https://staticcdn.svenskfotboll.se/img/teamssm/10068.png;7;Romelanda UF F16 GUL;https://staticcdn.svenskfotboll.se/img/teamssm/10427.png;7;-1--1;Torslandavallen 3 Konstgräs 7M7;Torslandavallen;Torslanda Idrottsväg 17, 423 32 Torslanda;Y;57.718280;11.757490;Göteborg;football
7;2026-10-10;12:00;133584;Pojkar 2012(14 år) Medel Grupp D;2;3;6621611;5;/go-to/?fmid=6621611;Nödinge SK Fotboll Blå;https://staticcdn.svenskfotboll.se/img/teamssm/10503.png;7;Hovås Billdal IF Grön;https://staticcdn.svenskfotboll.se/img/teamssm/11109.png;7;0-0;Vimmervi 2 Konstgräs;Vimmervi;Gamla Kilandavägen 62, 449 36 Nödinge;Y;57.886226;12.080329;Göteborg;football
7;2026-10-10;12:00;133575;Pojkar 2011(15 år) Medel Grupp A;2;3;6607785;5;/go-to/?fmid=6607785;Västra Frölunda IF Vit;https://staticcdn.svenskfotboll.se/img/teamssm/9853.png;7;Nödinge SK Fotboll Blå;https://staticcdn.svenskfotboll.se/img/teamssm/10503.png;7;0-0;Välen 1 Konstgräs;Välen;Klubbvägen 20, 421 47 Västra Frölunda;Y;57.642584;11.919773;Göteborg;football
7;2026-10-10;12:00;133611;Pojkar 2013(13 år) Höst Medel Grupp E;2;3;6828904;5;/go-to/?fmid=6828904;Älvängens IK Blå;https://staticcdn.svenskfotboll.se/img/teamssm/9783.png;7;Näsets SK Blå;https://staticcdn.svenskfotboll.se/img/teamssm/10510.png;7;0-0;Älvevi 22 Konstgräs HN;Älvevi;Hövägen 23, 446 32 Älvängen;Y;57.954092;12.123567;Göteborg;football
7;2026-10-10;12:00;138256;Junior Flickor Div 2 Höst;3;3;6827527;5;/go-to/?fmid=6827527;Örgryte IS Fotboll , Junior Flickor;https://staticcdn.svenskfotboll.se/img/teamssm/12910.png;7;Mölnlycke IF;https://staticcdn.svenskfotboll.se/img/teamssm/10594.png;7;0-0;Hammarviken Arena;ÖIS-gården;Korndalsvägen 3, 412 76 Göteborg;Y;57.675233;12.028495;Göteborg;football
7;2026-10-10;12:00;133591;Pojkar 2012(14 år) Lätt Grupp D;2;3;6620986;5;/go-to/?fmid=6620986;Lunden Överås BK Svart;https://staticcdn.svenskfotboll.se/img/teamssm/10705.png;7;Kareby IS;https://staticcdn.svenskfotboll.se/img/teamssm/10872.png;7;0-0;Överåsvallen 1 Konstgräs;Överåsvallen;Skogshyddegatan 16, 412 74 Göteborg;Y;57.707876;12.002439;Göteborg;football
7;2026-10-10;12:15;133151;Division 5B Herr;2;4;6532559;5;/go-to/?fmid=6532559;Bergums IF;https://staticcdn.svenskfotboll.se/img/teamssm/11584.png;7;Kungsladugårds BK;https://staticcdn.svenskfotboll.se/img/teamssm/10799.png;7;0-0;Bergumsvallen Konstgräs;Bergumsvallen;Grönkullavägen 21, 424 70 Olofstorp;Y;57.801061;12.166928;Göteborg;football
7;2026-10-10;12:15;133151;Division 5B Herr;2;4;6532558;5;/go-to/?fmid=6532558;Donsö IS;https://staticcdn.svenskfotboll.se/img/teamssm/9631.png;7;SK Argo;https://staticcdn.svenskfotboll.se/img/teamssm/9645.png;7;0-0;Donsövallen;Donsövallen;Donsövallen, Lurkenvägen 2, 430 82 Donsö;Y;57.605163;11.805907;Göteborg;football
7;2026-10-10;12:15;133527;Junior Pojkar Div 2A;2;3;6538457;5;/go-to/?fmid=6538457;Västkurd BK U19;https://staticcdn.svenskfotboll.se/img/teamssm/12987.png;7;Åsa IF;https://staticcdn.svenskfotboll.se/img/teamssm/9807.png;8;0-0;Generatorsplan;Generatorsplan;Minelundsvägen 14, 417 05 Göteborg;Y;57.730133;11.950968;Göteborg;football
7;2026-10-10;12:15;133151;Division 5B Herr;2;4;6532557;5;/go-to/?fmid=6532557;Pushers BK;https://staticcdn.svenskfotboll.se/img/teamssm/9563.png;7;Guldhedens IK;https://staticcdn.svenskfotboll.se/img/teamssm/11249.png;7;0-0;Gröna Vallen 1;Gröna Vallen;Gröna Vallen, Svanebäcksgatan 16, 414 71 Göteborg;Y;57.687961;11.917564;Göteborg;football
7;2026-10-10;12:15;133585;Pojkar 2012(14 år) Lätt Grupp A;2;3;6621896;5;/go-to/?fmid=6621896;Masthuggets BK Röd;https://staticcdn.svenskfotboll.se/img/teamssm/10643.png;7;Solväders FC;https://staticcdn.svenskfotboll.se/img/teamssm/12147.png;7;0-0;Heden 4 Konstgräs;Heden;Heden, 411 38 Göteborg;Y;57.702854;11.978368;Göteborg;football
7;2026-10-10;12:15;138261;Pojkar 2013(13 år) Höst Medel Grupp F;2;3;6828959;5;/go-to/?fmid=6828959;Jonsereds IF;https://staticcdn.svenskfotboll.se/img/teamssm/9595.png;7;Serbiska KIF Semberija Göteborg;https://staticcdn.svenskfotboll.se/img/teamssm/7595.png;7;0-0;Jonsereds IP 1 Konstgräs;Jonsereds IP;Jons väg 23, 433 75 Jonsered;Y;57.746215;12.169063;Göteborg;football
7;2026-10-10;12:15;133151;Division 5B Herr;2;4;6532560;5;/go-to/?fmid=6532560;Azalea BK;https://staticcdn.svenskfotboll.se/img/teamssm/7817.png;7;IF Mölndal Fotboll;https://staticcdn.svenskfotboll.se/img/teamssm/9569.png;7;0-0;Majvallen 1 Konstgräs;Majvallen;Ekedalsgatan 20, 414 68 Göteborg;Y;57.689370;11.936171;Göteborg;football
7;2026-10-10;12:15;133198;Division 5A Dam;3;4;6534025;5;/go-to/?fmid=6534025;Torslanda IK (B);https://staticcdn.svenskfotboll.se/img/teamssm/10068.png;7;Nödinge SK Fotboll;https://staticcdn.svenskfotboll.se/img/teamssm/10503.png;7;0-0;Torslandavallen 2 Konstgräs;Torslandavallen;Torslanda Idrottsväg 17, 423 32 Torslanda;Y;57.718280;11.757490;Göteborg;football
7;2026-10-10;12:30;133800;Flickor 2015(11 år) Grupp E Höst;3;2;6839778;5;/go-to/?fmid=6839778;Qviding FIF 3;https://staticcdn.svenskfotboll.se/img/teamssm/8089.png;7;Lekstorps IF F15 Vit;https://staticcdn.svenskfotboll.se/img/teamssm/10760.png;7;-1--1;Härlanda 11;Härlanda Park;Härlanda Park 6B, 416 52 Göteborg;Y;57.716492;12.017055;Göteborg;football
7;2026-10-10;12:30;133799;Flickor 2015(11 år) Grupp A Höst;3;2;6840860;5;/go-to/?fmid=6840860;Jonsereds IF;https://staticcdn.svenskfotboll.se/img/teamssm/9595.png;7;Hovås Billdal IF Blå;https://staticcdn.svenskfotboll.se/img/teamssm/11109.png;7;-1--1;Jonsereds IP II;Jonsereds IP;Jons väg 23, 433 75 Jonsered;Y;57.746215;12.169063;Göteborg;football
7;2026-10-10;12:30;133810;Flickor 2016(10 år) Grupp A Höst;3;2;6832897;5;/go-to/?fmid=6832897;Kareby IS F16 röd;https://staticcdn.svenskfotboll.se/img/teamssm/10872.png;7;Lekstorps IF Grön;https://staticcdn.svenskfotboll.se/img/teamssm/10760.png;7;-1--1;Kareby Hed 12;Kareby Hed;442 46 Kareby;Y;57.903192;11.928436;Göteborg;football
7;2026-10-10;12:30;133781;Flickor 2014(12 år) Grupp D Höst;3;2;6835498;5;/go-to/?fmid=6835498;Utbynäs SK Gul;https://staticcdn.svenskfotboll.se/img/teamssm/9983.png;7;Kungälvs FF Vit;https://staticcdn.svenskfotboll.se/img/teamssm/8050.png;7;-1--1;Kviberg 1 konstgräs;Kviberg;Luftvärnsvägen, 415 06 Göteborg;Y;57.737550;12.038540;Göteborg;football
8;2026-10-10;12:30;137181;P11år Blå söder;2;2;6740545;5;/go-to/?fmid=6740545;BK Astrio Vit;https://staticcdn.svenskfotboll.se/img/teamssm/9529.png;8;Skottorps IF Grön;https://staticcdn.svenskfotboll.se/img/teamssm/10302.png;8;-1--1;Söndrums IP G;Söndrums IP;Söndrums Idrottsplats, Bäckagårdsvägen, Pålsbo, Bäckagård, Halmstad, Halmstads kommun, Hallands län, 302 91, Sverige;Y;56.670271;12.797138;Halland;football
1;2026-10-10;13:00;139916;P16 Allsvenskan A-slutspel Södra 2026;2;3;6912048;5;/go-to/?fmid=6912048;IF Elfsborg;https://staticcdn.svenskfotboll.se/img/teamssm/11429.png;21;Landskrona BoIS;https://staticcdn.svenskfotboll.se/img/teamssm/9287.png;14;0-0;Borås Arena 2 konstgräs;Borås Arena;Borås Arena, Ålgårdsvägen 16, 506 30 Borås;Y;57.734400;12.934766;1;football
7;2026-10-10;13:00;133441;Junior Pojkar Div 1;2;3;6538317;5;/go-to/?fmid=6538317;Mölnlycke IF;https://staticcdn.svenskfotboll.se/img/teamssm/10594.png;7;Finlandia Pallo AIF 1;https://staticcdn.svenskfotboll.se/img/teamssm/7939.png;7;0-0;Djupedalsplan B Konstgräs;Djupedals IP;Djupedals Ip, Rullstensvägen 1, 435 41 Mölnlycke;Y;57.652820;12.126316;Göteborg;football
8;2026-10-10;13:00;139133;F13år Röd A Höst;3;3;6896272;5;/go-to/?fmid=6896272;IF Böljan Falkenberg Blå;https://staticcdn.svenskfotboll.se/img/teamssm/9528.png;8;Torup/Rydö FF;https://staticcdn.svenskfotboll.se/img/teamssm/7097.png;8;0-0;Falkenbergs IP C;Falkenbergs IP;Falkenbergs IP A, Skogsvägen, Kristineslätt, Skrea Strand, Falkenberg, Falkenbergs kommun, Hallands län, 311 45, Sverige;Y;56.897775;12.508271;Halland;football
1;2026-10-10;13:00;138417;P16 Div.1 2026 B-slutspel Västra Götaland;2;3;6912001;5;/go-to/?fmid=6912001;Falkenbergs FF;https://staticcdn.svenskfotboll.se/img/teamssm/9525.png;8;Utsiktens BK;https://staticcdn.svenskfotboll.se/img/teamssm/9982.png;7;0-0;Falkenbergs IP;Falkenbergs IP;Falkenbergs IP A, Skogsvägen, Kristineslätt, Skrea Strand, Falkenberg, Falkenbergs kommun, Hallands län, 311 45, Sverige;Y;56.897775;12.508271;1;football
7;2026-10-10;13:00;133153;Division 6B Herr;2;4;6534287;5;/go-to/?fmid=6534287;Fotö GoIF;https://staticcdn.svenskfotboll.se/img/teamssm/9625.png;7;Lindholmens BK;https://staticcdn.svenskfotboll.se/img/teamssm/9581.png;7;0-0;Fotö 1 Gräs;Fotö;Krogevi,Korsviksvägen, 475 45 Fotö;Y;57.671478;11.653374;Göteborg;football
7;2026-10-10;13:00;133782;Flickor 2014(12 år) Grupp E Höst;3;2;6836089;5;/go-to/?fmid=6836089;IF Mölndal Fotboll Vit;https://staticcdn.svenskfotboll.se/img/teamssm/9569.png;7;Sävedalens IF Vit;https://staticcdn.svenskfotboll.se/img/teamssm/9545.png;7;-1--1;Frejaplan 11 K.Gräs;Frejaplan;Fiskargatan, 431 43 Mölndal;Y;57.656471;12.005152;Göteborg;football
28;2026-10-10;13:00;135694;BDFF P13-14 Röd;2;3;6648390;5;/go-to/?fmid=6648390;IFK Uddevalla U14;https://staticcdn.svenskfotboll.se/img/teamssm/8505.png;28;Grebbestads IF P12;https://staticcdn.svenskfotboll.se/img/teamssm/11276.png;28;0-0;Fridhemsvallen;Fridhemsvallen;Fridhemsvallen, Fridhemsvägen, 451 93 Uddevalla;Y;58.381083;11.937419;Bohuslän-Dalsland;football
1;2026-10-10;13:00;139863;Kval till div 3 herrar, Grupp 9;2;4;6921959;5;/go-to/?fmid=6921959;Gunnilse IS;https://staticcdn.svenskfotboll.se/img/teamssm/11237.png;7;Bergdalens IK;https://staticcdn.svenskfotboll.se/img/teamssm/11592.png;21;0-0;Hjällbovallen 1 Gräs;Hjällbovallen;Knattens väg 12, 424 32 Angered;Y;57.777950;12.017062;1;football
7;2026-10-10;13:00;133578;Pojkar 2011(15 år) Svår Grupp B;2;3;6608500;5;/go-to/?fmid=6608500;Hovås Billdal IF Blå;https://staticcdn.svenskfotboll.se/img/teamssm/11109.png;7;Skottfint/Johanneberg;https://staticcdn.svenskfotboll.se/img/teamssm/7100.png;7;0-0;Hovås Billdal Arena 1;Hovås Billdal Arena;Kruniusvägen, 427 36 Billdal;Y;57.589555;11.946909;Göteborg;football
7;2026-10-10;13:00;138257;Junior Flickor Div 3 Höst;3;3;6827593;5;/go-to/?fmid=6827593;Kållered SK Damjunior;https://staticcdn.svenskfotboll.se/img/teamssm/10787.png;7;IF Väster Damjunior Svart;https://staticcdn.svenskfotboll.se/img/teamssm/9861.png;7;0-0;Kållered Sportcenter 1;Kållered Sportcenter;Tulebovägen 17, 428 34 Kållered;Y;57.611466;12.075548;Göteborg;football
7;2026-10-10;13:00;133154;Division 6C Herr;2;4;6533493;5;/go-to/?fmid=6533493;Hällesåker IF;https://staticcdn.svenskfotboll.se/img/teamssm/9605.png;7;Öjersjö IF;https://staticcdn.svenskfotboll.se/img/teamssm/7552.png;7;0-0;Lindevi IP 1 Konstgräs;Lindevi IP;Hällesåkersvägen 5, 437 91 Lindome;Y;57.585286;12.108877;Göteborg;football
8;2026-10-10;13:00;136282;Division 4 Dam Halland;3;4;6612673;5;/go-to/?fmid=6612673;Särö Kullavik IF;https://staticcdn.svenskfotboll.se/img/teamssm/9496.png;8;LGM;https://staticcdn.svenskfotboll.se/img/teamssm/9500.png;8;0-0;Maleviks IP;Maleviks IP;Maleviksvägen 84, 429 34 Kullavik;Y;57.534555;11.951682;Halland;football
1;2026-10-10;13:00;131965;Div 1 Mellersta, dam 2026;3;4;6545732;5;/go-to/?fmid=6545732;Skultorps IF;https://staticcdn.svenskfotboll.se/img/teamssm/10298.png;21;Ulricehamns IFK;https://staticcdn.svenskfotboll.se/img/teamssm/7738.png;21;0-0;Orkanvallen A;Orkanvallen;Sjogerstadsvägen 12, 541 55 Skövde;Y;58.335524;13.818842;1;football
1;2026-10-10;13:00;129327;P19 Superettan Södra 2026;2;3;6561520;5;/go-to/?fmid=6561520;Varbergs BoIS FC;https://staticcdn.svenskfotboll.se/img/teamssm/7701.png;8;Eskilsminne IF;https://staticcdn.svenskfotboll.se/img/teamssm/9350.png;14;0-0;Påskbergsvallen konstgräs;Påskbergsvallen;Påskbergsvallen, Kattegattsvägen, Mariedal, Sörse, Varberg, Varbergs kommun, Hallands län, 432 43, Sverige;Y;57.097747;12.265223;1;football
7;2026-10-10;13:00;133153;Division 6B Herr;2;4;6534291;5;/go-to/?fmid=6534291;Hälsö BK;https://staticcdn.svenskfotboll.se/img/teamssm/11065.png;7;Backatorp IF;https://staticcdn.svenskfotboll.se/img/teamssm/11915.png;7;0-0;Stuvö Backe (Hälsö 1 Gräs);Stuvö Backe;Bollstigen 4, 475 50 Hälsö;Y;57.736573;11.652997;Göteborg;football
1;2026-10-10;13:00;129327;P19 Superettan Södra 2026;2;3;6561567;5;/go-to/?fmid=6561567;Skövde AIK;https://staticcdn.svenskfotboll.se/img/teamssm/10281.png;21;IFK Värnamo;https://staticcdn.svenskfotboll.se/img/teamssm/9120.png;15;0-0;Södermalms IP A;Södermalms IP;Södermalms idrottsplats, Skaraborgsgatan, Södermalm, Skövde, Skövde kommun, Västra Götalands län, 541 52, Sverige;Y;58.378431;13.840427;1;football
1;2026-10-10;13:00;139865;Kval till div 3 herrar, Grupp 11;2;4;6921922;5;/go-to/?fmid=6921922;Kungsbacka City FC;https://staticcdn.svenskfotboll.se/img/teamssm/8211.png;8;Smålandsstenars GOIF;https://staticcdn.svenskfotboll.se/img/teamssm/9073.png;15;0-0;Tingbergsvallen B;Tingbergsvallen;Borgmästaregatan 12, 434 32 Kungsbacka;Y;57.491213;12.068723;1;football
1;2026-10-10;13:00;131966;Div 1 Södra, dam 2026;3;4;6545894;5;/go-to/?fmid=6545894;Halmstads BK;https://staticcdn.svenskfotboll.se/img/teamssm/9517.png;8;Skepplanda BTK;https://staticcdn.svenskfotboll.se/img/teamssm/10314.png;21;0-0;Örjans Vall;Örjans Vall;Örjans vall, Olympiavägen, Gamletull, Halmstad, Halmstads kommun, Hallands län, 302 31, Sverige;Y;56.684904;12.867997;1;football
7;2026-10-10;13:15;133813;Flickor 2016(10 år) Grupp D Höst;3;2;6834536;5;/go-to/?fmid=6834536;Torslanda IK 2;https://staticcdn.svenskfotboll.se/img/teamssm/10068.png;7;Romelanda UF F16 Svart;https://staticcdn.svenskfotboll.se/img/teamssm/10427.png;7;-1--1;Torslandavallen 3 Konstgräs 7M7;Torslandavallen;Torslanda Idrottsväg 17, 423 32 Torslanda;Y;57.718280;11.757490;Göteborg;football
1;2026-10-10;13:30;131966;Div 1 Södra, dam 2026;3;4;6545839;5;/go-to/?fmid=6545839;IK Zenith;https://staticcdn.svenskfotboll.se/img/teamssm/9829.png;7;IFK Värnamo;https://staticcdn.svenskfotboll.se/img/teamssm/9120.png;15;0-0;Hovgårdsvallen 2 Konstgräs (Bjurforsplanen);Hovgårdsvallen;Gamla Lillebyvägen 1, 432 00 Torslanda;Y;57.751235;11.827376;1;football
7;2026-10-10;13:30;133608;Pojkar 2013(13 år) Höst Medel Grupp A;2;3;6828690;5;/go-to/?fmid=6828690;IK Zenith Svart;https://staticcdn.svenskfotboll.se/img/teamssm/9829.png;7;Masthuggets BK 2;https://staticcdn.svenskfotboll.se/img/teamssm/10643.png;7;0-0;Hovgårdsvallen 3 Konstgräs (Masterservice planen);Hovgårdsvallen;Gamla Lillebyvägen 1, 432 00 Torslanda;Y;57.751235;11.827376;Göteborg;football
7;2026-10-10;13:30;133783;Flickor 2014(12 år) Grupp F Höst;3;2;6836261;5;/go-to/?fmid=6836261;Qviding FIF 1;https://staticcdn.svenskfotboll.se/img/teamssm/8089.png;7;Lekstorps IF F14;https://staticcdn.svenskfotboll.se/img/teamssm/10760.png;7;-1--1;Härlanda 22;Härlanda Park;Härlanda Park 6B, 416 52 Göteborg;Y;57.716492;12.017055;Göteborg;football
7;2026-10-10;13:30;133765;Flickor 2012-2013 Liten 9M9 Lätt Gr. C Höst;3;3;6829094;5;/go-to/?fmid=6829094;Masthuggets BK;https://staticcdn.svenskfotboll.se/img/teamssm/10643.png;7;Mölnlycke IF Svart 2013;https://staticcdn.svenskfotboll.se/img/teamssm/10594.png;7;0-0;Karl Johans Torg Konstgräs 9M9;Karl Johans Torg;Karl Johanstorget 1, 414 61 Göteborg;Y;57.694518;11.929255;Göteborg;football
7;2026-10-10;13:30;133762;Flickor 2012-2013 Stor 9M9 Lätt Gr. B Höst;3;3;6828101;5;/go-to/?fmid=6828101;Nol/Ahlafors;https://staticcdn.svenskfotboll.se/img/teamssm/10573.png;7;Hjuviks AIK F12;https://staticcdn.svenskfotboll.se/img/teamssm/8330.png;7;0-0;Nolängens IP 9M9 Konstgräs;Nolängens IP;Gallåsvägen 4, 449 40 Nol;Y;57.908182;12.066376;Göteborg;football
7;2026-10-10;13:30;133584;Pojkar 2012(14 år) Medel Grupp D;2;3;6621608;5;/go-to/?fmid=6621608;Västra Frölunda IF Vit;https://staticcdn.svenskfotboll.se/img/teamssm/9853.png;7;Ytterby IS Röd;https://staticcdn.svenskfotboll.se/img/teamssm/9832.png;7;0-0;Ruddalen Konstgräs 2;Ruddalen;Anna Östvägen 8, 426 68 Västra Frölunda;Y;57.664609;11.909282;Göteborg;football
7;2026-10-10;13:30;133763;Flickor 2012-2013 Liten 9M9 Lätt Gr. A Höst;3;3;6828305;5;/go-to/?fmid=6828305;Lerums IS F2013;https://staticcdn.svenskfotboll.se/img/teamssm/10756.png;7;Öckerö IF Öckerö IF F2013;https://staticcdn.svenskfotboll.se/img/teamssm/9774.png;7;0-0;Spinnarvallen / B-plan / Halva-B;Spinnarvallen;Tollereds Ströms väg 4, 448 50 Tollered;Y;57.814494;12.424245;Göteborg;football
7;2026-10-10;13:30;133763;Flickor 2012-2013 Liten 9M9 Lätt Gr. A Höst;3;3;6828306;5;/go-to/?fmid=6828306;Finlandia Pallo AIF F 13 Blå;https://staticcdn.svenskfotboll.se/img/teamssm/7939.png;7;Älvängens IK F13;https://staticcdn.svenskfotboll.se/img/teamssm/9783.png;7;0-0;Tuvevallen 21 Konstgräs;Tuvevallen;Tuvevallen, 417 45 Göteborg;Y;57.750937;11.915436;Göteborg;football
7;2026-10-10;13:30;133617;Pojkar 2013(13 år) Höst Lätt Grupp D;2;3;6828597;5;/go-to/?fmid=6828597;IF Väster P-2013 Orange;https://staticcdn.svenskfotboll.se/img/teamssm/9861.png;7;Kareby IS;https://staticcdn.svenskfotboll.se/img/teamssm/10872.png;7;0-0;Önneredsplan 12 Konstgräs;Önneredsplan;Ersåsgatan 2, 421 59 Västra Frölunda;Y;57.637219;11.884878;Göteborg;football
7;2026-10-10;13:30;133608;Pojkar 2013(13 år) Höst Medel Grupp A;2;3;6828689;5;/go-to/?fmid=6828689;Lunden Överås BK Vit;https://staticcdn.svenskfotboll.se/img/teamssm/10705.png;7;Askims IK P2013 U13 Vit;https://staticcdn.svenskfotboll.se/img/teamssm/11617.png;7;0-0;Överåsvallen 11 Konstgräs;Överåsvallen;Skogshyddegatan 16, 412 74 Göteborg;Y;57.707876;12.002439;Göteborg;football
7;2026-10-10;13:30;133677;Pojkar 2016(10 år) Grupp A Höst;2;2;6841459;5;/go-to/?fmid=6841459;Lunden Överås BK Vit;https://staticcdn.svenskfotboll.se/img/teamssm/10705.png;7;GoldCoast FC gul;https://staticcdn.svenskfotboll.se/img/teamssm/13374.png;7;-1--1;Överåsvallen 12 Konstgräs;Överåsvallen;Skogshyddegatan 16, 412 74 Göteborg;Y;57.707876;12.002439;Göteborg;football
7;2026-10-10;13:45;133706;Pojkar 2017(9 år) Hisingen+Öckerö Grupp B Höst;2;2;6848425;5;/go-to/?fmid=6848425;Hjuviks AIK P2017 Blå;https://staticcdn.svenskfotboll.se/img/teamssm/8330.png;7;Finlandia Pallo AIF Vit;https://staticcdn.svenskfotboll.se/img/teamssm/7939.png;7;-1--1;21:47 Arena 11;Hästevik;Torslanda Hästeviks väg, 423 41 Torslanda;Y;57.718779;11.721591;Göteborg;football
1;2026-10-10;13:45;139862;Kval till div 3 herrar, Grupp 8;2;4;6922049;5;/go-to/?fmid=6922049;IK Virgo;https://staticcdn.svenskfotboll.se/img/teamssm/7959.png;7;Skepplanda BTK;https://staticcdn.svenskfotboll.se/img/teamssm/10314.png;21;0-0;Mossens IP 1 Gräs;Mossens IP;Ljungbackegatan 1, 412 59 Göteborg;Y;57.684676;11.979998;1;football
7;2026-10-10;13:45;133578;Pojkar 2011(15 år) Svår Grupp B;2;3;6608502;5;/go-to/?fmid=6608502;Älvsborg FF Svart;https://staticcdn.svenskfotboll.se/img/teamssm/9622.png;7;Lerums IS P2011;https://staticcdn.svenskfotboll.se/img/teamssm/10756.png;7;0-0;Påvelund 1 Konstgräs;Påvelund;Redegatan 18, 426 77 Västra Frölunda;Y;57.668781;11.881476;Göteborg;football
7;2026-10-10;14:00;133678;Pojkar 2016(10 år) Grupp B Höst;2;2;6841993;5;/go-to/?fmid=6841993;Guldhedens IK P16;https://staticcdn.svenskfotboll.se/img/teamssm/11249.png;7;Hovås Billdal IF 2016 Lila;https://staticcdn.svenskfotboll.se/img/teamssm/11109.png;7;-1--1;Anders Svensson vallen;Anders Svensson vallen;Anders Svenssonvallen, Doktor Heymans Gata 1F, 413 22 Göteborg;Y;57.687279;11.968893;Göteborg;football
1;2026-10-10;14:00;138418;P16 Div.1 2026 B-slutspel Norra Götaland;2;3;6911936;5;/go-to/?fmid=6911936;IK Oddevold;https://staticcdn.svenskfotboll.se/img/teamssm/10500.png;28;Backatorp IF;https://staticcdn.svenskfotboll.se/img/teamssm/11915.png;7;0-0;Arwidsroplanen;Arwidsroplanen;Fossums Kvarnväg 4, 451 34 Uddevalla;Y;58.348766;11.975349;1;football
1;2026-10-10;14:00;131959;Div 2 Västra Götaland, herr 2026;2;4;6547599;5;/go-to/?fmid=6547599;Dalstorps IF;https://staticcdn.svenskfotboll.se/img/teamssm/11468.png;21;Jonsereds IF;https://staticcdn.svenskfotboll.se/img/teamssm/9595.png;7;0-0;Dalshov Konstgräs;Dalshov;Dalshov, Nittorpsvägen, Sörkvarnen, Dalstorp, Tranemo kommun, Västra Götalands län, 514 60, Sverige;Y;57.599916;13.509056;1;football
7;2026-10-10;14:00;133837;Flickor 2017(9 år) Hisingen Grupp A Höst;3;2;6831737;5;/go-to/?fmid=6831737;BK Häcken F2017 lag 3 Vit;https://staticcdn.svenskfotboll.se/img/teamssm/11080.png;7;IK Zenith F2017 2;https://staticcdn.svenskfotboll.se/img/teamssm/9829.png;7;-1--1;Färjenäsplan 11:1;Färjenäsplan;Pölsebogatan, 417 67 Göteborg;Y;57.697441;11.901198;Göteborg;football
7;2026-10-10;14:00;133766;Flickor 2012-2013 Stor 9M9 Lätt Gr. A Höst;3;3;6828153;5;/go-to/?fmid=6828153;Utbynäs SK F12 Blå;https://staticcdn.svenskfotboll.se/img/teamssm/9983.png;7;Eriksbergs IF 2;https://staticcdn.svenskfotboll.se/img/teamssm/9629.png;7;0-0;Gamlestadsvallen 2 Konstgräs;Gamlestadsvallen;Lars Kaggsgatan 24, 415 04 Göteborg;Y;57.734308;12.013832;Göteborg;football
8;2026-10-10;14:00;133920;Division 5 Herr Södra Halland;2;4;6526944;5;/go-to/?fmid=6526944;Getinge IF;https://staticcdn.svenskfotboll.se/img/teamssm/11297.png;8;Oskarström IS;https://staticcdn.svenskfotboll.se/img/teamssm/10488.png;8;0-0;Getinge IP A;Getinge IP;Getinge idrottsplats, N 625, Eskilstorp, Getinge, Halmstads kommun, Hallands län, 310 44, Sverige;Y;56.809430;12.736674;Halland;football
8;2026-10-10;14:00;133921;Division 6 Herr Norra Halland;2;4;6534916;5;/go-to/?fmid=6534916;GoIF Ginsten;https://staticcdn.svenskfotboll.se/img/teamssm/11291.png;8;Ätrafors BK;https://staticcdn.svenskfotboll.se/img/teamssm/9474.png;8;0-0;Ginstavallen 1;Ginstavallen;HÄLLARP 310, 311 95 Falkenberg;Y;56.975889;12.562684;Halland;football
8;2026-10-10;14:00;133921;Division 6 Herr Norra Halland;2;4;6534918;5;/go-to/?fmid=6534918;Glommens IF;https://staticcdn.svenskfotboll.se/img/teamssm/9522.png;8;Unite People FC;https://staticcdn.svenskfotboll.se/img/teamssm/13067.png;8;0-0;Glommens IP 1;Glommens IP;Glommens IP, 311 98 Glommen;Y;56.946704;12.473148;Halland;football
1;2026-10-10;14:00;129331;P19 Div.1 2026 Södra Götaland;2;3;6591087;5;/go-to/?fmid=6591087;Laholms FK;https://staticcdn.svenskfotboll.se/img/teamssm/9504.png;8;Kristianstad FC;https://staticcdn.svenskfotboll.se/img/teamssm/12907.png;14;0-0;Glänninge Park D3;Glänninge Park;Hellbakken 1, 312 36 Laholm;Y;56.501248;13.054870;1;football
8;2026-10-10;14:00;133921;Division 6 Herr Norra Halland;2;4;6534915;5;/go-to/?fmid=6534915;Grimetons IK;https://staticcdn.svenskfotboll.se/img/teamssm/11272.png;8;IFK Bänared;https://staticcdn.svenskfotboll.se/img/teamssm/9512.png;8;0-0;Grimtunet A;Grimtunet;Grimtunet, N 764, Grimeton, Himle, Varbergs kommun, Hallands län, 432 77, Sverige;Y;57.109083;12.412005;Halland;football
7;2026-10-10;14:00;133584;Pojkar 2012(14 år) Medel Grupp D;2;3;6621607;5;/go-to/?fmid=6621607;Sandarna BK Svart;https://staticcdn.svenskfotboll.se/img/teamssm/10367.png;7;Älvsborg FF Blå;https://staticcdn.svenskfotboll.se/img/teamssm/9622.png;7;0-0;Gröna Vallen 1;Gröna Vallen;Gröna Vallen, Svanebäcksgatan 16, 414 71 Göteborg;Y;57.687961;11.917564;Göteborg;football
8;2026-10-10;14:00;133921;Division 6 Herr Norra Halland;2;4;6534919;5;/go-to/?fmid=6534919;Rolfstorp/Skällinge;https://staticcdn.svenskfotboll.se/img/teamssm/10429.png;8;BK Viljan;https://staticcdn.svenskfotboll.se/img/teamssm/9480.png;8;0-0;Gunnevi IP A;Gunnevi IP;Gunnevivägen, Rolfstorp, Varbergs kommun, Hallands län, 432 97, Sverige;Y;57.148719;12.459212;Halland;football
7;2026-10-10;14:00;133810;Flickor 2016(10 år) Grupp A Höst;3;2;6832902;5;/go-to/?fmid=6832902;Hjuviks AIK F2016;https://staticcdn.svenskfotboll.se/img/teamssm/8330.png;7;Vatra KIF;https://staticcdn.svenskfotboll.se/img/teamssm/13171.png;7;-1--1;21:47 Arena 12;Hästevik;Torslanda Hästeviks väg, 423 41 Torslanda;Y;57.718779;11.721591;Göteborg;football
7;2026-10-10;14:00;133798;Flickor 2015(11 år) Grupp D Höst;3;2;6840673;5;/go-to/?fmid=6840673;Hönö IS HBH Röd;https://staticcdn.svenskfotboll.se/img/teamssm/11038.png;7;Hjuviks AIK F15 Vit;https://staticcdn.svenskfotboll.se/img/teamssm/8330.png;7;-1--1;Hönö Arena 22;Hönö Arena;Lindblomsvägen 30, 475 42 Hönö;Y;57.687870;11.652948;Göteborg;football
7;2026-10-10;14:00;133583;Pojkar 2012(14 år) Medel Grupp A;2;3;6621214;5;/go-to/?fmid=6621214;Askims IK P2012 U14 Svart;https://staticcdn.svenskfotboll.se/img/teamssm/11617.png;7;KF Velebit P 12;https://staticcdn.svenskfotboll.se/img/teamssm/9949.png;7;0-0;Kobbegården 1 Konstgräs;Kobbegården;Stora Åvägen 1, 436 34 Askim;Y;57.639723;11.944383;Göteborg;football
8;2026-10-10;14:00;133920;Division 5 Herr Södra Halland;2;4;6526942;5;/go-to/?fmid=6526942;Kornhult/Hishult FF;https://staticcdn.svenskfotboll.se/img/teamssm/7413.png;8;HGH FC;https://staticcdn.svenskfotboll.se/img/teamssm/9516.png;8;0-0;Kornhults IP A;Kornhults IP;KORNHULTSVÄGEN 28, 310 21 Hishult;Y;56.433069;13.390244;Halland;football
21;2026-10-10;14:00;140194;Herrar, Kval till Div 4 - Grupp 2;2;4;6921995;5;/go-to/?fmid=6921995;Mariedals IK;https://staticcdn.svenskfotboll.se/img/teamssm/10652.png;21;Emtunga/Tråvad/Larv;https://staticcdn.svenskfotboll.se/img/teamssm/8698.png;21;0-0;Kransmossens IP A;Kransmossens IP;Kransmossens idrottsplats, Kransvägen, Brotorp, Borås, Borås kommun, Västra Götalands län, 507 65, Sverige;Y;57.707261;12.979446;Västergötland;football
8;2026-10-10;14:00;133920;Division 5 Herr Södra Halland;2;4;6526939;5;/go-to/?fmid=6526939;Lilla Tjärby IK;https://staticcdn.svenskfotboll.se/img/teamssm/10750.png;8;Andersbergs IK;https://staticcdn.svenskfotboll.se/img/teamssm/6845.png;8;0-0;L:a Tjärby IP A;L:a Tjärby IP;Fridhemsvägen 54, 312 35 Laholm;Y;56.530665;13.062072;Halland;football
1;2026-10-10;14:00;131959;Div 2 Västra Götaland, herr 2026;2;4;6547602;5;/go-to/?fmid=6547602;Landvetter IS;https://staticcdn.svenskfotboll.se/img/teamssm/10768.png;7;BK Astrio;https://staticcdn.svenskfotboll.se/img/teamssm/9529.png;8;0-0;Landvetter IP A-plan;Landvetter IP;Tahultsvägen 60, 438 35 Landvetter;Y;57.702382;12.203031;1;football
7;2026-10-10;14:00;133764;Flickor 2012-2013 Liten 9M9 Lätt Gr. B Höst;3;3;6828252;5;/go-to/?fmid=6828252;Backatorp IF RÖD;https://staticcdn.svenskfotboll.se/img/teamssm/11915.png;7;Hovås Billdal IF 2013;https://staticcdn.svenskfotboll.se/img/teamssm/11109.png;7;0-0;Lillhagsplan 12;Lillhagsplan;Lillhagsvägen, 422 57 Hisings Backa;Y;57.763300;11.956822;Göteborg;football
8;2026-10-10;14:00;133921;Division 6 Herr Norra Halland;2;4;6534917;5;/go-to/?fmid=6534917;Löftadalens IF;https://staticcdn.svenskfotboll.se/img/teamssm/10681.png;8;Vessigebro BK;https://staticcdn.svenskfotboll.se/img/teamssm/9940.png;8;0-0;Löftavallen;Löftavallen;Löftavallsvägen 60, 439 64 Frillesås;Y;57.376004;12.299378;Halland;football
8;2026-10-10;14:00;133920;Division 5 Herr Södra Halland;2;4;6526941;5;/go-to/?fmid=6526941;Sennans IF;https://staticcdn.svenskfotboll.se/img/teamssm/9495.png;8;Alets IK;https://staticcdn.svenskfotboll.se/img/teamssm/9531.png;8;0-0;Sennans IP;Sennans IP;Sennans idrottsplats, Oskarströmsvägen, Sten, Sennan, Halmstads kommun, Hallands län, 313 02, Sverige;Y;56.765606;12.978225;Halland;football
1;2026-10-10;14:00;131957;Div 2 Norra Götaland, herr 2026;2;4;6547417;5;/go-to/?fmid=6547417;Ahlafors IF;https://staticcdn.svenskfotboll.se/img/teamssm/11662.png;7;Stenungsunds IF;https://staticcdn.svenskfotboll.se/img/teamssm/10236.png;28;0-0;Svenska Stenhus Arena 1 Gräs;Sjövallen IP;Sjövallavägen 111, 449 50 Alafors;Y;57.915942;12.107763;1;football
7;2026-10-10;14:00;133662;Pojkar 2015(11 år) Grupp H Höst;2;2;6846397;5;/go-to/?fmid=6846397;BK Häcken Röd;https://staticcdn.svenskfotboll.se/img/teamssm/11080.png;7;Kärra KIF Gul;https://staticcdn.svenskfotboll.se/img/teamssm/10780.png;7;-1--1;Slättadamm 3 konstgräs;Slättadamm;Slättadammsgatan 6, 417 25 Göteborg;Y;57.730565;11.927705;Göteborg;football
8;2026-10-10;14:00;133920;Division 5 Herr Södra Halland;2;4;6526940;5;/go-to/?fmid=6526940;Slöinge GOIF;https://staticcdn.svenskfotboll.se/img/teamssm/9491.png;8;Snöstorp Nyhem FF;https://staticcdn.svenskfotboll.se/img/teamssm/7704.png;8;0-0;Slöinge IP A;Slöinge IP;Slöinge idrottsplats, Idrottsvägen, Slöinge, Falkenbergs kommun, Hallands län, 311 68, Sverige;Y;56.855624;12.703541;Halland;football
8;2026-10-10;14:00;136222;P15år;2;3;6598688;5;/go-to/?fmid=6598688;BK Astrio;https://staticcdn.svenskfotboll.se/img/teamssm/9529.png;8;Veddige BK;https://staticcdn.svenskfotboll.se/img/teamssm/9481.png;8;0-0;Söndrums IP konstgräs;Söndrums IP;Söndrums Idrottsplats, Bäckagårdsvägen, Pålsbo, Bäckagård, Halmstad, Halmstads kommun, Hallands län, 302 91, Sverige;Y;56.670271;12.797138;Halland;football
8;2026-10-10;14:00;133921;Division 6 Herr Norra Halland;2;4;6534920;5;/go-to/?fmid=6534920;Kung Karl Bollklubb;https://staticcdn.svenskfotboll.se/img/teamssm/6593.png;8;HÅ FF;https://staticcdn.svenskfotboll.se/img/teamssm/7883.png;8;0-0;Torsvalla IP A;Torsvalla IP;Torsvalla IP, 519 93 Kungsäter;Y;57.264549;12.563425;Halland;football
8;2026-10-10;14:00;133920;Division 5 Herr Södra Halland;2;4;6526943;5;/go-to/?fmid=6526943;Trönninge IF;https://staticcdn.svenskfotboll.se/img/teamssm/9484.png;8;Sperlingsholms IF;https://staticcdn.svenskfotboll.se/img/teamssm/9489.png;8;0-0;Tuvasvallen A;Tuvasvallen;Tuvasvägen 3, 302 65 Halmstad;Y;56.615975;12.931638;Halland;football
7;2026-10-10;14:00;133581;Pojkar 2011(15 år) Medel Grupp C;2;3;6608202;5;/go-to/?fmid=6608202;IF Mölndal Fotboll Vit;https://staticcdn.svenskfotboll.se/img/teamssm/9569.png;7;Kungsladugårds BK P11 2;https://staticcdn.svenskfotboll.se/img/teamssm/10799.png;7;0-0;Åbyvallen 2 Konstgräs;Åbyvallen;Idrottsvägen 5, 431 62 Mölndal;Y;57.645363;12.002082;Göteborg;football
7;2026-10-10;14:00;133584;Pojkar 2012(14 år) Medel Grupp D;2;3;6621610;5;/go-to/?fmid=6621610;Näsets SK P2012 -1 Näsets SK P2012 - Röd;https://staticcdn.svenskfotboll.se/img/teamssm/10510.png;7;Hönö IS Röd;https://staticcdn.svenskfotboll.se/img/teamssm/11038.png;7;0-0;Näset Yuncture Arena;Åkeredsvallen;Bergsätersgatan 1, 421 66 Västra Frölunda;Y;57.631456;11.900982;Göteborg;football
8;2026-10-10;14:00;136282;Division 4 Dam Halland;3;4;6612644;5;/go-to/?fmid=6612644;Lilla Träslövs FF;https://staticcdn.svenskfotboll.se/img/teamssm/9502.png;8;Kornhult/Hishult FF;https://staticcdn.svenskfotboll.se/img/teamssm/7413.png;8;0-0;Östervi A;Östervi;Östervi Idrottsplats, Engelbrektsgatan, Karlberg, Prästkullen, Varberg, Varbergs kommun, Hallands län, 432 31, Sverige;Y;57.104636;12.282999;Halland;football
7;2026-10-10;14:15;133154;Division 6C Herr;2;4;6533495;5;/go-to/?fmid=6533495;Önnereds IK;https://staticcdn.svenskfotboll.se/img/teamssm/9765.png;7;Landala IF;https://staticcdn.svenskfotboll.se/img/teamssm/7353.png;7;0-0;Apelsinplan 2 Konstgräs;Apelsinplan;Apelsingatan 6, 426 54 Västra Frölunda;Y;57.655054;11.882940;Göteborg;football
7;2026-10-10;14:15;133837;Flickor 2017(9 år) Hisingen Grupp A Höst;3;2;6831738;5;/go-to/?fmid=6831738;BK Häcken F2017 lag 4 Röd;https://staticcdn.svenskfotboll.se/img/teamssm/11080.png;7;Hönö IS F17;https://staticcdn.svenskfotboll.se/img/teamssm/11038.png;7;-1--1;Färjenäsplan 11:2;Färjenäsplan;Pölsebogatan, 417 67 Göteborg;Y;57.697441;11.901198;Göteborg;football
7;2026-10-10;14:15;138256;Junior Flickor Div 2 Höst;3;3;6827532;5;/go-to/?fmid=6827532;Qviding FIF F19;https://staticcdn.svenskfotboll.se/img/teamssm/8089.png;7;Landvetter IF 2003;https://staticcdn.svenskfotboll.se/img/teamssm/6789.png;7;0-0;Härlanda Park 1 Konstgräs;Härlanda Park;Härlanda Park 6B, 416 52 Göteborg;Y;57.716492;12.017055;Göteborg;football
7;2026-10-10;14:15;133161;Division 4B Dam;3;4;6533899;5;/go-to/?fmid=6533899;Jonsereds IF;https://staticcdn.svenskfotboll.se/img/teamssm/9595.png;7;Ahlafors IF;https://staticcdn.svenskfotboll.se/img/teamssm/11662.png;7;0-0;Jonsereds IP 1 Konstgräs;Jonsereds IP;Jons väg 23, 433 75 Jonsered;Y;57.746215;12.169063;Göteborg;football
7;2026-10-10;14:15;133161;Division 4B Dam;3;4;6533895;5;/go-to/?fmid=6533895;Kärra kif;https://staticcdn.svenskfotboll.se/img/teamssm/10780.png;7;IK Zenith (B);https://staticcdn.svenskfotboll.se/img/teamssm/9829.png;7;0-0;Klarebergsvallen 2 Konstgräs;Klarebergsvallen;Burmans Gata 3, 425 33 Hisings Kärra;Y;57.798761;11.987168;Göteborg;football
7;2026-10-10;14:15;133157;Division 7C Herr;2;4;6534581;5;/go-to/?fmid=6534581;KIF Bosna Ljiljan;https://staticcdn.svenskfotboll.se/img/teamssm/7663.png;7;IK Zenith FF;https://staticcdn.svenskfotboll.se/img/teamssm/13708.png;7;0-0;Länsmansgårdens IP 2 Konstgräs;Länsmansgårdens IP;Temperaturgatan 76, 418 41 Göteborg;Y;57.730616;11.886442;Göteborg;football
7;2026-10-10;14:15;133161;Division 4B Dam;3;4;6533898;5;/go-to/?fmid=6533898;Göteborgs FF (B);https://staticcdn.svenskfotboll.se/img/teamssm/11217.png;7;Lerums IS;https://staticcdn.svenskfotboll.se/img/teamssm/10756.png;7;0-0;Majvallen 1 Konstgräs;Majvallen;Ekedalsgatan 20, 414 68 Göteborg;Y;57.689370;11.936171;Göteborg;football
7;2026-10-10;14:15;133161;Division 4B Dam;3;4;6533897;5;/go-to/?fmid=6533897;Sävedalens IF (B);https://staticcdn.svenskfotboll.se/img/teamssm/9545.png;7;HBH Hönö/Björkö;https://staticcdn.svenskfotboll.se/img/teamssm/11038.png;7;0-0;Vallhamra 1 Gräs;Vallhamra IP;Ugglumsleden 48, 433 64 Sävedalen;Y;57.724452;12.079253;Göteborg;football
7;2026-10-10;14:15;133161;Division 4B Dam;3;4;6533894;5;/go-to/?fmid=6533894;Ytterby IS (B);https://staticcdn.svenskfotboll.se/img/teamssm/9832.png;7;Ösets BK;https://staticcdn.svenskfotboll.se/img/teamssm/9533.png;7;0-0;Ytterns IP 2 Gräs;Ytterns IP;Ytterby, 442 40 Kungälv;Y;57.869280;11.935196;Göteborg;football
7;2026-10-10;14:15;133744;Flickor 2010-2011 Lätt Grupp A;3;3;6585032;5;/go-to/?fmid=6585032;Öjersjö IF;https://staticcdn.svenskfotboll.se/img/teamssm/7552.png;7;Ahlafors/Surte;https://staticcdn.svenskfotboll.se/img/teamssm/11662.png;7;0-0;Öjersjö IP 1 Konstgräs;Öjersjö IP;Tallmossevägen 9, 433 50 Öjersjö;Y;57.702889;12.149245;Göteborg;football
7;2026-10-10;14:30;135627;Träningsmatcher Futsal Herr;2;4;6920590;5;/go-to/?fmid=6920590;GAIS Futsal;https://staticcdn.svenskfotboll.se/img/teamssm/12860.png;7;Trandareds IF;https://staticcdn.svenskfotboll.se/img/teamssm/13677.png;21;0-0;Kvibergs Parks idrottsområde Sporthall B;;;N;;;Göteborg;football
1;2026-10-10;14:30;129334;P19 Allsvenskan 2026;2;3;6564016;5;/go-to/?fmid=6564016;BK Häcken;https://staticcdn.svenskfotboll.se/img/teamssm/11080.png;7;IK Sirius FK;https://staticcdn.svenskfotboll.se/img/teamssm/7884.png;18;0-0;Gothia Park konstgräs;Gothia Park;Entreprenadvägen 6, 417 05 Göteborg;Y;57.740380;11.947473;1;football
7;2026-10-10;14:30;133523;Junior Pojkar Div 3;2;3;6543146;5;/go-to/?fmid=6543146;Hönö/Fotö;https://staticcdn.svenskfotboll.se/img/teamssm/11038.png;7;Fässbergs IF U17;https://staticcdn.svenskfotboll.se/img/teamssm/9620.png;7;0-0;Hönö Arena 1;Hönö Arena;Lindblomsvägen 30, 475 42 Hönö;Y;57.687870;11.652948;Göteborg;football
7;2026-10-10;14:30;133155;Division 7A Herr;2;4;6533625;5;/go-to/?fmid=6533625;Vrångö IF;https://staticcdn.svenskfotboll.se/img/teamssm/9537.png;7;Balltorps FF;https://staticcdn.svenskfotboll.se/img/teamssm/8047.png;7;0-0;Vrångö 1 Gräs;Vrångö;Gyssebergsvägen, 430 83 Vrångö;Y;57.577131;11.786292;Göteborg;football
1;2026-10-10;14:30;139874;Kval till div 2 herrar, omg. 1;2;4;6921953;5;/go-to/?fmid=6921953;Assyriska BK;https://staticcdn.svenskfotboll.se/img/teamssm/9608.png;7;IS Halmia;https://staticcdn.svenskfotboll.se/img/teamssm/9519.png;8;0-0;Välen 1 Konstgräs;Välen;Klubbvägen 20, 421 47 Västra Frölunda;Y;57.642584;11.919773;1;football
7;2026-10-10;14:30;133742;Flickor 2011 Regional;3;3;6597831;5;/go-to/?fmid=6597831;Örgryte IS Fotboll F2011;https://staticcdn.svenskfotboll.se/img/teamssm/12910.png;7;IF Elfsborg F15;https://staticcdn.svenskfotboll.se/img/teamssm/11429.png;21;0-0;Hammarviken Arena;ÖIS-gården;Korndalsvägen 3, 412 76 Göteborg;Y;57.675233;12.028495;Göteborg;football
7;2026-10-10;14:45;133706;Pojkar 2017(9 år) Hisingen+Öckerö Grupp B Höst;2;2;6848426;5;/go-to/?fmid=6848426;Hjuviks AIK P2017 Vit;https://staticcdn.svenskfotboll.se/img/teamssm/8330.png;7;Finlandia Pallo AIF Röd;https://staticcdn.svenskfotboll.se/img/teamssm/7939.png;7;-1--1;21:47 Arena 11;Hästevik;Torslanda Hästeviks väg, 423 41 Torslanda;Y;57.718779;11.721591;Göteborg;football
21;2026-10-10;15:00;138104;Herrar P35 Motion Skara;2;5;6818085;4;/go-to/?fmid=6818085;Falköpings FK;https://staticcdn.svenskfotboll.se/img/teamssm/7983.png;21;Skövde AIK;https://staticcdn.svenskfotboll.se/img/teamssm/10281.png;21;3-0;Ållevi Konstgräs;;;N;;;Västergötland;football
1;2026-10-10;15:00;138291;SFL (herr) 2026/27;2;4;6859717;5;/go-to/?fmid=6859717;FC Ljiljan;https://staticcdn.svenskfotboll.se/img/teamssm/13057.png;7;Skoftebyns IF;https://staticcdn.svenskfotboll.se/img/teamssm/8653.png;21;0-0;Mölnlycke Idrottshall A-hall;;;N;;;1;football
7;2026-10-10;15:00;138261;Pojkar 2013(13 år) Höst Medel Grupp F;2;3;6828964;5;/go-to/?fmid=6828964;Bergsjö IF P2013;https://staticcdn.svenskfotboll.se/img/teamssm/11586.png;7;Eriksbergs IF 2;https://staticcdn.svenskfotboll.se/img/teamssm/9629.png;7;0-0;Bergsjövallen 22 Konstgräs;Bergsjövallen;Sjustjärnan 20, 415 51 Göteborg;Y;57.750377;12.057010;Göteborg;football
7;2026-10-10;15:00;133611;Pojkar 2013(13 år) Höst Medel Grupp E;2;3;6828903;5;/go-to/?fmid=6828903;Södra Skärgårdens IK(SSIK)/Donsö I.S/Styrsö BK/Vrångö IF;https://staticcdn.svenskfotboll.se/img/teamssm/9631.png;7;Öjersjö IF 2;https://staticcdn.svenskfotboll.se/img/teamssm/7552.png;7;0-0;Donsövallen 12;Donsövallen;Donsövallen, Lurkenvägen 2, 430 82 Donsö;Y;57.605163;11.805907;Göteborg;football
7;2026-10-10;15:00;133678;Pojkar 2016(10 år) Grupp B Höst;2;2;6842044;5;/go-to/?fmid=6842044;Donsö IS SSIK/Styrsö BK SBK/SSIK P 2016;https://staticcdn.svenskfotboll.se/img/teamssm/9631.png;7;Björndammens BK;https://staticcdn.svenskfotboll.se/img/teamssm/9638.png;7;-1--1;Donsövallen 11;Donsövallen;Donsövallen, Lurkenvägen 2, 430 82 Donsö;Y;57.605163;11.805907;Göteborg;football
1;2026-10-10;15:00;133348;Allsvenskan 2026;2;4;6530008;5;/go-to/?fmid=6530008;GAIS;https://staticcdn.svenskfotboll.se/img/teamssm/9614.png;7;IK Sirius FK;https://staticcdn.svenskfotboll.se/img/teamssm/7884.png;18;0-0;Gamla Ullevi;Gamla Ullevi;Ullevigatan 5, 411 39 Göteborg;Y;57.706411;11.980905;1;football
1;2026-10-10;15:00;129334;P19 Allsvenskan 2026;2;3;6563939;5;/go-to/?fmid=6563939;Halmstads BK;https://staticcdn.svenskfotboll.se/img/teamssm/9517.png;8;Västerås SK FK;https://staticcdn.svenskfotboll.se/img/teamssm/7998.png;22;0-0;Halmstad Arena P2;Halmstad Arena;Kristinehedsvägen 4B, 302 44 Halmstad;Y;56.675943;12.888513;1;football
7;2026-10-10;15:00;133617;Pojkar 2013(13 år) Höst Lätt Grupp D;2;3;6828598;5;/go-to/?fmid=6828598;IK Zenith Vit;https://staticcdn.svenskfotboll.se/img/teamssm/9829.png;7;Torslanda IK Röd;https://staticcdn.svenskfotboll.se/img/teamssm/10068.png;7;0-0;Hovgårdsvallen 3 Konstgräs (Masterservice planen);Hovgårdsvallen;Gamla Lillebyvägen 1, 432 00 Torslanda;Y;57.751235;11.827376;Göteborg;football
7;2026-10-10;15:00;133117;Träningsmatcher Ungdomar Göteborg Pojk;2;3;6920450;5;/go-to/?fmid=6920450;Masthuggets BK Rödsvart;https://staticcdn.svenskfotboll.se/img/teamssm/10643.png;7;Dalen/Krokslätts FF Blå;https://staticcdn.svenskfotboll.se/img/teamssm/9632.png;7;0-0;Karl Johans Torg Konstgräs 9M9;Karl Johans Torg;Karl Johanstorget 1, 414 61 Göteborg;Y;57.694518;11.929255;Göteborg;football
7;2026-10-10;15:00;133614;Pojkar 2013(13 år) Höst Svår Grupp A;2;3;6828822;5;/go-to/?fmid=6828822;Lerums IS 5;https://staticcdn.svenskfotboll.se/img/teamssm/10756.png;7;Kungsladugårds BK Blå;https://staticcdn.svenskfotboll.se/img/teamssm/10799.png;7;0-0;Spinnarvallen / B-plan / Halva-A;Spinnarvallen;Tollereds Ströms väg 4, 448 50 Tollered;Y;57.814494;12.424245;Göteborg;football
7;2026-10-10;15:15;133582;Pojkar 2012(14 år) Svår Grupp B;2;3;6622259;5;/go-to/?fmid=6622259;IK Zenith Grön;https://staticcdn.svenskfotboll.se/img/teamssm/9829.png;7;Götaholms BK P2012 Vit;https://staticcdn.svenskfotboll.se/img/teamssm/9615.png;7;0-0;Hovgårdsvallen 2 Konstgräs (Bjurforsplanen);Hovgårdsvallen;Gamla Lillebyvägen 1, 432 00 Torslanda;Y;57.751235;11.827376;Göteborg;football
7;2026-10-10;15:30;136376;Pojkar 2012(14 år) Grund;2;3;6621670;5;/go-to/?fmid=6621670;Mölnlycke IF P12 Svart;https://staticcdn.svenskfotboll.se/img/teamssm/10594.png;7;Lerums IS Lila;https://staticcdn.svenskfotboll.se/img/teamssm/10756.png;7;0-0;Djupedalsplan B Konstgräs;Djupedals IP;Djupedals Ip, Rullstensvägen 1, 435 41 Mölnlycke;Y;57.652820;12.126316;Göteborg;football
7;2026-10-10;15:30;133782;Flickor 2014(12 år) Grupp E Höst;3;2;6836090;5;/go-to/?fmid=6836090;Sandarna BK Svart;https://staticcdn.svenskfotboll.se/img/teamssm/10367.png;7;Azalea BK Orange;https://staticcdn.svenskfotboll.se/img/teamssm/7817.png;7;-1--1;Gröna Vallen 11;Gröna Vallen;Gröna Vallen, Svanebäcksgatan 16, 414 71 Göteborg;Y;57.687961;11.917564;Göteborg;football
7;2026-10-10;15:30;133798;Flickor 2015(11 år) Grupp D Höst;3;2;6840672;5;/go-to/?fmid=6840672;Hönö IS F15 HBH Svart;https://staticcdn.svenskfotboll.se/img/teamssm/11038.png;7;Hjuviks AIK F15 Blå;https://staticcdn.svenskfotboll.se/img/teamssm/8330.png;7;-1--1;Hönö Arena 22;Hönö Arena;Lindblomsvägen 30, 475 42 Hönö;Y;57.687870;11.652948;Göteborg;football
8;2026-10-10;15:30;136113;P15-kval;2;3;6594039;5;/go-to/?fmid=6594039;Onsala BK;https://staticcdn.svenskfotboll.se/img/teamssm/10495.png;8;Skottorps IF;https://staticcdn.svenskfotboll.se/img/teamssm/10302.png;8;0-0;Kaparevallen;Kaparevallen;Håkullavägen 43, 439 91 Onsala;Y;57.414147;12.014084;Halland;football
1;2026-10-10;15:30;133302;F17 Allsvenskan Södra 2026;3;3;6577274;5;/go-to/?fmid=6577274;Halmstads BK;https://staticcdn.svenskfotboll.se/img/teamssm/9517.png;8;BK Häcken FF;https://staticcdn.svenskfotboll.se/img/teamssm/9584.png;7;0-0;Skedalaheds IP 3;Skedalaheds IP;Skedalahed 114, 305 93 Halmstad;Y;56.686715;12.945246;1;football
7;2026-10-10;15:30;133662;Pojkar 2015(11 år) Grupp H Höst;2;2;6846396;5;/go-to/?fmid=6846396;BK Häcken P2015 lag 3 Vit;https://staticcdn.svenskfotboll.se/img/teamssm/11080.png;7;Kärra KIF Blå;https://staticcdn.svenskfotboll.se/img/teamssm/10780.png;7;-1--1;Slättadamm 3 konstgräs;Slättadamm;Slättadammsgatan 6, 417 25 Göteborg;Y;57.730565;11.927705;Göteborg;football
7;2026-10-10;15:30;133767;Flickor 2012-2013 Stor 9M9 Lätt Gr. C Höst;3;3;6828059;5;/go-to/?fmid=6828059;Näsets SK Röd;https://staticcdn.svenskfotboll.se/img/teamssm/10510.png;7;Ytterby IS Röd F2012;https://staticcdn.svenskfotboll.se/img/teamssm/9832.png;7;0-0;Näset Yuncture Arena;Åkeredsvallen;Bergsätersgatan 1, 421 66 Västra Frölunda;Y;57.631456;11.900982;Göteborg;football
7;2026-10-10;15:45;133608;Pojkar 2013(13 år) Höst Medel Grupp A;2;3;6828688;5;/go-to/?fmid=6828688;IK Kongahälla Vit;https://staticcdn.svenskfotboll.se/img/teamssm/9590.png;7;Hovås Billdal IF Röd;https://staticcdn.svenskfotboll.se/img/teamssm/11109.png;7;0-0;Munkegärdesplan Konstgräs;Munkegärdesplan;Räfsalsvägen 11, 442 42 Kungälv;Y;57.890004;11.967916;Göteborg;football
7;2026-10-10;16:00;133632;Pojkar 2014(12 år) Grupp D Höst;2;2;6837620;5;/go-to/?fmid=6837620;Askims IK P2014 U12 Grå;https://staticcdn.svenskfotboll.se/img/teamssm/11617.png;7;Kungsladugårds BK Gul;https://staticcdn.svenskfotboll.se/img/teamssm/10799.png;7;-1--1;Sjöbaren Arena;Apelsinplan;Apelsingatan 6, 426 54 Västra Frölunda;Y;57.655054;11.882940;Göteborg;football
7;2026-10-10;16:00;136461;Fotbollsligan 7M7 Herr Höst GrpB;2;5;6829513;5;/go-to/?fmid=6829513;FC Tigers (A);https://staticcdn.svenskfotboll.se/img/teamssm/14826.png;7;Club América FF;https://staticcdn.svenskfotboll.se/img/teamssm/13314.png;7;0-0;Färjenäsplan;Färjenäsplan;Pölsebogatan, 417 67 Göteborg;Y;57.697441;11.901198;Göteborg;football
7;2026-10-10;16:00;133611;Pojkar 2013(13 år) Höst Medel Grupp E;2;3;6828901;5;/go-to/?fmid=6828901;Hovås Billdal IF Blå;https://staticcdn.svenskfotboll.se/img/teamssm/11109.png;7;Älvsborg FF Vit;https://staticcdn.svenskfotboll.se/img/teamssm/9622.png;7;0-0;Hovås Billdal Arena 12 Konstgräs;Hovås Billdal Arena;Kruniusvägen, 427 36 Billdal;Y;57.589555;11.946909;Göteborg;football
7;2026-10-10;16:00;133441;Junior Pojkar Div 1;2;3;6538238;5;/go-to/?fmid=6538238;Jonsereds IF 1;https://staticcdn.svenskfotboll.se/img/teamssm/9595.png;7;Sävedalens IF;https://staticcdn.svenskfotboll.se/img/teamssm/9545.png;7;0-0;Jonsereds IP 1 Konstgräs;Jonsereds IP;Jons väg 23, 433 75 Jonsered;Y;57.746215;12.169063;Göteborg;football
1;2026-10-10;16:00;139863;Kval till div 3 herrar, Grupp 9;2;4;6921960;5;/go-to/?fmid=6921960;Skene IF;https://staticcdn.svenskfotboll.se/img/teamssm/8655.png;21;Götene IF;https://staticcdn.svenskfotboll.se/img/teamssm/8707.png;21;0-0;Kunskapens Hus, konstgräs;Kunskapens Hus;Kunskapens hus, Varbergsvägen, Skene, Kinna, Marks kommun, Västra Götalands län, 511 56, Sverige;Y;57.497192;12.667653;1;football
1;2026-10-10;16:00;131959;Div 2 Västra Götaland, herr 2026;2;4;6547604;5;/go-to/?fmid=6547604;Onsala BK;https://staticcdn.svenskfotboll.se/img/teamssm/10495.png;8;Åstorps FF;https://staticcdn.svenskfotboll.se/img/teamssm/7360.png;14;0-0;Rydets IP A konstgräs;Rydets IP;Gathes väg 108, 439 36 Onsala;Y;57.396260;11.997052;1;football
7;2026-10-10;16:00;138259;Pojkar 2013(13 år) Höst Lätt Grupp E;2;3;6828643;5;/go-to/?fmid=6828643;BK Häcken Gul;https://staticcdn.svenskfotboll.se/img/teamssm/11080.png;7;Mölnlycke IF Grön;https://staticcdn.svenskfotboll.se/img/teamssm/10594.png;7;0-0;Slättadamm 22 konstgräs;Slättadamm;Slättadammsgatan 6, 417 25 Göteborg;Y;57.730565;11.927705;Göteborg;football
1;2026-10-10;16:00;138412;P17 Div.1 2026 B-slutspel Nordöstra Götaland;2;3;6911967;5;/go-to/?fmid=6911967;IFK Skövde FK;https://staticcdn.svenskfotboll.se/img/teamssm/7848.png;21;Smedby AIS;https://staticcdn.svenskfotboll.se/img/teamssm/10276.png;24;0-0;Södermalms IP A;Södermalms IP;Södermalms idrottsplats, Skaraborgsgatan, Södermalm, Skövde, Skövde kommun, Västra Götalands län, 541 52, Sverige;Y;58.378431;13.840427;1;football
8;2026-10-10;16:00;139568;P13år Blå B Höst;2;3;6893953;5;/go-to/?fmid=6893953;BK Astrio Gul;https://staticcdn.svenskfotboll.se/img/teamssm/9529.png;8;Särö Kullavik IF Blå;https://staticcdn.svenskfotboll.se/img/teamssm/9496.png;8;0-0;Söndrums IP konstgräs;Söndrums IP;Söndrums Idrottsplats, Bäckagårdsvägen, Pålsbo, Bäckagård, Halmstad, Halmstads kommun, Hallands län, 302 91, Sverige;Y;56.670271;12.797138;Halland;football
8;2026-10-10;16:00;139571;P13år Röd A Höst;2;3;6898510;5;/go-to/?fmid=6898510;Tölö IF Grön;https://staticcdn.svenskfotboll.se/img/teamssm/10015.png;8;IFK Fjärås Röd;https://staticcdn.svenskfotboll.se/img/teamssm/9511.png;8;0-0;Tingbergsvallen B;Tingbergsvallen;Borgmästaregatan 12, 434 32 Kungsbacka;Y;57.491213;12.068723;Halland;football
7;2026-10-10;16:15;133762;Flickor 2012-2013 Stor 9M9 Lätt Gr. B Höst;3;3;6828106;5;/go-to/?fmid=6828106;Azalea BK F12;https://staticcdn.svenskfotboll.se/img/teamssm/7817.png;7;Öjersjö IF F12/13 Vit;https://staticcdn.svenskfotboll.se/img/teamssm/7552.png;7;0-0;Heden 4 Konstgräs;Heden;Heden, 411 38 Göteborg;Y;57.702854;11.978368;Göteborg;football
7;2026-10-10;16:15;133156;Division 7B Herr;2;4;6534425;5;/go-to/?fmid=6534425;Kairaba IF;https://staticcdn.svenskfotboll.se/img/teamssm/14795.png;7;Gothenburg Celtic FC;https://staticcdn.svenskfotboll.se/img/teamssm/12216.png;7;0-0;Kviberg 9 KG;Kviberg;Luftvärnsvägen, 415 06 Göteborg;Y;57.737550;12.038540;Göteborg;football
7;2026-10-10;16:30;133588;Pojkar 2012(14 år) Medel Grupp C;2;3;6621471;5;/go-to/?fmid=6621471;Utbynäs SK Blå;https://staticcdn.svenskfotboll.se/img/teamssm/9983.png;7;Lerums IS Röd;https://staticcdn.svenskfotboll.se/img/teamssm/10756.png;7;0-0;Lemmingvallen 2 Konstgräs;Lemmingvallen;Lemmingsgatan 5, 415 07 Göteborg;Y;57.734850;12.052148;Göteborg;football
7;2026-10-10;16:30;133591;Pojkar 2012(14 år) Lätt Grupp D;2;3;6620983;5;/go-to/?fmid=6620983;Öjersjö IF Blå;https://staticcdn.svenskfotboll.se/img/teamssm/7552.png;7;Södra Skärgårdens IK(SSIK)/Donsö I.S/Styrsö BK/Vrångö IF;https://staticcdn.svenskfotboll.se/img/teamssm/9631.png;7;0-0;Öjersjö IP 1 Konstgräs;Öjersjö IP;Tallmossevägen 9, 433 50 Öjersjö;Y;57.702889;12.149245;Göteborg;football
7;2026-10-10;16:45;133782;Flickor 2014(12 år) Grupp E Höst;3;2;6836093;5;/go-to/?fmid=6836093;IK Zenith Grön;https://staticcdn.svenskfotboll.se/img/teamssm/9829.png;7;Hjuviks AIK F14 Vit;https://staticcdn.svenskfotboll.se/img/teamssm/8330.png;7;-1--1;Hovgårdsvallen 22 Konstgräs(Bjurforsplanen);Hovgårdsvallen;Gamla Lillebyvägen 1, 432 00 Torslanda;Y;57.751235;11.827376;Göteborg;football
1;2026-10-10;17:00;133340;Superettan 2026;2;4;6536158;5;/go-to/?fmid=6536158;Norrby IF;https://staticcdn.svenskfotboll.se/img/teamssm/10554.png;21;Östers IF;https://staticcdn.svenskfotboll.se/img/teamssm/9736.png;15;0-0;Borås Arena;Borås Arena;Borås Arena, Ålgårdsvägen 16, 506 30 Borås;Y;57.734400;12.934766;1;football
1;2026-10-10;17:00;133340;Superettan 2026;2;4;6536156;5;/go-to/?fmid=6536156;IK Oddevold;https://staticcdn.svenskfotboll.se/img/teamssm/10500.png;28;Nordic United FC;https://staticcdn.svenskfotboll.se/img/teamssm/7182.png;17;0-0;Rimnersvallen;Rimnersvallen;Rimnersvallen, Valhallavägen, Hedegärde, Uddevalla, Ramneröd, Uddevalla kommun, Västra Götalands län, 451 54, Sverige;Y;58.357058;11.949299;1;football
21;2026-10-10;17:00;136525;Flickor Div 2 Trollhättan;3;3;6715462;5;/go-to/?fmid=6715462;Råda BK Vit;https://staticcdn.svenskfotboll.se/img/teamssm/10400.png;21;Skepplanda BTK Sjövik;https://staticcdn.svenskfotboll.se/img/teamssm/10314.png;21;0-0;Rådavallen Dinaplanen konstgräs;Rådavallen;Rådavallen, Vattenledningsvägen, Råda, Råda distrikt, Lidköpings kommun, Västra Götalands län, 531 59, Sverige;Y;58.499337;13.102725;Västergötland;football
1;2026-10-10;17:00;138418;P16 Div.1 2026 B-slutspel Norra Götaland;2;3;6911938;5;/go-to/?fmid=6911938;Skara FC;https://staticcdn.svenskfotboll.se/img/teamssm/7451.png;21;Gerdskens BK;https://staticcdn.svenskfotboll.se/img/teamssm/8712.png;21;0-0;Sparbanken Arena B;Sparbanken Arena;Sparbanken Arena, E 20, Vilans fritidsområde, Skara domkyrkodistrikt, Skara, Skara kommun, Västra Götalands län, 532 37, Sverige;Y;58.388258;13.461198;1;football
7;2026-10-10;17:00;133610;Pojkar 2013(13 år) Höst Medel Grupp D;2;3;6828868;5;/go-to/?fmid=6828868;Torslanda IK Vit;https://staticcdn.svenskfotboll.se/img/teamssm/10068.png;7;IF Väster P-2013 Svart;https://staticcdn.svenskfotboll.se/img/teamssm/9861.png;7;0-0;Torslandavallen 22 Konstgräs;Torslandavallen;Torslanda Idrottsväg 17, 423 32 Torslanda;Y;57.718280;11.757490;Göteborg;football
7;2026-10-10;17:00;133682;Pojkar 2016(10 år) Grupp F Höst;2;2;6843460;5;/go-to/?fmid=6843460;Torslanda IK Ducks;https://staticcdn.svenskfotboll.se/img/teamssm/10068.png;7;Hermansby IF 2;https://staticcdn.svenskfotboll.se/img/teamssm/11150.png;7;-1--1;Torslandavallen 3 Konstgräs 7M7;Torslandavallen;Torslanda Idrottsväg 17, 423 32 Torslanda;Y;57.718280;11.757490;Göteborg;football
1;2026-10-10;17:00;131959;Div 2 Västra Götaland, herr 2026;2;4;6547601;5;/go-to/?fmid=6547601;IK Kongahälla;https://staticcdn.svenskfotboll.se/img/teamssm/9590.png;7;Qviding FIF;https://staticcdn.svenskfotboll.se/img/teamssm/8089.png;7;0-0;Ytterns IP 1 Konstgräs;Ytterns IP;Ytterby, 442 40 Kungälv;Y;57.869280;11.935196;1;football
7;2026-10-10;17:00;133614;Pojkar 2013(13 år) Höst Svår Grupp A;2;3;6828821;5;/go-to/?fmid=6828821;Örgryte IS Fotboll;https://staticcdn.svenskfotboll.se/img/teamssm/12910.png;7;Älvsborg FF Gul;https://staticcdn.svenskfotboll.se/img/teamssm/9622.png;7;0-0;Hammarviken Arena;ÖIS-gården;Korndalsvägen 3, 412 76 Göteborg;Y;57.675233;12.028495;Göteborg;football
7;2026-10-10;17:15;133760;Flickor 2012-2013 Liten 9M9 Medel Gr. A Höst;3;3;6828215;5;/go-to/?fmid=6828215;Näsets SK Svart;https://staticcdn.svenskfotboll.se/img/teamssm/10510.png;7;GAIS;https://staticcdn.svenskfotboll.se/img/teamssm/9614.png;7;0-0;Näset Yuncture Arena 11;Åkeredsvallen;Bergsätersgatan 1, 421 66 Västra Frölunda;Y;57.631456;11.900982;Göteborg;football
7;2026-10-10;18:00;133575;Pojkar 2011(15 år) Medel Grupp A;2;3;6607727;5;/go-to/?fmid=6607727;BK Häcken Gul;https://staticcdn.svenskfotboll.se/img/teamssm/11080.png;7;Tölö IF;https://staticcdn.svenskfotboll.se/img/teamssm/10015.png;8;0-0;Slättadamm 2 konstgräs;Slättadamm;Slättadammsgatan 6, 417 25 Göteborg;Y;57.730565;11.927705;Göteborg;football
7;2026-10-10;19:30;135627;Träningsmatcher Futsal Herr;2;4;6922255;5;/go-to/?fmid=6922255;IFK Göteborg Futsal;https://staticcdn.svenskfotboll.se/img/teamssm/11873.png;7;Park City FC;https://staticcdn.svenskfotboll.se/img/teamssm/13564.png;21;0-0;Prioritet Serneke Arena A-hallen;;;N;;;Göteborg;football
7;2026-10-11;00:00;136461;Fotbollsligan 7M7 Herr Höst GrpB;2;5;6829518;4;/go-to/?fmid=6829518;SKIF Semberija;https://staticcdn.svenskfotboll.se/img/teamssm/7595.png;7;FK Borac Göteborg;https://staticcdn.svenskfotboll.se/img/teamssm/14761.png;7;3-0;Kortedalavallen 3;Kortedalavallen;Kortedala Idrottsväg 13, 415 37 Göteborg;Y;57.751830;12.040079;Göteborg;football
28;2026-10-11;00:00;136233;BDFF P10-12 Svart;2;2;6734583;3;/go-to/?fmid=6734583;IK Svane P2014;https://staticcdn.svenskfotboll.se/img/teamssm/10164.png;28;Vallens IF P2014 vit;https://staticcdn.svenskfotboll.se/img/teamssm/8496.png;28;-1--1;Svanevallen;Svanevallen;Strandvägen 2, 662 96 Svanskog;Y;59.189578;12.558816;Bohuslän-Dalsland;football
8;2026-10-11;10:00;139571;P13år Röd A Höst;2;3;6898489;5;/go-to/?fmid=6898489;Skottorps IF;https://staticcdn.svenskfotboll.se/img/teamssm/10302.png;8;Tölö IF Grön;https://staticcdn.svenskfotboll.se/img/teamssm/10015.png;8;0-0;Gröningen B3;Gröningen;Gröningens väg 1, 312 77 Skottorp;Y;56.449440;12.954590;Halland;football
7;2026-10-11;10:00;133782;Flickor 2014(12 år) Grupp E Höst;3;2;6836092;5;/go-to/?fmid=6836092;BK Häcken Gul;https://staticcdn.svenskfotboll.se/img/teamssm/11080.png;7;IF Väster Orange;https://staticcdn.svenskfotboll.se/img/teamssm/9861.png;7;-1--1;Slättadamm 3 konstgräs;Slättadamm;Slättadammsgatan 6, 417 25 Göteborg;Y;57.730565;11.927705;Göteborg;football
7;2026-10-11;10:00;133704;Pojkar 2017(9 år) Hisingen+Öckerö Grupp C;2;2;6848657;5;/go-to/?fmid=6848657;BK Häcken P2017 lag 5 Grön;https://staticcdn.svenskfotboll.se/img/teamssm/11080.png;7;IK Zenith Svart;https://staticcdn.svenskfotboll.se/img/teamssm/9829.png;7;-1--1;Slättadamm 21 konstgräs;Slättadamm;Slättadammsgatan 6, 417 25 Göteborg;Y;57.730565;11.927705;Göteborg;football
8;2026-10-11;10:00;136544;F11år Blå;3;2;6727588;5;/go-to/?fmid=6727588;BK Astrio Svart;https://staticcdn.svenskfotboll.se/img/teamssm/9529.png;8;Trönninge BK Svart;https://staticcdn.svenskfotboll.se/img/teamssm/9485.png;8;-1--1;Söndrums IP E;Söndrums IP;Söndrums Idrottsplats, Bäckagårdsvägen, Pålsbo, Bäckagård, Halmstad, Halmstads kommun, Hallands län, 302 91, Sverige;Y;56.670271;12.797138;Halland;football
7;2026-10-11;10:00;133633;Pojkar 2014(12 år) Grupp E Höst;2;2;6843146;5;/go-to/?fmid=6843146;IF Väster Orange;https://staticcdn.svenskfotboll.se/img/teamssm/9861.png;7;Romelanda UF 2;https://staticcdn.svenskfotboll.se/img/teamssm/10427.png;7;-1--1;Önneredsplan 11 Konstgräs;Önneredsplan;Ersåsgatan 2, 421 59 Västra Frölunda;Y;57.637219;11.884878;Göteborg;football
28;2026-10-11;10:30;139708;BDFF P13-14 Blå Höst 2;2;3;6906078;5;/go-to/?fmid=6906078;IK Oddevold 2013 P13;https://staticcdn.svenskfotboll.se/img/teamssm/10500.png;28;Stenungsunds IF P13 Röd;https://staticcdn.svenskfotboll.se/img/teamssm/10236.png;28;0-0;Arwidsroplanen;Arwidsroplanen;Fossums Kvarnväg 4, 451 34 Uddevalla;Y;58.348766;11.975349;Bohuslän-Dalsland;football
7;2026-10-11;10:30;133611;Pojkar 2013(13 år) Höst Medel Grupp E;2;3;6828902;5;/go-to/?fmid=6828902;Mölnlycke IF Gul;https://staticcdn.svenskfotboll.se/img/teamssm/10594.png;7;IF Mölndal Fotboll Röd;https://staticcdn.svenskfotboll.se/img/teamssm/9569.png;7;0-0;Djupedalsplan A Konstgräs höger;Djupedals IP;Djupedals Ip, Rullstensvägen 1, 435 41 Mölnlycke;Y;57.652820;12.126316;Göteborg;football
7;2026-10-11;10:30;133662;Pojkar 2015(11 år) Grupp H Höst;2;2;6846424;5;/go-to/?fmid=6846424;BK Häcken P2015 lag 3 Vit;https://staticcdn.svenskfotboll.se/img/teamssm/11080.png;7;Lundby IF Grön;https://staticcdn.svenskfotboll.se/img/teamssm/11776.png;7;-1--1;Fjärdingsplan 12 KG;Fjärdingsplan;Lantmätaregatan 21, 417 06 Göteborg;Y;57.724197;11.939560;Göteborg;football
7;2026-10-11;10:30;133662;Pojkar 2015(11 år) Grupp H Höst;2;2;6846425;5;/go-to/?fmid=6846425;BK Häcken Röd;https://staticcdn.svenskfotboll.se/img/teamssm/11080.png;7;Lundby IF Svart;https://staticcdn.svenskfotboll.se/img/teamssm/11776.png;7;-1--1;Fjärdingsplan 11 KG;Fjärdingsplan;Lantmätaregatan 21, 417 06 Göteborg;Y;57.724197;11.939560;Göteborg;football
7;2026-10-11;10:30;133657;Pojkar 2015(11 år) Grupp C Höst;2;2;6845026;5;/go-to/?fmid=6845026;Floda BoIF 1;https://staticcdn.svenskfotboll.se/img/teamssm/11366.png;7;Lerums IS P15 lila 3;https://staticcdn.svenskfotboll.se/img/teamssm/10756.png;7;-1--1;Flodala IP 4 FRAMTIDEN;Flodala IP;Skallsjö Prästväg 14, 448 31 Floda;Y;57.795503;12.346356;Göteborg;football
1;2026-10-11;10:30;138411;P17 Div.1 2026 B-slutspel Nordvästra Götaland;2;3;6912030;5;/go-to/?fmid=6912030;Utsiktens BK;https://staticcdn.svenskfotboll.se/img/teamssm/9982.png;7;Gunnilse IS;https://staticcdn.svenskfotboll.se/img/teamssm/11237.png;7;0-0;Ruddalen 3 KG;Ruddalen;Anna Östvägen 8, 426 68 Västra Frölunda;Y;57.664609;11.909282;1;football
7;2026-10-11;10:30;133590;Pojkar 2012(14 år) Lätt Grupp C;2;3;6622078;5;/go-to/?fmid=6622078;Ytterby IS Blå;https://staticcdn.svenskfotboll.se/img/teamssm/9832.png;7;Dalen/Krokslätts FF Gul;https://staticcdn.svenskfotboll.se/img/teamssm/9632.png;7;0-0;Ytterns IP 3 konstgräs;Ytterns IP;Ytterby, 442 40 Kungälv;Y;57.869280;11.935196;Göteborg;football
7;2026-10-11;10:45;133795;Flickor 2015(11 år) Grupp B Höst;3;2;6838851;5;/go-to/?fmid=6838851;Azalea BK Orange;https://staticcdn.svenskfotboll.se/img/teamssm/7817.png;7;Askims IK F2015 U11 Svart;https://staticcdn.svenskfotboll.se/img/teamssm/11617.png;7;-1--1;Karl Johans Torg 11;Karl Johans Torg;Karl Johanstorget 1, 414 61 Göteborg;Y;57.694518;11.929255;Göteborg;football
7;2026-10-11;11:00;133677;Pojkar 2016(10 år) Grupp A Höst;2;2;6841454;5;/go-to/?fmid=6841454;Hovås Billdal IF Blå 2016;https://staticcdn.svenskfotboll.se/img/teamssm/11109.png;7;Brämaregårdens FC Svart;https://staticcdn.svenskfotboll.se/img/teamssm/12563.png;7;-1--1;Billdalsvallen 1B;Billdalsvallen;Påls väg, 427 36 Göteborg;Y;57.588232;11.949791;Göteborg;football
21;2026-10-11;11:00;139929;Kval till SvFF:s P16 Div.1 - Grupp D;2;3;6921584;5;/go-to/?fmid=6921584;Bergdalens IK;https://staticcdn.svenskfotboll.se/img/teamssm/11592.png;21;Skene IF;https://staticcdn.svenskfotboll.se/img/teamssm/8655.png;21;0-0;Björkängsvallen, Borås, Konstgräs;Björkängsvallen;Backersgatan 10, 504 57 Borås;Y;57.727601;12.958736;Västergötland;football
21;2026-10-11;11:00;136523;Flickor Div 2 Borås;3;3;6715348;5;/go-to/?fmid=6715348;Brämhults IK;https://staticcdn.svenskfotboll.se/img/teamssm/8727.png;21;Byttorps IF (9:9);https://staticcdn.svenskfotboll.se/img/teamssm/11498.png;21;0-0;Brämhults IP A;Brämhults IP;Gamla Brämhultsvägen, Hässleholmen, Borås, Borås kommun, Västra Götalands län, 507 44, Sverige;Y;57.726346;12.970209;Västergötland;football
21;2026-10-11;11:00;136739;Pojkar Div 8 Ulricehamn;2;3;6724425;5;/go-to/?fmid=6724425;Brämhults IK Svart;https://staticcdn.svenskfotboll.se/img/teamssm/8727.png;21;Södra Vings IF;https://staticcdn.svenskfotboll.se/img/teamssm/10118.png;21;0-0;Brämhults IP B;Brämhults IP;Gamla Brämhultsvägen, Hässleholmen, Borås, Borås kommun, Västra Götalands län, 507 44, Sverige;Y;57.726346;12.970209;Västergötland;football
8;2026-10-11;11:00;139134;F13år Röd B Höst;3;3;6896238;5;/go-to/?fmid=6896238;IF Böljan Falkenberg Vit;https://staticcdn.svenskfotboll.se/img/teamssm/9528.png;8;Apel99;https://staticcdn.svenskfotboll.se/img/teamssm/9474.png;8;0-0;Falkenbergs IP C;Falkenbergs IP;Falkenbergs IP A, Skogsvägen, Kristineslätt, Skrea Strand, Falkenberg, Falkenbergs kommun, Hallands län, 311 45, Sverige;Y;56.897775;12.508271;Halland;football
28;2026-10-11;11:00;135696;BDFF P13-14 Grön Mellersta;2;3;6653030;5;/go-to/?fmid=6653030;Fjällbacka IK;https://staticcdn.svenskfotboll.se/img/teamssm/11373.png;28;Färgelanda IF P13;https://staticcdn.svenskfotboll.se/img/teamssm/11322.png;28;0-0;Fjällbacka IP Fjällbacka;Fjällbacka IP Fjällbacka;Fjällbacka idrottsplats, Kullenvägen, Fjällbacka, Tanums kommun, Västra Götalands län, 450 71, Sverige;Y;58.588392;11.291398;Bohuslän-Dalsland;football
8;2026-10-11;11:00;139378;P14år Röd B Höst;2;3;6887986;5;/go-to/?fmid=6887986;Frillesås FF;https://staticcdn.svenskfotboll.se/img/teamssm/9524.png;8;Stafsinge IF;https://staticcdn.svenskfotboll.se/img/teamssm/9488.png;8;0-0;Frillesås IP B;Frillesås IP;Rya industriväg 39, 439 62 Frillesås;Y;57.322466;12.184797;Halland;football
7;2026-10-11;11:00;133812;Flickor 2016(10 år) Grupp C Höst;3;2;6829955;5;/go-to/?fmid=6829955;Balltorps FF Röd;https://staticcdn.svenskfotboll.se/img/teamssm/8047.png;7;IF Väster;https://staticcdn.svenskfotboll.se/img/teamssm/9861.png;7;-1--1;Förbovallen 11;Förbovallen;Ålegårdsgatan 297, 431 50 Mölndal;Y;57.625892;12.021226;Göteborg;football
8;2026-10-11;11:00;138572;P15 Nordvästra A, höst;2;3;6888617;5;/go-to/?fmid=6888617;Skottorps IF;https://staticcdn.svenskfotboll.se/img/teamssm/10302.png;8;Råå IF vit;https://staticcdn.svenskfotboll.se/img/teamssm/9251.png;14;0-0;Gröningen A;Gröningen;Gröningens väg 1, 312 77 Skottorp;Y;56.449440;12.954590;Halland;football
7;2026-10-11;11:00;133608;Pojkar 2013(13 år) Höst Medel Grupp A;2;3;6828677;5;/go-to/?fmid=6828677;Masthuggets BK 2;https://staticcdn.svenskfotboll.se/img/teamssm/10643.png;7;Marieholm IK Röd;https://staticcdn.svenskfotboll.se/img/teamssm/13640.png;7;0-0;Heden 42 Konstgräs;Heden;Heden, 411 38 Göteborg;Y;57.702854;11.978368;Göteborg;football
21;2026-10-11;11:00;136729;Pojkar Div 8 Alingsås;2;3;6723358;5;/go-to/?fmid=6723358;Töllsjö IF;https://staticcdn.svenskfotboll.se/img/teamssm/10016.png;21;Annelunds IF;https://staticcdn.svenskfotboll.se/img/teamssm/11630.png;21;0-0;Holmängen A-plan;Holmängen;Holmängen, Hälle, Gudhems distrikt, Falköpings kommun, Västra Götalands län, 521 74, Sverige;Y;58.247006;13.570382;Västergötland;football
7;2026-10-11;11:00;133633;Pojkar 2014(12 år) Grupp E Höst;2;2;6843117;5;/go-to/?fmid=6843117;Dalen/Krokslätts FF Gul;https://staticcdn.svenskfotboll.se/img/teamssm/9632.png;7;Västra Frölunda IF Svart;https://staticcdn.svenskfotboll.se/img/teamssm/9853.png;7;-1--1;Krokslättsvallen 12;Krokslättsvallen;Krokslätts Storgata 44, 431 38 Mölndal;Y;57.671326;11.997967;Göteborg;football
28;2026-10-11;11:00;136364;BDFF P13-14 Grön Södra;2;3;6653184;5;/go-to/?fmid=6653184;Sotenäs Fotboll 13-14 år;https://staticcdn.svenskfotboll.se/img/teamssm/10801.png;28;Ödsmåls IK 12/13;https://staticcdn.svenskfotboll.se/img/teamssm/9771.png;28;0-0;Kungshamnsvallen;Kungshamnsvallen;Kungshamnsvallen, Kungsgatan, Bäckevik, Kungshamn, Sotenäs kommun, Västra Götalands län, 456 33, Sverige;Y;58.364123;11.255584;Bohuslän-Dalsland;football
7;2026-10-11;11:00;133615;Pojkar 2013(13 år) Höst Lätt Grupp B;2;3;6828509;5;/go-to/?fmid=6828509;Hermansby IF;https://staticcdn.svenskfotboll.se/img/teamssm/11150.png;7;Gunnilse IS Röd;https://staticcdn.svenskfotboll.se/img/teamssm/11237.png;7;0-0;Kärnavallen 22 Konstgräs;Kärnavallen;Lyckevägen 16, 442 70 Kärna;Y;57.848420;11.786315;Göteborg;football
7;2026-10-11;11:00;133608;Pojkar 2013(13 år) Höst Medel Grupp A;2;3;6828687;5;/go-to/?fmid=6828687;Partille IF FK Röd;https://staticcdn.svenskfotboll.se/img/teamssm/12478.png;7;Floda BoIF Rosa;https://staticcdn.svenskfotboll.se/img/teamssm/11366.png;7;0-0;Lexby 22 Konstgräs;Lexby;Lexbyvägen 4, 433 31 Partille;Y;57.745219;12.123472;Göteborg;football
8;2026-10-11;11:00;136222;P15år;2;3;6598708;5;/go-to/?fmid=6598708;Skrea IF;https://staticcdn.svenskfotboll.se/img/teamssm/9493.png;8;Lilla Träslövs FF;https://staticcdn.svenskfotboll.se/img/teamssm/9502.png;8;0-0;Skrea IP 1;Skrea IP;Skrea, Falkenbergs kommun, Hallands län, 311 70, Sverige;Y;56.888584;12.570495;Halland;football
7;2026-10-11;11:00;133591;Pojkar 2012(14 år) Lätt Grupp D;2;3;6620987;5;/go-to/?fmid=6620987;Fässbergs IF Lila;https://staticcdn.svenskfotboll.se/img/teamssm/9620.png;7;Qviding FIF 3;https://staticcdn.svenskfotboll.se/img/teamssm/8089.png;7;0-0;Åbyvallen 2 Konstgräs;Åbyvallen;Idrottsvägen 5, 431 62 Mölndal;Y;57.645363;12.002082;Göteborg;football
7;2026-10-11;11:30;133677;Pojkar 2016(10 år) Grupp A Höst;2;2;6841457;5;/go-to/?fmid=6841457;Kållered SK Blå P16;https://staticcdn.svenskfotboll.se/img/teamssm/10787.png;7;Lekstorps IF P16 Vit;https://staticcdn.svenskfotboll.se/img/teamssm/10760.png;7;-1--1;Kållered Sportcenter 11;Kållered Sportcenter;Tulebovägen 17, 428 34 Kållered;Y;57.611466;12.075548;Göteborg;football
7;2026-10-11;11:30;133677;Pojkar 2016(10 år) Grupp A Höst;2;2;6841458;5;/go-to/?fmid=6841458;Kållered SK Vit P16;https://staticcdn.svenskfotboll.se/img/teamssm/10787.png;7;Lekstorps IF P16 Grön;https://staticcdn.svenskfotboll.se/img/teamssm/10760.png;7;-1--1;Kållered Sportcenter 12;Kållered Sportcenter;Tulebovägen 17, 428 34 Kållered;Y;57.611466;12.075548;Göteborg;football
7;2026-10-11;11:30;133525;Junior Pojkar Div 2B;2;3;6542887;5;/go-to/?fmid=6542887;Lindome GIF;https://staticcdn.svenskfotboll.se/img/teamssm/10741.png;7;IF Mölndal Fotboll;https://staticcdn.svenskfotboll.se/img/teamssm/9569.png;7;0-0;Lindevi IP 1 Konstgräs;Lindevi IP;Hällesåkersvägen 5, 437 91 Lindome;Y;57.585286;12.108877;Göteborg;football
7;2026-10-11;11:30;133677;Pojkar 2016(10 år) Grupp A Höst;2;2;6841451;5;/go-to/?fmid=6841451;IK Kongahälla Vit;https://staticcdn.svenskfotboll.se/img/teamssm/9590.png;7;Ytterby IS P2016 Blå Ytterby IS P2016 Blå;https://staticcdn.svenskfotboll.se/img/teamssm/9832.png;7;-1--1;Munkegärdesplan 21 Konstgräs;Munkegärdesplan;Räfsalsvägen 11, 442 42 Kungälv;Y;57.890004;11.967916;Göteborg;football
7;2026-10-11;11:30;133677;Pojkar 2016(10 år) Grupp A Höst;2;2;6841452;5;/go-to/?fmid=6841452;IK Kongahälla Röd;https://staticcdn.svenskfotboll.se/img/teamssm/9590.png;7;Ytterby IS P2016 Röd Ytterby IS P2016 Röd;https://staticcdn.svenskfotboll.se/img/teamssm/9832.png;7;-1--1;Munkegärdesplan 22 Konstgräs;Munkegärdesplan;Räfsalsvägen 11, 442 42 Kungälv;Y;57.890004;11.967916;Göteborg;football
7;2026-10-11;11:30;133763;Flickor 2012-2013 Liten 9M9 Lätt Gr. A Höst;3;3;6828304;5;/go-to/?fmid=6828304;Ahlafors/Nol;https://staticcdn.svenskfotboll.se/img/teamssm/11662.png;7;IF Warta;https://staticcdn.svenskfotboll.se/img/teamssm/9841.png;7;0-0;Svenska Stenhus Arena 4;Sjövallen IP;Sjövallavägen 111, 449 50 Alafors;Y;57.915942;12.107763;Göteborg;football
7;2026-10-11;11:30;133613;Pojkar 2013(13 år) Höst Medel Grupp B;2;3;6828733;5;/go-to/?fmid=6828733;Lerums IS P13V/M;https://staticcdn.svenskfotboll.se/img/teamssm/10756.png;7;Lundby IF Vit;https://staticcdn.svenskfotboll.se/img/teamssm/11776.png;7;0-0;Spinnarvallen / B-plan / Halva-A;Spinnarvallen;Tollereds Ströms väg 4, 448 50 Tollered;Y;57.814494;12.424245;Göteborg;football
7;2026-10-11;12:00;133760;Flickor 2012-2013 Liten 9M9 Medel Gr. A Höst;3;3;6828210;5;/go-to/?fmid=6828210;Kungsladugårds BK Röd;https://staticcdn.svenskfotboll.se/img/teamssm/10799.png;7;Solängens BK F-13 2;https://staticcdn.svenskfotboll.se/img/teamssm/9548.png;7;0-0;Apelsinplan 21 Konstgräs;Apelsinplan;Apelsingatan 6, 426 54 Västra Frölunda;Y;57.655054;11.882940;Göteborg;football
7;2026-10-11;12:00;133615;Pojkar 2013(13 år) Höst Lätt Grupp B;2;3;6828510;5;/go-to/?fmid=6828510;Hisingsbacka FC Svart;https://staticcdn.svenskfotboll.se/img/teamssm/11138.png;7;Azalea BK Vit;https://staticcdn.svenskfotboll.se/img/teamssm/7817.png;7;0-0;Backavallen 21(Gratts Arena);Backavallen;Wadköpingsgatan 153, 422 51 Hisings Backa;Y;57.745322;11.967003;Göteborg;football
7;2026-10-11;12:00;133614;Pojkar 2013(13 år) Höst Svår Grupp A;2;3;6828825;5;/go-to/?fmid=6828825;GoldCoast FC Gul;https://staticcdn.svenskfotboll.se/img/teamssm/13374.png;7;Kärra KIF Blå;https://staticcdn.svenskfotboll.se/img/teamssm/10780.png;7;0-0;Bergsjövallen 21 Konstgräs;Bergsjövallen;Sjustjärnan 20, 415 51 Göteborg;Y;57.750377;12.057010;Göteborg;football
7;2026-10-11;12:00;133677;Pojkar 2016(10 år) Grupp A Höst;2;2;6841464;5;/go-to/?fmid=6841464;Brämaregårdens FC;https://staticcdn.svenskfotboll.se/img/teamssm/12563.png;7;Älvängens IK P16 vit;https://staticcdn.svenskfotboll.se/img/teamssm/9783.png;7;-1--1;Blidvädersplan 12;Blidvädersplan;Ovädersgatan 1A, 418 34 Göteborg;Y;57.707987;11.887592;Göteborg;football
7;2026-10-11;12:00;133615;Pojkar 2013(13 år) Höst Lätt Grupp B;2;3;6828508;5;/go-to/?fmid=6828508;Lundby IF Svart;https://staticcdn.svenskfotboll.se/img/teamssm/11776.png;7;IK Kongahälla Röd;https://staticcdn.svenskfotboll.se/img/teamssm/9590.png;7;0-0;Fjärdingsplan 11 KG;Fjärdingsplan;Lantmätaregatan 21, 417 06 Göteborg;Y;57.724197;11.939560;Göteborg;football
7;2026-10-11;12:00;133767;Flickor 2012-2013 Stor 9M9 Lätt Gr. C Höst;3;3;6828056;5;/go-to/?fmid=6828056;Floda BoIF Blå;https://staticcdn.svenskfotboll.se/img/teamssm/11366.png;7;Surte/Ahlafors;https://staticcdn.svenskfotboll.se/img/teamssm/12036.png;7;0-0;Flodala IP C-plan;Flodala IP;Skallsjö Prästväg 14, 448 31 Floda;Y;57.795503;12.346356;Göteborg;football
7;2026-10-11;12:00;133810;Flickor 2016(10 år) Grupp A Höst;3;2;6832860;5;/go-to/?fmid=6832860;Floda BoIF Svart;https://staticcdn.svenskfotboll.se/img/teamssm/11366.png;7;IFK Hindås F16/17;https://staticcdn.svenskfotboll.se/img/teamssm/11008.png;7;-1--1;Flodala IP 4 FRAMTIDEN;Flodala IP;Skallsjö Prästväg 14, 448 31 Floda;Y;57.795503;12.346356;Göteborg;football
7;2026-10-11;12:00;133587;Pojkar 2012(14 år) Medel Grupp B;2;3;6621343;5;/go-to/?fmid=6621343;Azalea BK Orange;https://staticcdn.svenskfotboll.se/img/teamssm/7817.png;7;Backatorp IF Svart;https://staticcdn.svenskfotboll.se/img/teamssm/11915.png;7;0-0;Gröna Vallen 1;Gröna Vallen;Gröna Vallen, Svanebäcksgatan 16, 414 71 Göteborg;Y;57.687961;11.917564;Göteborg;football
7;2026-10-11;12:00;133589;Pojkar 2012(14 år) Lätt Grupp B;2;3;6621902;5;/go-to/?fmid=6621902;Mossens BK Gul;https://staticcdn.svenskfotboll.se/img/teamssm/9571.png;7;Älvsborg FF Svart;https://staticcdn.svenskfotboll.se/img/teamssm/9622.png;7;0-0;Guldheden Södra 1 Konstgräs;Guldheden Södra;Gibraltargatan 41, 412 58 Göteborg;Y;57.681136;11.982964;Göteborg;football
7;2026-10-11;12:00;133760;Flickor 2012-2013 Liten 9M9 Medel Gr. A Höst;3;3;6828206;5;/go-to/?fmid=6828206;Qviding FIF 2;https://staticcdn.svenskfotboll.se/img/teamssm/8089.png;7;Lundby IF;https://staticcdn.svenskfotboll.se/img/teamssm/11776.png;7;0-0;Härlanda 21;Härlanda Park;Härlanda Park 6B, 416 52 Göteborg;Y;57.716492;12.017055;Göteborg;football
1;2026-10-11;12:00;129333;P19 Div.1 2026 Västra Götaland;2;3;6585880;5;/go-to/?fmid=6585880;Onsala BK;https://staticcdn.svenskfotboll.se/img/teamssm/10495.png;8;IK Oddevold;https://staticcdn.svenskfotboll.se/img/teamssm/10500.png;28;0-0;Kaparevallen;Kaparevallen;Håkullavägen 43, 439 91 Onsala;Y;57.414147;12.014084;1;football
7;2026-10-11;12:00;133764;Flickor 2012-2013 Liten 9M9 Lätt Gr. B Höst;3;3;6828257;5;/go-to/?fmid=6828257;Kareby IS F13;https://staticcdn.svenskfotboll.se/img/teamssm/10872.png;7;Ytterby IS Röd 2013;https://staticcdn.svenskfotboll.se/img/teamssm/9832.png;7;0-0;Kareby Hed 11;Kareby Hed;442 46 Kareby;Y;57.903192;11.928436;Göteborg;football
7;2026-10-11;12:00;133589;Pojkar 2012(14 år) Lätt Grupp B;2;3;6621965;5;/go-to/?fmid=6621965;Kärra KIF Svart;https://staticcdn.svenskfotboll.se/img/teamssm/10780.png;7;Hovås Billdal IF Blå;https://staticcdn.svenskfotboll.se/img/teamssm/11109.png;7;0-0;Klarebergsvallen 2 Konstgräs;Klarebergsvallen;Burmans Gata 3, 425 33 Hisings Kärra;Y;57.798761;11.987168;Göteborg;football
21;2026-10-11;12:00;136664;Pojkar Div 6 Borås;2;3;6721623;5;/go-to/?fmid=6721623;Kronängs IF;https://staticcdn.svenskfotboll.se/img/teamssm/8688.png;21;Mariedals IK Blå;https://staticcdn.svenskfotboll.se/img/teamssm/10652.png;21;0-0;Kronäng Arena Konstgräs 2;Kronäng Arena;Schaktgatan 1, 504 41 Borås;Y;57.696516;12.931606;Västergötland;football
7;2026-10-11;12:00;133614;Pojkar 2013(13 år) Höst Svår Grupp A;2;3;6828823;5;/go-to/?fmid=6828823;IFK Göteborg;https://staticcdn.svenskfotboll.se/img/teamssm/11012.png;7;Sävedalens IF Svart;https://staticcdn.svenskfotboll.se/img/teamssm/9545.png;7;0-0;Kviberg 6 KG;Kviberg;Luftvärnsvägen, 415 06 Göteborg;Y;57.737550;12.038540;Göteborg;football
7;2026-10-11;12:00;138261;Pojkar 2013(13 år) Höst Medel Grupp F;2;3;6828961;5;/go-to/?fmid=6828961;Espanyol Göteborg IF;https://staticcdn.svenskfotboll.se/img/teamssm/13418.png;7;Sandarna BK Röd;https://staticcdn.svenskfotboll.se/img/teamssm/10367.png;7;0-0;Kviberg 51;Kviberg;Luftvärnsvägen, 415 06 Göteborg;Y;57.737550;12.038540;Göteborg;football
7;2026-10-11;12:00;133765;Flickor 2012-2013 Liten 9M9 Lätt Gr. C Höst;3;3;6829090;5;/go-to/?fmid=6829090;Utbynäs SK F13 Gul;https://staticcdn.svenskfotboll.se/img/teamssm/9983.png;7;Askims IK Svart;https://staticcdn.svenskfotboll.se/img/teamssm/11617.png;7;0-0;Lemmingvallen 21 Konstgräs;Lemmingvallen;Lemmingsgatan 5, 415 07 Göteborg;Y;57.734850;12.052148;Göteborg;football
7;2026-10-11;12:00;133764;Flickor 2012-2013 Liten 9M9 Lätt Gr. B Höst;3;3;6828258;5;/go-to/?fmid=6828258;Azalea BK;https://staticcdn.svenskfotboll.se/img/teamssm/7817.png;7;Näsets SK grön;https://staticcdn.svenskfotboll.se/img/teamssm/10510.png;7;0-0;Majvallen 11 Konstgräs;Majvallen;Ekedalsgatan 20, 414 68 Göteborg;Y;57.689370;11.936171;Göteborg;football
1;2026-10-11;12:00;138417;P16 Div.1 2026 B-slutspel Västra Götaland;2;3;6912000;5;/go-to/?fmid=6912000;Mölnlycke IS Ungdom;https://staticcdn.svenskfotboll.se/img/teamssm/13695.png;7;Laholms FK;https://staticcdn.svenskfotboll.se/img/teamssm/9504.png;8;0-0;Mölnlycke IP;Mölnlycke IP;Idrottsgatan 1, 435 35 Mölnlycke;Y;57.660896;12.119026;1;football
7;2026-10-11;12:00;133590;Pojkar 2012(14 år) Lätt Grupp C;2;3;6622076;5;/go-to/?fmid=6622076;Ale United;https://staticcdn.svenskfotboll.se/img/teamssm/10573.png;7;Lindome GIF vit;https://staticcdn.svenskfotboll.se/img/teamssm/10741.png;7;0-0;Nolängens IP 9M9 Konstgräs;Nolängens IP;Gallåsvägen 4, 449 40 Nol;Y;57.908182;12.066376;Göteborg;football
7;2026-10-11;12:00;138257;Junior Flickor Div 3 Höst;3;3;6827592;5;/go-to/?fmid=6827592;Öckerö IF Damjunior;https://staticcdn.svenskfotboll.se/img/teamssm/9774.png;7;Näsets SK DJ 3;https://staticcdn.svenskfotboll.se/img/teamssm/10510.png;7;0-0;Prästängen 1 Konstgräs;Prästängen;PRÄSTÄNGEN 1, 475 31 Öckerö;Y;57.717030;11.641158;Göteborg;football
7;2026-10-11;12:00;133677;Pojkar 2016(10 år) Grupp A Höst;2;2;6841461;5;/go-to/?fmid=6841461;Öjersjö IF P16 blå;https://staticcdn.svenskfotboll.se/img/teamssm/7552.png;7;Masthuggets BK Röd;https://staticcdn.svenskfotboll.se/img/teamssm/10643.png;7;-1--1;Storegård;Storegård;Ekeblads väg, 433 51 Öjersjö;Y;57.702225;12.142051;Göteborg;football
8;2026-10-11;12:00;136546;F12år Blå;3;2;6711746;3;/go-to/?fmid=6711746;BK Astrio svart;https://staticcdn.svenskfotboll.se/img/teamssm/9529.png;8;Tölö IF Svart;https://staticcdn.svenskfotboll.se/img/teamssm/10015.png;8;-1--1;Söndrums IP E;Söndrums IP;Söndrums Idrottsplats, Bäckagårdsvägen, Pålsbo, Bäckagård, Halmstad, Halmstads kommun, Hallands län, 302 91, Sverige;Y;56.670271;12.797138;Halland;football
7;2026-10-11;12:00;133586;Pojkar 2012(14 år) Svår Grupp A;2;3;6622168;5;/go-to/?fmid=6622168;Torslanda IK Lag 1;https://staticcdn.svenskfotboll.se/img/teamssm/10068.png;7;BK Häcken P14A;https://staticcdn.svenskfotboll.se/img/teamssm/11080.png;7;0-0;Torslandavallen 2 Konstgräs;Torslandavallen;Torslanda Idrottsväg 17, 423 32 Torslanda;Y;57.718280;11.757490;Göteborg;football
7;2026-10-11;12:00;138261;Pojkar 2013(13 år) Höst Medel Grupp F;2;3;6828960;5;/go-to/?fmid=6828960;Finlandia Pallo AIF Vit;https://staticcdn.svenskfotboll.se/img/teamssm/7939.png;7;Landvetter IS Vit P2013;https://staticcdn.svenskfotboll.se/img/teamssm/10768.png;7;0-0;Tuvevallen 22 Konstgräs;Tuvevallen;Tuvevallen, 417 45 Göteborg;Y;57.750937;11.915436;Göteborg;football
7;2026-10-11;12:00;133591;Pojkar 2012(14 år) Lätt Grupp D;2;3;6620988;5;/go-to/?fmid=6620988;Nödinge SK Fotboll Vit;https://staticcdn.svenskfotboll.se/img/teamssm/10503.png;7;BK Häcken Gul;https://staticcdn.svenskfotboll.se/img/teamssm/11080.png;7;0-0;Vimmervi 2 Konstgräs;Vimmervi;Gamla Kilandavägen 62, 449 36 Nödinge;Y;57.886226;12.080329;Göteborg;football
7;2026-10-11;12:00;138259;Pojkar 2013(13 år) Höst Lätt Grupp E;2;3;6828642;5;/go-to/?fmid=6828642;Ytterby IS Röd;https://staticcdn.svenskfotboll.se/img/teamssm/9832.png;7;Mossens BK Blå;https://staticcdn.svenskfotboll.se/img/teamssm/9571.png;7;0-0;Ytterns IP 32;Ytterns IP;Ytterby, 442 40 Kungälv;Y;57.869280;11.935196;Göteborg;football
1;2026-10-11;12:00;131966;Div 1 Södra, dam 2026;3;4;6545779;5;/go-to/?fmid=6545779;Örgryte IS Fotboll;https://staticcdn.svenskfotboll.se/img/teamssm/12910.png;7;Alingsås KIK;https://staticcdn.svenskfotboll.se/img/teamssm/8345.png;21;0-0;Hammarviken Arena;ÖIS-gården;Korndalsvägen 3, 412 76 Göteborg;Y;57.675233;12.028495;1;football
7;2026-10-11;12:00;138261;Pojkar 2013(13 år) Höst Medel Grupp F;2;3;6828962;5;/go-to/?fmid=6828962;Örgryte IS Fotboll Röd;https://staticcdn.svenskfotboll.se/img/teamssm/12910.png;7;Bergsjö IF P2013;https://staticcdn.svenskfotboll.se/img/teamssm/11586.png;7;0-0;ÖIS-gården 21;ÖIS-gården;Korndalsvägen 3, 412 76 Göteborg;Y;57.675233;12.028495;Göteborg;football
7;2026-10-11;12:00;133570;Pojkar 2009-2010(16-17 år) Svår Grupp A;2;3;6601907;5;/go-to/?fmid=6601907;Öjersjö IF U17;https://staticcdn.svenskfotboll.se/img/teamssm/7552.png;7;Nödinge SK Fotboll Blå;https://staticcdn.svenskfotboll.se/img/teamssm/10503.png;7;0-0;Öjersjö IP 1 Konstgräs;Öjersjö IP;Tallmossevägen 9, 433 50 Öjersjö;Y;57.702889;12.149245;Göteborg;football
7;2026-10-11;12:00;133616;Pojkar 2013(13 år) Höst Lätt Grupp C;2;3;6828551;5;/go-to/?fmid=6828551;Lunden Överås BK Grön;https://staticcdn.svenskfotboll.se/img/teamssm/10705.png;7;Landvetter IS Röd P2013;https://staticcdn.svenskfotboll.se/img/teamssm/10768.png;7;0-0;Överåsvallen 12 Konstgräs;Överåsvallen;Skogshyddegatan 16, 412 74 Göteborg;Y;57.707876;12.002439;Göteborg;football
7;2026-10-11;12:00;138259;Pojkar 2013(13 år) Höst Lätt Grupp E;2;3;6828645;5;/go-to/?fmid=6828645;Lunden Överås BK Svart;https://staticcdn.svenskfotboll.se/img/teamssm/10705.png;7;Bergums IF P-13 2;https://staticcdn.svenskfotboll.se/img/teamssm/11584.png;7;0-0;Överåsvallen 11 Konstgräs;Överåsvallen;Skogshyddegatan 16, 412 74 Göteborg;Y;57.707876;12.002439;Göteborg;football
7;2026-10-11;12:15;133677;Pojkar 2016(10 år) Grupp A Höst;2;2;6841453;5;/go-to/?fmid=6841453;Hovås Billdal IF 2016 röd;https://staticcdn.svenskfotboll.se/img/teamssm/11109.png;7;Brämaregårdens FC Orange;https://staticcdn.svenskfotboll.se/img/teamssm/12563.png;7;-1--1;Billdalsvallen 1B;Billdalsvallen;Påls väg, 427 36 Göteborg;Y;57.588232;11.949791;Göteborg;football
7;2026-10-11;12:15;133150;Division 5A Herr;2;4;6532427;5;/go-to/?fmid=6532427;Vatra KIF;https://staticcdn.svenskfotboll.se/img/teamssm/13171.png;7;Hermansby IF;https://staticcdn.svenskfotboll.se/img/teamssm/11150.png;7;0-0;Gunnaredsplan 1 Konstgräs;Gunnaredsplan;Gunnaredsvallen 4, 413 22 Göteborg;Y;57.800277;12.065439;Göteborg;football
7;2026-10-11;12:15;133150;Division 5A Herr;2;4;6532424;5;/go-to/?fmid=6532424;Riyyo Atletic FC;https://staticcdn.svenskfotboll.se/img/teamssm/13557.png;7;Kärra KIF;https://staticcdn.svenskfotboll.se/img/teamssm/10780.png;7;0-0;Bläsebovallen 1 Konstgräs;Hjällbovallen;Knattens väg 12, 424 32 Angered;N;57.777950;12.017062;Göteborg;football
1;2026-10-11;12:15;129333;P19 Div.1 2026 Västra Götaland;2;3;6585862;5;/go-to/?fmid=6585862;Qviding FIF;https://staticcdn.svenskfotboll.se/img/teamssm/8089.png;7;Herrestads AIF;https://staticcdn.svenskfotboll.se/img/teamssm/11149.png;28;0-0;Härlanda Park 1 Konstgräs;Härlanda Park;Härlanda Park 6B, 416 52 Göteborg;Y;57.716492;12.017055;1;football
7;2026-10-11;12:15;133150;Division 5A Herr;2;4;6532426;5;/go-to/?fmid=6532426;Hönö IS;https://staticcdn.svenskfotboll.se/img/teamssm/11038.png;7;Marstrands BK;https://staticcdn.svenskfotboll.se/img/teamssm/13415.png;7;0-0;Hönö Arena 1;Hönö Arena;Lindblomsvägen 30, 475 42 Hönö;Y;57.687870;11.652948;Göteborg;football
7;2026-10-11;12:15;133150;Division 5A Herr;2;4;6532423;5;/go-to/?fmid=6532423;Eriksbergs IF;https://staticcdn.svenskfotboll.se/img/teamssm/9629.png;7;Surte IS FK;https://staticcdn.svenskfotboll.se/img/teamssm/12036.png;7;0-0;Krokängsplan 1 Konstgräs;Krokängsplan;Säterigatan 15, 417 69 Göteborg;Y;57.702920;11.910432;Göteborg;football
7;2026-10-11;12:15;133150;Division 5A Herr;2;4;6532428;5;/go-to/?fmid=6532428;Romelanda UF;https://staticcdn.svenskfotboll.se/img/teamssm/10427.png;7;IF Warta;https://staticcdn.svenskfotboll.se/img/teamssm/9841.png;7;0-0;Romevi 3 Konstgräs;Romevi;Hög 130, 442 92 Romelanda;Y;57.937642;12.038425;Göteborg;football
7;2026-10-11;12:15;133150;Division 5A Herr;2;4;6532425;5;/go-to/?fmid=6532425;Älvängens IK;https://staticcdn.svenskfotboll.se/img/teamssm/9783.png;7;Lundby IF;https://staticcdn.svenskfotboll.se/img/teamssm/11776.png;7;0-0;Älvevi 2 Konstgräs;Älvevi;Hövägen 23, 446 32 Älvängen;Y;57.954092;12.123567;Göteborg;football
7;2026-10-11;12:30;133812;Flickor 2016(10 år) Grupp C Höst;3;2;6829950;5;/go-to/?fmid=6829950;IK Zenith F2016 Blå;https://staticcdn.svenskfotboll.se/img/teamssm/9829.png;7;Balltorps FF Röd;https://staticcdn.svenskfotboll.se/img/teamssm/8047.png;7;-1--1;Hovgårdsvallen 21 Konstgräs(Bjurforsplanen);Hovgårdsvallen;Gamla Lillebyvägen 1, 432 00 Torslanda;Y;57.751235;11.827376;Göteborg;football
7;2026-10-11;12:45;133679;Pojkar 2016(10 år) Grupp C Höst;2;2;6842374;5;/go-to/?fmid=6842374;Kungsladugårds BK Vit;https://staticcdn.svenskfotboll.se/img/teamssm/10799.png;7;SG Ruddalen IF P16 Gul;https://staticcdn.svenskfotboll.se/img/teamssm/11284.png;7;-1--1;Sjöbaren Arena;Apelsinplan;Apelsingatan 6, 426 54 Västra Frölunda;Y;57.655054;11.882940;Göteborg;football
21;2026-10-11;12:45;140198;Herrar, Kval till Div 5 - Grupp 4;2;4;6922032;5;/go-to/?fmid=6922032;Horreds IF;https://staticcdn.svenskfotboll.se/img/teamssm/8701.png;21;Trässbergs BK;https://staticcdn.svenskfotboll.se/img/teamssm/8637.png;21;0-0;Örby IP B;Örby IP;Öresjövägen 17, 511 31 Örby;Y;57.475963;12.707193;Västergötland;football
1;2026-10-11;13:00;133297;F17 Div.1 2026 - Götaland Norra;3;3;6590953;5;/go-to/?fmid=6590953;IF Elfsborg;https://staticcdn.svenskfotboll.se/img/teamssm/11429.png;21;Ytterby IS;https://staticcdn.svenskfotboll.se/img/teamssm/9832.png;7;0-0;Borås Arena 2 konstgräs;Borås Arena;Borås Arena, Ålgårdsvägen 16, 506 30 Borås;Y;57.734400;12.934766;1;football
7;2026-10-11;13:00;133810;Flickor 2016(10 år) Grupp A Höst;3;2;6832861;5;/go-to/?fmid=6832861;Floda BoIF Vit;https://staticcdn.svenskfotboll.se/img/teamssm/11366.png;7;Kungälvs FF;https://staticcdn.svenskfotboll.se/img/teamssm/8050.png;7;-1--1;Flodala IP 4 FRAMTIDEN;Flodala IP;Skallsjö Prästväg 14, 448 31 Floda;Y;57.795503;12.346356;Göteborg;football
7;2026-10-11;13:00;133685;Pojkar 2016(10 år) Grupp I Höst;2;2;6907895;5;/go-to/?fmid=6907895;Floda BoIF P16;https://staticcdn.svenskfotboll.se/img/teamssm/11366.png;7;Lerums IS Vit 1;https://staticcdn.svenskfotboll.se/img/teamssm/10756.png;7;-1--1;Flodala IP 32 KG;Flodala IP;Skallsjö Prästväg 14, 448 31 Floda;Y;57.795503;12.346356;Göteborg;football
7;2026-10-11;13:00;133765;Flickor 2012-2013 Liten 9M9 Lätt Gr. C Höst;3;3;6829095;5;/go-to/?fmid=6829095;IK Zenith F2013 Grön;https://staticcdn.svenskfotboll.se/img/teamssm/9829.png;7;Kungsladugårds BK Vit;https://staticcdn.svenskfotboll.se/img/teamssm/10799.png;7;0-0;Hovgårdsvallen 22 Konstgräs(Bjurforsplanen);Hovgårdsvallen;Gamla Lillebyvägen 1, 432 00 Torslanda;Y;57.751235;11.827376;Göteborg;football
1;2026-10-11;13:00;138409;P17 Div.1 2026 A-slutspel Norra Götaland;2;3;6911842;5;/go-to/?fmid=6911842;Falkenbergs FF;https://staticcdn.svenskfotboll.se/img/teamssm/9525.png;8;Åtvidabergs FF;https://staticcdn.svenskfotboll.se/img/teamssm/8511.png;24;0-0;Kristineslätt IP 5;Kristineslätt IP;Kristineslätt, Skrea Strand, Falkenberg, Falkenbergs kommun, Hallands län, 311 41, Sverige;Y;56.891601;12.514593;1;football
7;2026-10-11;13:00;133781;Flickor 2014(12 år) Grupp D Höst;3;2;6835499;5;/go-to/?fmid=6835499;Utbynäs SK Blå;https://staticcdn.svenskfotboll.se/img/teamssm/9983.png;7;Öjersjö IF Svart;https://staticcdn.svenskfotboll.se/img/teamssm/7552.png;7;-1--1;Kviberg 1 konstgräs;Kviberg;Luftvärnsvägen, 415 06 Göteborg;Y;57.737550;12.038540;Göteborg;football
1;2026-10-11;13:00;133297;F17 Div.1 2026 - Götaland Norra;3;3;6590955;5;/go-to/?fmid=6590955;Lerums IS;https://staticcdn.svenskfotboll.se/img/teamssm/10756.png;7;Vallens IF;https://staticcdn.svenskfotboll.se/img/teamssm/8496.png;28;0-0;LP - Idrottspark A - plan;LP - Idrottspark;LP Idrottspark, Sportvägen 7, 443 40 Gråbo;Y;57.841028;12.289142;1;football
1;2026-10-11;13:00;133297;F17 Div.1 2026 - Götaland Norra;3;3;6590954;5;/go-to/?fmid=6590954;Ulricehamns IFK;https://staticcdn.svenskfotboll.se/img/teamssm/7738.png;21;Bankeryds SK;https://staticcdn.svenskfotboll.se/img/teamssm/11602.png;15;0-0;Lassalyckan A-plan konstgräs;Lassalyckan;Lassalyckan, Ulricehamns distrikt, Ulricehamn, Ulricehamns kommun, Västra Götalands län, 523 33, Sverige;Y;57.785778;13.436509;1;football
7;2026-10-11;13:00;133742;Flickor 2011 Regional;3;3;6597837;5;/go-to/?fmid=6597837;Junior Lions FootballClub F15-A;https://staticcdn.svenskfotboll.se/img/teamssm/13588.png;21;Näsets SK F2011;https://staticcdn.svenskfotboll.se/img/teamssm/10510.png;7;0-0;Sjöbo Arena A;Sjöbo Arena;Barnhemsgatan 71, 506 48 Borås;Y;57.755358;12.938517;Göteborg;football
1;2026-10-11;13:00;138409;P17 Div.1 2026 A-slutspel Norra Götaland;2;3;6911841;5;/go-to/?fmid=6911841;Ljungskile SK Herrfotboll;https://staticcdn.svenskfotboll.se/img/teamssm/13211.png;28;Jonsereds IF;https://staticcdn.svenskfotboll.se/img/teamssm/9595.png;7;0-0;Skarsjövallen Konstgräs;Skarsjövallen;Skarsjövallen, Skarsjövägen, Ljungskile, Ljungs distrikt, Uddevalla kommun, Västra Götalands län, 459 30, Sverige;Y;58.216505;11.945076;1;football
7;2026-10-11;13:00;133152;Division 6A Herr;2;4;6532696;5;/go-to/?fmid=6532696;Tollereds IF;https://staticcdn.svenskfotboll.se/img/teamssm/10081.png;7;Bergsjö IF;https://staticcdn.svenskfotboll.se/img/teamssm/11586.png;7;0-0;Spinnarvallen 1 Gräs;Spinnarvallen;Tollereds Ströms väg 4, 448 50 Tollered;Y;57.814494;12.424245;Göteborg;football
7;2026-10-11;13:00;133765;Flickor 2012-2013 Liten 9M9 Lätt Gr. C Höst;3;3;6829091;5;/go-to/?fmid=6829091;Lekstorps IF F13;https://staticcdn.svenskfotboll.se/img/teamssm/10760.png;7;Qviding FIF 1;https://staticcdn.svenskfotboll.se/img/teamssm/8089.png;7;0-0;Stenkullens IP 21 KG;Stenkullens IP;Granitvägen 3, 443 61 Stenkullen;Y;57.795326;12.310226;Göteborg;football
21;2026-10-11;13:00;140196;Herrar, Kval till Div 5 - Grupp 1;2;4;6922016;5;/go-to/?fmid=6922016;FC Skövde;https://staticcdn.svenskfotboll.se/img/teamssm/12857.png;21;Annelunds IF;https://staticcdn.svenskfotboll.se/img/teamssm/11630.png;21;0-0;Södermalms IP A;Södermalms IP;Södermalms idrottsplats, Skaraborgsgatan, Södermalm, Skövde, Skövde kommun, Västra Götalands län, 541 52, Sverige;Y;58.378431;13.840427;Västergötland;football
7;2026-10-11;13:00;133785;Flickor 2014(12 år) Grupp B Höst;3;2;6834863;5;/go-to/?fmid=6834863;Torslanda IK Blå;https://staticcdn.svenskfotboll.se/img/teamssm/10068.png;7;Kode IF 1;https://staticcdn.svenskfotboll.se/img/teamssm/10828.png;7;-1--1;Torslandavallen 3 Konstgräs 7M7;Torslandavallen;Torslanda Idrottsväg 17, 423 32 Torslanda;Y;57.718280;11.757490;Göteborg;football
1;2026-10-11;13:00;133339;Ettan Södra, herr 2026;2;4;6538148;5;/go-to/?fmid=6538148;Utsikten;https://staticcdn.svenskfotboll.se/img/teamssm/13294.png;7;Ängelholms FF;https://staticcdn.svenskfotboll.se/img/teamssm/9190.png;14;0-0;Valhalla 1 Konstgräs;Valhalla;Valhallagatan 6, 412 51 Göteborg;Y;57.701605;11.991324;1;football
1;2026-10-11;13:00;131959;Div 2 Västra Götaland, herr 2026;2;4;6547605;5;/go-to/?fmid=6547605;Västra Frölunda IF;https://staticcdn.svenskfotboll.se/img/teamssm/9853.png;7;Torslanda IK;https://staticcdn.svenskfotboll.se/img/teamssm/10068.png;7;0-0;Välen 1 Konstgräs;Välen;Klubbvägen 20, 421 47 Västra Frölunda;Y;57.642584;11.919773;1;football
7;2026-10-11;13:00;133761;Flickor 2012-2013 Stor 9M9 Svår Höst;3;3;6827817;5;/go-to/?fmid=6827817;Jitex BK;https://staticcdn.svenskfotboll.se/img/teamssm/7516.png;7;Jonsereds IF Lag 1;https://staticcdn.svenskfotboll.se/img/teamssm/9595.png;7;0-0;Åbyvallen 2 Konstgräs;Åbyvallen;Idrottsvägen 5, 431 62 Mölndal;Y;57.645363;12.002082;Göteborg;football
7;2026-10-11;13:00;133527;Junior Pojkar Div 2A;2;3;6538459;5;/go-to/?fmid=6538459;Näsets SK U19;https://staticcdn.svenskfotboll.se/img/teamssm/10510.png;7;Floda BoIF HJ;https://staticcdn.svenskfotboll.se/img/teamssm/11366.png;7;0-0;Näset Yuncture Arena;Åkeredsvallen;Bergsätersgatan 1, 421 66 Västra Frölunda;Y;57.631456;11.900982;Göteborg;football
8;2026-10-11;13:00;137297;Nivå 2 Mellersta Herrar;2;4;6746369;5;/go-to/?fmid=6746369;Tvååkers IF U;https://staticcdn.svenskfotboll.se/img/teamssm/9483.png;8;IF Norvalla;https://staticcdn.svenskfotboll.se/img/teamssm/9499.png;8;0-0;Övrevi C;Övrevi;Övrevi idrottsplats, N 760, Stenen, Övreby, Tvååker, Varbergs kommun, Hallands län, 432 78, Sverige;Y;57.046115;12.379083;Halland;football
7;2026-10-11;13:15;133763;Flickor 2012-2013 Liten 9M9 Lätt Gr. A Höst;3;3;6828302;5;/go-to/?fmid=6828302;Södra Skärgårdens IK;https://staticcdn.svenskfotboll.se/img/teamssm/9631.png;7;IK Kongahälla F12/13;https://staticcdn.svenskfotboll.se/img/teamssm/9590.png;7;0-0;Donsövallen 11;Donsövallen;Donsövallen, Lurkenvägen 2, 430 82 Donsö;Y;57.605163;11.805907;Göteborg;football
7;2026-10-11;13:15;133764;Flickor 2012-2013 Liten 9M9 Lätt Gr. B Höst;3;3;6828260;5;/go-to/?fmid=6828260;Landvetter IF 2003 F13 Röd;https://staticcdn.svenskfotboll.se/img/teamssm/6789.png;7;Backatorp IF RÖD;https://staticcdn.svenskfotboll.se/img/teamssm/11915.png;7;0-0;Landvetter IP A-plan 12;Landvetter IP;Tahultsvägen 60, 438 35 Landvetter;Y;57.702382;12.203031;Göteborg;football
7;2026-10-11;13:15;133584;Pojkar 2012(14 år) Medel Grupp D;2;3;6621612;5;/go-to/?fmid=6621612;Partille IF FK P2012 Röd;https://staticcdn.svenskfotboll.se/img/teamssm/12478.png;7;Hjuviks AIK P2012 vit;https://staticcdn.svenskfotboll.se/img/teamssm/8330.png;7;0-0;Lexby 2 Konstgräs;Lexby;Lexbyvägen 4, 433 31 Partille;Y;57.745219;12.123472;Göteborg;football
7;2026-10-11;13:15;133677;Pojkar 2016(10 år) Grupp A Höst;2;2;6841456;5;/go-to/?fmid=6841456;Stenkullen GoIK Röd;https://staticcdn.svenskfotboll.se/img/teamssm/10243.png;7;Solängens BK 1;https://staticcdn.svenskfotboll.se/img/teamssm/9548.png;7;-1--1;Stenkullens IP 22 KG;Stenkullens IP;Granitvägen 3, 443 61 Stenkullen;Y;57.795326;12.310226;Göteborg;football
7;2026-10-11;13:15;133677;Pojkar 2016(10 år) Grupp A Höst;2;2;6841462;5;/go-to/?fmid=6841462;Öjersjö IF P16 svart;https://staticcdn.svenskfotboll.se/img/teamssm/7552.png;7;Masthuggets BK Blå;https://staticcdn.svenskfotboll.se/img/teamssm/10643.png;7;-1--1;Storegård;Storegård;Ekeblads väg, 433 51 Öjersjö;Y;57.702225;12.142051;Göteborg;football
7;2026-10-11;13:30;133576;Pojkar 2011(15 år) Medel Grupp B;2;3;6607919;5;/go-to/?fmid=6607919;Skottfint/Johanneberg;https://staticcdn.svenskfotboll.se/img/teamssm/7100.png;7;Ytterby IS Röd;https://staticcdn.svenskfotboll.se/img/teamssm/9832.png;7;0-0;Blidvädersplan;Blidvädersplan;Ovädersgatan 1A, 418 34 Göteborg;Y;57.707987;11.887592;Göteborg;football
7;2026-10-11;13:30;133810;Flickor 2016(10 år) Grupp A Höst;3;2;6832910;5;/go-to/?fmid=6832910;Floda BoIF Röd;https://staticcdn.svenskfotboll.se/img/teamssm/11366.png;7;Lundby IF F16 Gul;https://staticcdn.svenskfotboll.se/img/teamssm/11776.png;7;-1--1;Flodala IP 31 KG;Flodala IP;Skallsjö Prästväg 14, 448 31 Floda;Y;57.795503;12.346356;Göteborg;football
21;2026-10-11;13:30;137525;Pojkar Div 9 Alingsås;2;2;6773279;3;/go-to/?fmid=6773279;Skepplanda BTK Svart;https://staticcdn.svenskfotboll.se/img/teamssm/10314.png;21;Östadkulle SK;https://staticcdn.svenskfotboll.se/img/teamssm/9743.png;21;-1--1;Forsvallen 7-manna;Forsvallen IP;Vadbacka 125, 446 94 Skepplanda;Y;57.977314;12.195539;Västergötland;football
7;2026-10-11;13:30;133571;Pojkar 2009-2010(16-17 år) Medel Grupp A;2;3;6601617;5;/go-to/?fmid=6601617;IF Vardar/Makedonija;https://staticcdn.svenskfotboll.se/img/teamssm/9963.png;7;Floda BoIF;https://staticcdn.svenskfotboll.se/img/teamssm/11366.png;7;0-0;Generatorsplan;Generatorsplan;Minelundsvägen 14, 417 05 Göteborg;Y;57.730133;11.950968;Göteborg;football
7;2026-10-11;13:30;133582;Pojkar 2012(14 år) Svår Grupp B;2;3;6622260;5;/go-to/?fmid=6622260;Sandarna BK Röd;https://staticcdn.svenskfotboll.se/img/teamssm/10367.png;7;Örgryte IS Fotboll Blå;https://staticcdn.svenskfotboll.se/img/teamssm/12910.png;7;0-0;Gröna Vallen 1;Gröna Vallen;Gröna Vallen, Svanebäcksgatan 16, 414 71 Göteborg;Y;57.687961;11.917564;Göteborg;football
7;2026-10-11;13:30;133765;Flickor 2012-2013 Liten 9M9 Lätt Gr. C Höst;3;3;6829092;5;/go-to/?fmid=6829092;Kärra KIF Gul;https://staticcdn.svenskfotboll.se/img/teamssm/10780.png;7;Proletären FF F2013;https://staticcdn.svenskfotboll.se/img/teamssm/10466.png;7;0-0;Klarebergsvallen 21 Konstgräs;Klarebergsvallen;Burmans Gata 3, 425 33 Hisings Kärra;Y;57.798761;11.987168;Göteborg;football
1;2026-10-11;13:30;133301;F17 div. 1 2026 - Götaland Västra;3;3;6595707;5;/go-to/?fmid=6595707;Älvsborg FF;https://staticcdn.svenskfotboll.se/img/teamssm/9622.png;7;BK Astrio;https://staticcdn.svenskfotboll.se/img/teamssm/9529.png;8;0-0;Påvelund 1 Konstgräs;Påvelund;Redegatan 18, 426 77 Västra Frölunda;Y;57.668781;11.881476;1;football
7;2026-10-11;13:30;133760;Flickor 2012-2013 Liten 9M9 Medel Gr. A Höst;3;3;6828209;5;/go-to/?fmid=6828209;SG Ruddalen IF;https://staticcdn.svenskfotboll.se/img/teamssm/11284.png;7;Torslanda IK Svart;https://staticcdn.svenskfotboll.se/img/teamssm/10068.png;7;0-0;Ruddalen 21 Konstgräs;Ruddalen;Anna Östvägen 8, 426 68 Västra Frölunda;Y;57.664609;11.909282;Göteborg;football
7;2026-10-11;13:30;133607;Pojkar 2013(13 år) Höst Svår Grupp B;2;3;6829028;5;/go-to/?fmid=6829028;Utsiktens BK;https://staticcdn.svenskfotboll.se/img/teamssm/9982.png;7;BK Häcken Svart;https://staticcdn.svenskfotboll.se/img/teamssm/11080.png;7;0-0;Ruddalen 31;Ruddalen;Anna Östvägen 8, 426 68 Västra Frölunda;Y;57.664609;11.909282;Göteborg;football
8;2026-10-11;13:30;139133;F13år Röd A Höst;3;3;6896248;5;/go-to/?fmid=6896248;Särö Kullavik IF Röd;https://staticcdn.svenskfotboll.se/img/teamssm/9496.png;8;Skottorps IF;https://staticcdn.svenskfotboll.se/img/teamssm/10302.png;8;0-0;Ängås IP D;Ängås IP;Ängåsvägen 39, 434 93 Vallda;Y;57.454340;11.941076;Halland;football
7;2026-10-11;13:30;133588;Pojkar 2012(14 år) Medel Grupp C;2;3;6621480;5;/go-to/?fmid=6621480;Lunden Överås BK Vit;https://staticcdn.svenskfotboll.se/img/teamssm/10705.png;7;Utbynäs SK Blå;https://staticcdn.svenskfotboll.se/img/teamssm/9983.png;7;0-0;Överåsvallen 1 Konstgräs;Överåsvallen;Skogshyddegatan 16, 412 74 Göteborg;Y;57.707876;12.002439;Göteborg;football
7;2026-10-11;13:45;133582;Pojkar 2012(14 år) Svår Grupp B;2;3;6622257;5;/go-to/?fmid=6622257;Lundby IF P2012 Grön;https://staticcdn.svenskfotboll.se/img/teamssm/11776.png;7;Kärra KIF Blå;https://staticcdn.svenskfotboll.se/img/teamssm/10780.png;7;0-0;Fjärdingsplan KG;Fjärdingsplan;Lantmätaregatan 21, 417 06 Göteborg;Y;57.724197;11.939560;Göteborg;football
8;2026-10-11;14:00;136282;Division 4 Dam Halland;3;4;6612771;5;/go-to/?fmid=6612771;IS Örnia;https://staticcdn.svenskfotboll.se/img/teamssm/9753.png;8;Tölö IF;https://staticcdn.svenskfotboll.se/img/teamssm/10015.png;8;0-0;Alevallen A;Alevallen;Alevallen, Järnvägsleden, Rotorp, Halmstad, Halmstads kommun, Hallands län, 302 39, Sverige;Y;56.667937;12.840292;Halland;football
21;2026-10-11;14:00;140193;Herrar, Kval till Div 4 - Grupp 1;2;4;6921988;5;/go-to/?fmid=6921988;BK Spark;https://staticcdn.svenskfotboll.se/img/teamssm/8649.png;21;Ekedalens SK;https://staticcdn.svenskfotboll.se/img/teamssm/11433.png;21;0-0;Alströmervallen konstgräs;Alströmervallen;Alströmervallen, Kungälvsvägen, Noltorp, Alingsås distrikt, Alingsås, Alingsås kommun, Västra Götalands län, 441 57, Sverige;Y;57.939131;12.526820;Västergötland;football
21;2026-10-11;14:00;138104;Herrar P35 Motion Skara;2;5;6818092;5;/go-to/?fmid=6818092;Axvalls IF;https://staticcdn.svenskfotboll.se/img/teamssm/8732.png;21;Vinninga AIF;https://staticcdn.svenskfotboll.se/img/teamssm/8630.png;21;0-0;Axevalla IP, A-plan;Axevalla IP;Axevallavägen, Varnhems distrikt, Varnhem, Skara kommun, Västra Götalands län, 532 73, Sverige;Y;58.386770;13.636696;Västergötland;football
8;2026-10-11;14:00;133922;Division 6 Herr Södra Halland;2;4;6563818;5;/go-to/?fmid=6563818;Kvibille BK;https://staticcdn.svenskfotboll.se/img/teamssm/10793.png;8;Skottorps IF;https://staticcdn.svenskfotboll.se/img/teamssm/10302.png;8;0-0;Björkevi IP;Björkevi IP;Björkevivägen, Kvibille, Halmstads kommun, Hallands län, 302 79, Sverige;Y;56.781560;12.835402;Halland;football
8;2026-10-11;14:00;133922;Division 6 Herr Södra Halland;2;4;6563800;5;/go-to/?fmid=6563800;Ränneslövs GIF/BK Walldia;https://staticcdn.svenskfotboll.se/img/teamssm/9497.png;8;Skogaby BK;https://staticcdn.svenskfotboll.se/img/teamssm/9494.png;8;0-0;Björkvallen;Björkvallen;Idrottsvägen 8, 312 95 Laholm;Y;56.45462324803608;13.075644818450149;Halland;football
7;2026-10-11;14:00;133586;Pojkar 2012(14 år) Svår Grupp A;2;3;6622170;5;/go-to/?fmid=6622170;Mölnlycke IS Ungdom 1;https://staticcdn.svenskfotboll.se/img/teamssm/13695.png;7;Askims IK P2012 U14 Röd;https://staticcdn.svenskfotboll.se/img/teamssm/11617.png;7;0-0;Djupedalsplan B Konstgräs;Djupedals IP;Djupedals Ip, Rullstensvägen 1, 435 41 Mölnlycke;Y;57.652820;12.126316;Göteborg;football
21;2026-10-11;14:00;140197;Herrar, Kval till Div 5 - Grupp 3;2;4;6922029;5;/go-to/?fmid=6922029;Edet FK;https://staticcdn.svenskfotboll.se/img/teamssm/8683.png;21;Södra Vings IF;https://staticcdn.svenskfotboll.se/img/teamssm/10118.png;21;0-0;Ekaråsen A;Ekaråsen;Kullåsgatan 13, 463 31 Lilla Edet;Y;58.133838;12.129724;Västergötland;football
21;2026-10-11;14:00;140194;Herrar, Kval till Div 4 - Grupp 2;2;4;6921994;5;/go-to/?fmid=6921994;Hyssna/Kinnahult;https://staticcdn.svenskfotboll.se/img/teamssm/11089.png;21;Torsö BIF;https://staticcdn.svenskfotboll.se/img/teamssm/8644.png;21;0-0;Ekäng D;Ekäng;Hålsjövägen 41-37, 510 22 Hyssna;Y;57.560793;12.559217;Västergötland;football
8;2026-10-11;14:00;133919;Division 5 Herr Norra Halland;2;4;6534786;5;/go-to/?fmid=6534786;Rinia IF;https://staticcdn.svenskfotboll.se/img/teamssm/7291.png;8;Veddige BK;https://staticcdn.svenskfotboll.se/img/teamssm/9481.png;8;0-0;Falkenbergs IP A;Falkenbergs IP;Falkenbergs IP A, Skogsvägen, Kristineslätt, Skrea Strand, Falkenberg, Falkenbergs kommun, Hallands län, 311 45, Sverige;Y;56.897775;12.508271;Halland;football
8;2026-10-11;14:00;133919;Division 5 Herr Norra Halland;2;4;6534782;5;/go-to/?fmid=6534782;Frillesås FF;https://staticcdn.svenskfotboll.se/img/teamssm/9524.png;8;Särö Kullavik IF;https://staticcdn.svenskfotboll.se/img/teamssm/9496.png;8;0-0;Frillesås IP A;Frillesås IP;Rya industriväg 39, 439 62 Frillesås;Y;57.322466;12.184797;Halland;football
1;2026-10-11;14:00;131959;Div 2 Västra Götaland, herr 2026;2;4;6547600;5;/go-to/?fmid=6547600;Galtabäcks BK;https://staticcdn.svenskfotboll.se/img/teamssm/9523.png;8;Hestrafors IF;https://staticcdn.svenskfotboll.se/img/teamssm/11145.png;21;0-0;Galtabäcks IP;Galtabäcks IP;Galtabäcks idrottsplats, Lerjans Väg, Jeppagården, Varbergs kommun, Hallands län, 432 76, Sverige;Y;57.040230;12.320336;1;football
8;2026-10-11;14:00;133922;Division 6 Herr Södra Halland;2;4;6563831;5;/go-to/?fmid=6563831;Östergård BK;https://staticcdn.svenskfotboll.se/img/teamssm/14793.png;8;Våxtorp/Hasslöv;https://staticcdn.svenskfotboll.se/img/teamssm/9880.png;8;0-0;Halmstad Arena P3;Halmstad Arena;Kristinehedsvägen 4B, 302 44 Halmstad;Y;56.675943;12.888513;Halland;football
7;2026-10-11;14:00;133762;Flickor 2012-2013 Stor 9M9 Lätt Gr. B Höst;3;3;6828099;5;/go-to/?fmid=6828099;Hjuviks AIK F12;https://staticcdn.svenskfotboll.se/img/teamssm/8330.png;7;Mölnlycke IF Gul 2013;https://staticcdn.svenskfotboll.se/img/teamssm/10594.png;7;0-0;21:47 Arena 1;Hästevik;Torslanda Hästeviks väg, 423 41 Torslanda;Y;57.718779;11.721591;Göteborg;football
21;2026-10-11;14:00;140195;Herrar, Kval till Div 5 - Grupp 2;2;4;6922026;5;/go-to/?fmid=6922026;Tomtens IF;https://staticcdn.svenskfotboll.se/img/teamssm/8646.png;21;Trollhättans IF;https://staticcdn.svenskfotboll.se/img/teamssm/10051.png;21;0-0;Ållevi Konstgräs;Klostervallen;Klostervallen, Klostervägen, Gudhem, Gudhems distrikt, Falköpings kommun, Västra Götalands län, 521 74, Sverige;N;58.231995;13.564086;Västergötland;football
21;2026-10-11;14:00;136729;Pojkar Div 8 Alingsås;2;3;6723310;5;/go-to/?fmid=6723310;Kronängs IF Svart/Vit;https://staticcdn.svenskfotboll.se/img/teamssm/8688.png;21;Herrljunga/Frisco;https://staticcdn.svenskfotboll.se/img/teamssm/7724.png;21;0-0;Kronäng Arena Konstgräs 2;Kronäng Arena;Schaktgatan 1, 504 41 Borås;Y;57.696516;12.931606;Västergötland;football
7;2026-10-11;14:00;133113;Träningsmatcher Juniorer Göteborg Pojk;2;3;6922349;5;/go-to/?fmid=6922349;Utbynäs SK HJ;https://staticcdn.svenskfotboll.se/img/teamssm/9983.png;7;Qviding FIF Future Team 2;https://staticcdn.svenskfotboll.se/img/teamssm/8089.png;7;0-0;Lemmingvallen 2 Konstgräs;Lemmingvallen;Lemmingsgatan 5, 415 07 Göteborg;Y;57.734850;12.052148;Göteborg;football
7;2026-10-11;14:00;133763;Flickor 2012-2013 Liten 9M9 Lätt Gr. A Höst;3;3;6828303;5;/go-to/?fmid=6828303;Lindome GIF Vit;https://staticcdn.svenskfotboll.se/img/teamssm/10741.png;7;Galacticos FC F2013;https://staticcdn.svenskfotboll.se/img/teamssm/13691.png;7;0-0;Lindevi 31 Konstgräs;Lindevi IP;Hällesåkersvägen 5, 437 91 Lindome;Y;57.585286;12.108877;Göteborg;football
8;2026-10-11;14:00;133919;Division 5 Herr Norra Halland;2;4;6534784;5;/go-to/?fmid=6534784;Tofta GIF;https://staticcdn.svenskfotboll.se/img/teamssm/10084.png;8;Trönninge BK;https://staticcdn.svenskfotboll.se/img/teamssm/9485.png;8;0-0;Lindvallen A;Lindvallen;Lindvallen, Skyttevägen, Tofta, Varbergs kommun, Hallands län, 432 47, Sverige;Y;57.171079;12.289643;Halland;football
8;2026-10-11;14:00;133919;Division 5 Herr Norra Halland;2;4;6534785;5;/go-to/?fmid=6534785;Långås/Morup;https://staticcdn.svenskfotboll.se/img/teamssm/9501.png;8;Träslövsläge IF;https://staticcdn.svenskfotboll.se/img/teamssm/10045.png;8;0-0;Morups IP A;Morups IP;Morups idrottsplats, N 768, Morup, Falkenbergs kommun, Hallands län, 311 90, Sverige;Y;56.975203;12.399207;Halland;football
8;2026-10-11;14:00;133922;Division 6 Herr Södra Halland;2;4;6563819;5;/go-to/?fmid=6563819;Ysby BK;https://staticcdn.svenskfotboll.se/img/teamssm/9475.png;8;Genevad/Veinge IF;https://staticcdn.svenskfotboll.se/img/teamssm/7223.png;8;0-0;Munkavallen A;Munkavallen;Munkagårdsvägen 8, 312 94 Laholm;Y;56.490472;13.117330;Halland;football
21;2026-10-11;14:00;137354;Herrar, Utveckling B Vara;2;4;6754733;4;/go-to/?fmid=6754733;Annelunds IF U;https://staticcdn.svenskfotboll.se/img/teamssm/11630.png;21;Edsvära-Norra Vånga FF U;https://staticcdn.svenskfotboll.se/img/teamssm/7102.png;21;3-0;Mörlanda B konstgräs;Mörlanda;Mörlanda, Magra distrikt, Alingsås kommun, Västra Götalands län, 466 31, Sverige;Y;58.106467;12.572001;Västergötland;football
21;2026-10-11;14:00;140200;Damer, Kval till Div 3 - Grupp 1;3;4;6922086;5;/go-to/?fmid=6922086;Falköpings KIK U;https://staticcdn.svenskfotboll.se/img/teamssm/8721.png;21;Hyssna IF;https://staticcdn.svenskfotboll.se/img/teamssm/11089.png;21;0-0;Odenplan A-plan;Odenplan;Odengatan 41, 521 43 Falköping;Y;58.165027;13.561860;Västergötland;football
1;2026-10-11;14:00;139862;Kval till div 3 herrar, Grupp 8;2;4;6922048;5;/go-to/?fmid=6922048;Ödsmåls IK;https://staticcdn.svenskfotboll.se/img/teamssm/9771.png;28;IF Haga;https://staticcdn.svenskfotboll.se/img/teamssm/9141.png;15;0-0;Olssons Trävaror Arena;Olssons Trävaror Arena;Yttre Ringleden 6, 444 32 Stenungsund;Y;58.067866;11.858581;1;football
1;2026-10-11;14:00;138409;P17 Div.1 2026 A-slutspel Norra Götaland;2;3;6911843;5;/go-to/?fmid=6911843;Norrby IF;https://staticcdn.svenskfotboll.se/img/teamssm/10554.png;21;IFK Värnamo;https://staticcdn.svenskfotboll.se/img/teamssm/9120.png;15;0-0;Ramnavallen konstgräs;Ramnavallen;Ramnavallen, Enandersgatan, Byttorp, Borås, Borås kommun, Västra Götalands län, 504 66, Sverige;Y;57.722541;12.919158;1;football
8;2026-10-11;14:00;133922;Division 6 Herr Södra Halland;2;4;6563793;5;/go-to/?fmid=6563793;Simlångsdalens IF;https://staticcdn.svenskfotboll.se/img/teamssm/10333.png;8;IS Örnia;https://staticcdn.svenskfotboll.se/img/teamssm/9753.png;8;0-0;Simlångsdalens IP;Simlångsdalens IP;Simlångsdalens idrottsplats, Mahultsvägen, Kull, Simlångsdalen, Halmstads kommun, Hallands län, 313 96, Sverige;Y;56.722355;13.140033;Halland;football
7;2026-10-11;14:00;133780;Flickor 2014(12 år) Grupp A Höst;3;2;6834778;5;/go-to/?fmid=6834778;SSIK/Styrsö BK/Donsö I.S;https://staticcdn.svenskfotboll.se/img/teamssm/9631.png;7;SG Ruddalen IF;https://staticcdn.svenskfotboll.se/img/teamssm/11284.png;7;-1--1;Styrsöplan 12 Gräs;Styrsöplan;Halsviksvägen 27, 430 84 Styrsö;Y;57.610915;11.774337;Göteborg;football
1;2026-10-11;14:00;138414;P17 Div.1 2026 B-slutspel Sydvästra Götaland;2;3;6911776;5;/go-to/?fmid=6911776;HGH FC;https://staticcdn.svenskfotboll.se/img/teamssm/9516.png;8;Oxie SK;https://staticcdn.svenskfotboll.se/img/teamssm/10484.png;14;0-0;Tranevall;Tranevall;Tranevall, Tranevallsvägen, Harplinge, Halmstads kommun, Hallands län, 305 60, Sverige;Y;56.743210;12.734066;1;football
1;2026-10-11;14:00;129332;P19 Div.1 2026 Norra Götaland;2;3;6583464;5;/go-to/?fmid=6583464;Tidaholms GoIF;https://staticcdn.svenskfotboll.se/img/teamssm/10095.png;21;Landvetter IS;https://staticcdn.svenskfotboll.se/img/teamssm/10768.png;7;0-0;Ulvesborg A-plan;Ulvesborg;Ulvesborg, Rudbecksgatan, Tidaholm, Tidaholms kommun, Västra Götalands län, 522 32, Sverige;Y;58.185144;13.952054;1;football
7;2026-10-11;14:00;133656;Pojkar 2015(11 år) Grupp B Höst;2;2;6850419;5;/go-to/?fmid=6850419;Nödinge SK Fotboll Blå;https://staticcdn.svenskfotboll.se/img/teamssm/10503.png;7;Brämaregårdens FC orange 2;https://staticcdn.svenskfotboll.se/img/teamssm/12563.png;7;-1--1;Vimmervi 22 Konstgräs;Vimmervi;Gamla Kilandavägen 62, 449 36 Nödinge;Y;57.886226;12.080329;Göteborg;football
7;2026-10-11;14:00;133656;Pojkar 2015(11 år) Grupp B Höst;2;2;6850420;5;/go-to/?fmid=6850420;Nödinge SK Fotboll Vit;https://staticcdn.svenskfotboll.se/img/teamssm/10503.png;7;BK Häcken F2015;https://staticcdn.svenskfotboll.se/img/teamssm/11080.png;7;-1--1;Vimmervi 22 Konstgräs;Vimmervi;Gamla Kilandavägen 62, 449 36 Nödinge;Y;57.886226;12.080329;Göteborg;football
8;2026-10-11;14:00;133919;Division 5 Herr Norra Halland;2;4;6534787;5;/go-to/?fmid=6534787;Väröbacka GIF;https://staticcdn.svenskfotboll.se/img/teamssm/9478.png;8;Vinbergs IF;https://staticcdn.svenskfotboll.se/img/teamssm/9913.png;8;0-0;Värö IP A;Värö IP;Värö idrottsplats, Ellickevägen, Limabacka, Varbergs kommun, Hallands län, 432 65, Sverige;Y;57.238901;12.184606;Halland;football
8;2026-10-11;14:00;133919;Division 5 Herr Norra Halland;2;4;6534783;5;/go-to/?fmid=6534783;Bua IF;https://staticcdn.svenskfotboll.se/img/teamssm/11508.png;8;Annebergs IF;https://staticcdn.svenskfotboll.se/img/teamssm/11631.png;8;0-0;Västkustvallen;Västkustvallen;Västkustvallen, Kustroddarevägen, Hovgården, Bua, Varbergs kommun, Hallands län, 432 63, Sverige;Y;57.230684;12.125208;Halland;football
21;2026-10-11;14:00;140201;Damer, Kval till Div 3 - Grupp 2;3;4;6922089;5;/go-to/?fmid=6922089;Vinninga AIF;https://staticcdn.svenskfotboll.se/img/teamssm/8630.png;21;Skepplanda BTK U;https://staticcdn.svenskfotboll.se/img/teamssm/10314.png;21;0-0;Ågårdsvallen A;Ågårdsvallen;Mellbygatan 48, 531 52 Lidköping;Y;58.496528;13.143415;Västergötland;football
7;2026-10-11;14:15;133577;Pojkar 2011(15 år) Svår Grupp A;2;3;6608236;5;/go-to/?fmid=6608236;Marieholm IK 1;https://staticcdn.svenskfotboll.se/img/teamssm/13640.png;7;Örgryte IS Fotboll;https://staticcdn.svenskfotboll.se/img/teamssm/12910.png;7;0-0;Bläsebovallen 1 Konstgräs;;;N;;;Göteborg;football
1;2026-10-11;14:15;138419;P16 Div.1 2026 A-slutspel Norra Götaland;2;3;6911871;5;/go-to/?fmid=6911871;Önnereds IK;https://staticcdn.svenskfotboll.se/img/teamssm/9765.png;7;Ytterby IS;https://staticcdn.svenskfotboll.se/img/teamssm/9832.png;7;0-0;Apelsinplan 2 Konstgräs;Apelsinplan;Apelsingatan 6, 426 54 Västra Frölunda;Y;57.655054;11.882940;1;football
7;2026-10-11;14:15;133152;Division 6A Herr;2;4;6532695;5;/go-to/?fmid=6532695;Bellevue City FK;https://staticcdn.svenskfotboll.se/img/teamssm/13632.png;7;Nödinge SK Fotboll;https://staticcdn.svenskfotboll.se/img/teamssm/10503.png;7;0-0;Gamlestadsvallen 2 Konstgräs;Gamlestadsvallen;Lars Kaggsgatan 24, 415 04 Göteborg;Y;57.734308;12.013832;Göteborg;football
7;2026-10-11;14:15;133160;Division 4A Dam;3;4;6533762;5;/go-to/?fmid=6533762;Göteborgs SIF;https://staticcdn.svenskfotboll.se/img/teamssm/11214.png;7;Donsö IS;https://staticcdn.svenskfotboll.se/img/teamssm/9631.png;7;0-0;Guldheden Södra 1 Konstgräs;Guldheden Södra;Gibraltargatan 41, 412 58 Göteborg;Y;57.681136;11.982964;Göteborg;football
7;2026-10-11;14:15;133615;Pojkar 2013(13 år) Höst Lätt Grupp B;2;3;6828507;5;/go-to/?fmid=6828507;Askims IK P2013 U13 Svart;https://staticcdn.svenskfotboll.se/img/teamssm/11617.png;7;Götaholms BK Vit;https://staticcdn.svenskfotboll.se/img/teamssm/9615.png;7;0-0;Kobbegården 12 konstgräs;Kobbegården;Stora Åvägen 1, 436 34 Askim;Y;57.639723;11.944383;Göteborg;football
7;2026-10-11;14:15;133156;Division 7B Herr;2;4;6534427;5;/go-to/?fmid=6534427;Salaam IF;https://staticcdn.svenskfotboll.se/img/teamssm/14734.png;7;Menisken IF;https://staticcdn.svenskfotboll.se/img/teamssm/9572.png;7;0-0;Kviberg 5 konstgräs;Kviberg;Luftvärnsvägen, 415 06 Göteborg;Y;57.737550;12.038540;Göteborg;football
7;2026-10-11;14:15;133160;Division 4A Dam;3;4;6533763;5;/go-to/?fmid=6533763;Kållered SK;https://staticcdn.svenskfotboll.se/img/teamssm/10787.png;7;Mossens BK (B);https://staticcdn.svenskfotboll.se/img/teamssm/9571.png;7;0-0;Kållered Sportcenter 1;Kållered Sportcenter;Tulebovägen 17, 428 34 Kållered;Y;57.611466;12.075548;Göteborg;football
7;2026-10-11;14:15;133160;Division 4A Dam;3;4;6533767;5;/go-to/?fmid=6533767;Lindome GIF;https://staticcdn.svenskfotboll.se/img/teamssm/10741.png;7;Öjersjö IF;https://staticcdn.svenskfotboll.se/img/teamssm/7552.png;7;0-0;Lindevi IP 1 Konstgräs;Lindevi IP;Hällesåkersvägen 5, 437 91 Lindome;Y;57.585286;12.108877;Göteborg;football
7;2026-10-11;14:15;133160;Division 4A Dam;3;4;6533764;5;/go-to/?fmid=6533764;IK Virgo;https://staticcdn.svenskfotboll.se/img/teamssm/7959.png;7;Mölnlycke IF;https://staticcdn.svenskfotboll.se/img/teamssm/10594.png;7;0-0;Mossens IP 1 Gräs;Mossens IP;Ljungbackegatan 1, 412 59 Göteborg;Y;57.684676;11.979998;Göteborg;football
7;2026-10-11;14:15;133160;Division 4A Dam;3;4;6533765;5;/go-to/?fmid=6533765;IF Mölndal Fotboll;https://staticcdn.svenskfotboll.se/img/teamssm/9569.png;7;Näsets SK (B);https://staticcdn.svenskfotboll.se/img/teamssm/10510.png;7;0-0;Åbyvallen 1 Konstgräs;Åbyvallen;Idrottsvägen 5, 431 62 Mölndal;Y;57.645363;12.002082;Göteborg;football
7;2026-10-11;14:15;133762;Flickor 2012-2013 Stor 9M9 Lätt Gr. B Höst;3;3;6828103;5;/go-to/?fmid=6828103;Öjersjö IF F12/13 Vit;https://staticcdn.svenskfotboll.se/img/teamssm/7552.png;7;Älvsborg FF F2013 Blå;https://staticcdn.svenskfotboll.se/img/teamssm/9622.png;7;0-0;Öjersjö IP 1 Konstgräs;Öjersjö IP;Tallmossevägen 9, 433 50 Öjersjö;Y;57.702889;12.149245;Göteborg;football
7;2026-10-11;14:20;133679;Pojkar 2016(10 år) Grupp C Höst;2;2;6842373;5;/go-to/?fmid=6842373;Kungsladugårds BK Röd;https://staticcdn.svenskfotboll.se/img/teamssm/10799.png;7;SG Ruddalen IF P16 Blå;https://staticcdn.svenskfotboll.se/img/teamssm/11284.png;7;-1--1;Sjöbaren Arena;Apelsinplan;Apelsingatan 6, 426 54 Västra Frölunda;Y;57.655054;11.882940;Göteborg;football
1;2026-10-11;14:30;138412;P17 Div.1 2026 B-slutspel Nordöstra Götaland;2;3;6911966;5;/go-to/?fmid=6911966;Bergdalens IK;https://staticcdn.svenskfotboll.se/img/teamssm/11592.png;21;Skövde AIK;https://staticcdn.svenskfotboll.se/img/teamssm/10281.png;21;0-0;Björkängsvallen, Borås, Konstgräs;Björkängsvallen;Backersgatan 10, 504 57 Borås;Y;57.727601;12.958736;1;football
8;2026-10-11;14:30;139567;P13år Blå A Höst;2;3;6893909;5;/go-to/?fmid=6893909;IF Leikin Orange;https://staticcdn.svenskfotboll.se/img/teamssm/9503.png;8;Tölö IF Svart;https://staticcdn.svenskfotboll.se/img/teamssm/10015.png;8;0-0;Halmstad Arena P8;Halmstad Arena;Kristinehedsvägen 4B, 302 44 Halmstad;Y;56.675943;12.888513;Halland;football
1;2026-10-11;14:30;133301;F17 div. 1 2026 - Götaland Västra;3;3;6595706;5;/go-to/?fmid=6595706;Onsala BK;https://staticcdn.svenskfotboll.se/img/teamssm/10495.png;8;Varbergs BoIS FC;https://staticcdn.svenskfotboll.se/img/teamssm/7701.png;8;0-0;Kaparevallen;Kaparevallen;Håkullavägen 43, 439 91 Onsala;Y;57.414147;12.014084;1;football
7;2026-10-11;14:30;133811;Flickor 2016(10 år) Grupp B Höst;3;2;6832292;5;/go-to/?fmid=6832292;Lindome GIF vit;https://staticcdn.svenskfotboll.se/img/teamssm/10741.png;7;Azalea BK F2016 Orange;https://staticcdn.svenskfotboll.se/img/teamssm/7817.png;7;-1--1;Lindevi 32 Konstgräs;Lindevi IP;Hällesåkersvägen 5, 437 91 Lindome;Y;57.585286;12.108877;Göteborg;football
7;2026-10-11;14:30;133577;Pojkar 2011(15 år) Svår Grupp A;2;3;6608376;5;/go-to/?fmid=6608376;Mölnlycke IS Ungdom;https://staticcdn.svenskfotboll.se/img/teamssm/13695.png;7;Torslanda IK Röd;https://staticcdn.svenskfotboll.se/img/teamssm/10068.png;7;0-0;Mölnlycke IP;Mölnlycke IP;Idrottsgatan 1, 435 35 Mölnlycke;Y;57.660896;12.119026;Göteborg;football
8;2026-10-11;14:30;139131;F13år Blå A Höst;3;3;6861952;5;/go-to/?fmid=6861952;BK Astrio Gul;https://staticcdn.svenskfotboll.se/img/teamssm/9529.png;8;Lilla Träslövs FF;https://staticcdn.svenskfotboll.se/img/teamssm/9502.png;8;0-0;Söndrums IP C;Söndrums IP;Söndrums Idrottsplats, Bäckagårdsvägen, Pålsbo, Bäckagård, Halmstad, Halmstads kommun, Hallands län, 302 91, Sverige;Y;56.670271;12.797138;Halland;football
7;2026-10-11;14:30;133586;Pojkar 2012(14 år) Svår Grupp A;2;3;6622171;5;/go-to/?fmid=6622171;Örgryte IS Fotboll Akademi;https://staticcdn.svenskfotboll.se/img/teamssm/12910.png;7;Utsiktens BK;https://staticcdn.svenskfotboll.se/img/teamssm/9982.png;7;0-0;Hammarviken Arena;ÖIS-gården;Korndalsvägen 3, 412 76 Göteborg;Y;57.675233;12.028495;Göteborg;football
7;2026-10-11;14:45;133802;7M7 Serie B, dam;3;5;6563402;5;/go-to/?fmid=6563402;Alealiber IF;https://staticcdn.svenskfotboll.se/img/teamssm/13380.png;7;Ahlafors IF;https://staticcdn.svenskfotboll.se/img/teamssm/11662.png;7;0-0;Heden 5 Konstgräs 7M7;Heden;Heden, 411 38 Göteborg;Y;57.702854;11.978368;Göteborg;football
7;2026-10-11;14:45;133764;Flickor 2012-2013 Liten 9M9 Lätt Gr. B Höst;3;3;6828259;5;/go-to/?fmid=6828259;Hovås Billdal IF 2013;https://staticcdn.svenskfotboll.se/img/teamssm/11109.png;7;Finlandia Pallo AIF Vit;https://staticcdn.svenskfotboll.se/img/teamssm/7939.png;7;0-0;Hovås Billdal Arena 11 Konstgräs;Hovås Billdal Arena;Kruniusvägen, 427 36 Billdal;Y;57.589555;11.946909;Göteborg;football
7;2026-10-11;14:45;133615;Pojkar 2013(13 år) Höst Lätt Grupp B;2;3;6828506;5;/go-to/?fmid=6828506;Hovås Billdal IF Vit;https://staticcdn.svenskfotboll.se/img/teamssm/11109.png;7;SG Ruddalen IF Grön;https://staticcdn.svenskfotboll.se/img/teamssm/11284.png;7;0-0;Hovås Billdal Arena 12 Konstgräs;Hovås Billdal Arena;Kruniusvägen, 427 36 Billdal;Y;57.589555;11.946909;Göteborg;football
7;2026-10-11;14:45;138259;Pojkar 2013(13 år) Höst Lätt Grupp E;2;3;6828641;5;/go-to/?fmid=6828641;Lerums IS 4;https://staticcdn.svenskfotboll.se/img/teamssm/10756.png;7;Marieholm IK Svart;https://staticcdn.svenskfotboll.se/img/teamssm/13640.png;7;0-0;Stenkullens IP 21 KG;Stenkullens IP;Granitvägen 3, 443 61 Stenkullen;Y;57.795326;12.310226;Göteborg;football
7;2026-10-11;14:45;133757;Flickor 2012-2013 Stor 9M9 Medel Gr. A Höst;3;3;6828014;5;/go-to/?fmid=6828014;Näsets SK Gul;https://staticcdn.svenskfotboll.se/img/teamssm/10510.png;7;Öckerö IF flickor 2012;https://staticcdn.svenskfotboll.se/img/teamssm/9774.png;7;0-0;Näset Yuncture Arena;Åkeredsvallen;Bergsätersgatan 1, 421 66 Västra Frölunda;Y;57.631456;11.900982;Göteborg;football
1;2026-10-11;15:00;138291;SFL (herr) 2026/27;2;4;6859720;5;/go-to/?fmid=6859720;Uddevalla Futsal Club;https://staticcdn.svenskfotboll.se/img/teamssm/11865.png;28;Söder Futsalklubb;https://staticcdn.svenskfotboll.se/img/teamssm/12538.png;16;0-0;Agnebergshallen;;;N;;;1;football
7;2026-10-11;15:00;133658;Pojkar 2015(11 år) Grupp D Höst;2;2;6845646;5;/go-to/?fmid=6845646;Mölnlycke IF 1;https://staticcdn.svenskfotboll.se/img/teamssm/10594.png;7;Landvetter IS P2015 Svart;https://staticcdn.svenskfotboll.se/img/teamssm/10768.png;7;-1--1;Djupedalsplan A Konstgräs höger;Djupedals IP;Djupedals Ip, Rullstensvägen 1, 435 41 Mölnlycke;Y;57.652820;12.126316;Göteborg;football
7;2026-10-11;15:00;133658;Pojkar 2015(11 år) Grupp D Höst;2;2;6845647;5;/go-to/?fmid=6845647;Mölnlycke IF 2;https://staticcdn.svenskfotboll.se/img/teamssm/10594.png;7;Landvetter IS P2015 Vit;https://staticcdn.svenskfotboll.se/img/teamssm/10768.png;7;-1--1;Djupedalsplan A Konstgräs vänster;Djupedals IP;Djupedals Ip, Rullstensvägen 1, 435 41 Mölnlycke;Y;57.652820;12.126316;Göteborg;football
7;2026-10-11;15:00;133765;Flickor 2012-2013 Liten 9M9 Lätt Gr. C Höst;3;3;6829093;5;/go-to/?fmid=6829093;Floda BoIF Svart;https://staticcdn.svenskfotboll.se/img/teamssm/11366.png;7;Surte IS FK F13;https://staticcdn.svenskfotboll.se/img/teamssm/12036.png;7;0-0;Flodala IP 3 KG;Flodala IP;Skallsjö Prästväg 14, 448 31 Floda;Y;57.795503;12.346356;Göteborg;football
7;2026-10-11;15:00;133657;Pojkar 2015(11 år) Grupp C Höst;2;2;6845011;5;/go-to/?fmid=6845011;Björndammens BK 2015 lag vit;https://staticcdn.svenskfotboll.se/img/teamssm/9638.png;7;Tollereds IF P-15;https://staticcdn.svenskfotboll.se/img/teamssm/10081.png;7;-1--1;Furulundsplan 11 Konstgräs;Furulundsplan;Furulundsplan, Timmervägen, 433 47 Partille;Y;57.727253;12.129716;Göteborg;football
7;2026-10-11;15:00;133587;Pojkar 2012(14 år) Medel Grupp B;2;3;6621347;5;/go-to/?fmid=6621347;Masthuggets BK Blå;https://staticcdn.svenskfotboll.se/img/teamssm/10643.png;7;Älvsborg FF Vit;https://staticcdn.svenskfotboll.se/img/teamssm/9622.png;7;0-0;Gröna Vallen 1;Gröna Vallen;Gröna Vallen, Svanebäcksgatan 16, 414 71 Göteborg;Y;57.687961;11.917564;Göteborg;football
8;2026-10-11;15:00;139377;P14år Röd C Höst;2;3;6888012;5;/go-to/?fmid=6888012;Skottorps IF Vit;https://staticcdn.svenskfotboll.se/img/teamssm/10302.png;8;SRG Himledalen;https://staticcdn.svenskfotboll.se/img/teamssm/10288.png;8;0-0;Gröningen A1;Gröningen;Gröningens väg 1, 312 77 Skottorp;Y;56.449440;12.954590;Halland;football
7;2026-10-11;15:00;133589;Pojkar 2012(14 år) Lätt Grupp B;2;3;6621960;5;/go-to/?fmid=6621960;Azalea BK Svart;https://staticcdn.svenskfotboll.se/img/teamssm/7817.png;7;IF Warta 2;https://staticcdn.svenskfotboll.se/img/teamssm/9841.png;7;0-0;Heden 4 Konstgräs;Heden;Heden, 411 38 Göteborg;Y;57.702854;11.978368;Göteborg;football
7;2026-10-11;15:00;133588;Pojkar 2012(14 år) Medel Grupp C;2;3;6621434;5;/go-to/?fmid=6621434;IK Zenith Vit;https://staticcdn.svenskfotboll.se/img/teamssm/9829.png;7;Götaholms BK Blå;https://staticcdn.svenskfotboll.se/img/teamssm/9615.png;7;0-0;Hovgårdsvallen 2 Konstgräs (Bjurforsplanen);Hovgårdsvallen;Gamla Lillebyvägen 1, 432 00 Torslanda;Y;57.751235;11.827376;Göteborg;football
7;2026-10-11;15:00;133582;Pojkar 2012(14 år) Svår Grupp B;2;3;6622258;5;/go-to/?fmid=6622258;Jonsereds IF Gul;https://staticcdn.svenskfotboll.se/img/teamssm/9595.png;7;IF Warta;https://staticcdn.svenskfotboll.se/img/teamssm/9841.png;7;0-0;Jonsereds IP II;Jonsereds IP;Jons väg 23, 433 75 Jonsered;Y;57.746215;12.169063;Göteborg;football
7;2026-10-11;15:00;133525;Junior Pojkar Div 2B;2;3;6542897;5;/go-to/?fmid=6542897;Partille IF FK Herrjunior;https://staticcdn.svenskfotboll.se/img/teamssm/12478.png;7;IF Väster;https://staticcdn.svenskfotboll.se/img/teamssm/9861.png;7;0-0;Lexby 2 Konstgräs;Lexby;Lexbyvägen 4, 433 31 Partille;Y;57.745219;12.123472;Göteborg;football
7;2026-10-11;15:00;133157;Division 7C Herr;2;4;6534582;5;/go-to/?fmid=6534582;Neutrala UF;https://staticcdn.svenskfotboll.se/img/teamssm/11940.png;7;Goldcoast FC;https://staticcdn.svenskfotboll.se/img/teamssm/13374.png;7;0-0;Länsmansgårdens IP 2 Konstgräs;Länsmansgårdens IP;Temperaturgatan 76, 418 41 Göteborg;Y;57.730616;11.886442;Göteborg;football
7;2026-10-11;15:00;133575;Pojkar 2011(15 år) Medel Grupp A;2;3;6607784;5;/go-to/?fmid=6607784;Öckerö IF P-11;https://staticcdn.svenskfotboll.se/img/teamssm/9774.png;7;Askims IK;https://staticcdn.svenskfotboll.se/img/teamssm/11617.png;7;0-0;Prästängen 1 Konstgräs;Prästängen;PRÄSTÄNGEN 1, 475 31 Öckerö;Y;57.717030;11.641158;Göteborg;football
7;2026-10-11;15:00;133588;Pojkar 2012(14 år) Medel Grupp C;2;3;6621476;5;/go-to/?fmid=6621476;Öckerö IF Vinröd;https://staticcdn.svenskfotboll.se/img/teamssm/9774.png;7;Öjersjö IF Röd;https://staticcdn.svenskfotboll.se/img/teamssm/7552.png;7;0-0;Prästängen 3 9M9 Konstgräs;Prästängen;PRÄSTÄNGEN 1, 475 31 Öckerö;Y;57.717030;11.641158;Göteborg;football
1;2026-10-11;15:00;131966;Div 1 Södra, dam 2026;3;4;6545781;5;/go-to/?fmid=6545781;Varbergs BoIS FC;https://staticcdn.svenskfotboll.se/img/teamssm/7701.png;8;Eskilsminne IF;https://staticcdn.svenskfotboll.se/img/teamssm/9350.png;14;0-0;Påskbergsvallen;Påskbergsvallen;Påskbergsvallen, Kattegattsvägen, Mariedal, Sörse, Varberg, Varbergs kommun, Hallands län, 432 43, Sverige;Y;57.097747;12.265223;1;football
7;2026-10-11;15:00;133612;Pojkar 2013(13 år) Höst Lätt Grupp A;2;3;6827614;5;/go-to/?fmid=6827614;Ahlafors IF;https://staticcdn.svenskfotboll.se/img/teamssm/11662.png;7;Qviding FIF 3;https://staticcdn.svenskfotboll.se/img/teamssm/8089.png;7;0-0;Svenska Stenhus Arena 32;Sjövallen IP;Sjövallavägen 111, 449 50 Alafors;Y;57.915942;12.107763;Göteborg;football
21;2026-10-11;15:00;136731;Pojkar Div 8 Borås norr;2;3;6723500;5;/go-to/?fmid=6723500;Fristad/Borgstena/Sparsör;https://staticcdn.svenskfotboll.se/img/teamssm/11342.png;21;IF Elfsborg Röd;https://staticcdn.svenskfotboll.se/img/teamssm/11429.png;21;0-0;Trollevi B;Trollevi;Hovalidsvägen 3, 513 50 Sparsör;Y;57.803403;13.013042;Västergötland;football
7;2026-10-11;15:15;133155;Division 7A Herr;2;4;6533629;5;/go-to/?fmid=6533629;Markplan FC;https://staticcdn.svenskfotboll.se/img/teamssm/14771.png;7;Järnbrotts IF;https://staticcdn.svenskfotboll.se/img/teamssm/9594.png;7;0-0;Sälöfjordsvallen 2 K.Gräs;Sälöfjordsvallen;Södra Sälöfjordsgatan 33, 418 73 Göteborg;Y;57.713415;11.904523;Göteborg;football
7;2026-10-11;15:15;133527;Junior Pojkar Div 2A;2;3;6538458;5;/go-to/?fmid=6538458;Lunden Överås BK;https://staticcdn.svenskfotboll.se/img/teamssm/10705.png;7;IK Kongahälla U19;https://staticcdn.svenskfotboll.se/img/teamssm/9590.png;7;0-0;Överåsvallen 1 Konstgräs;Överåsvallen;Skogshyddegatan 16, 412 74 Göteborg;Y;57.707876;12.002439;Göteborg;football
21;2026-10-11;15:30;136302;P15 Regional Norra Götaland;2;3;6614619;5;/go-to/?fmid=6614619;IF Elfsborg;https://staticcdn.svenskfotboll.se/img/teamssm/11429.png;21;Jönköpings Södra IF;https://staticcdn.svenskfotboll.se/img/teamssm/10884.png;15;0-0;Borås Arena 2 konstgräs;Borås Arena;Borås Arena, Ålgårdsvägen 16, 506 30 Borås;Y;57.734400;12.934766;Västergötland;football
7;2026-10-11;15:30;133757;Flickor 2012-2013 Stor 9M9 Medel Gr. A Höst;3;3;6828012;5;/go-to/?fmid=6828012;Mölnlycke IF Svart (F2012);https://staticcdn.svenskfotboll.se/img/teamssm/10594.png;7;Hjuviks AIK Blå F13;https://staticcdn.svenskfotboll.se/img/teamssm/8330.png;7;0-0;Djupedalsplan B Konstgräs;Djupedals IP;Djupedals Ip, Rullstensvägen 1, 435 41 Mölnlycke;Y;57.652820;12.126316;Göteborg;football
7;2026-10-11;15:30;133589;Pojkar 2012(14 år) Lätt Grupp B;2;3;6621978;5;/go-to/?fmid=6621978;Lundby IF P2012 Vit;https://staticcdn.svenskfotboll.se/img/teamssm/11776.png;7;Eriksbergs IF;https://staticcdn.svenskfotboll.se/img/teamssm/9629.png;7;0-0;Fjärdingsplan KG;Fjärdingsplan;Lantmätaregatan 21, 417 06 Göteborg;Y;57.724197;11.939560;Göteborg;football
7;2026-10-11;15:30;133607;Pojkar 2013(13 år) Höst Svår Grupp B;2;3;6829026;5;/go-to/?fmid=6829026;Eriksbergs IF 1;https://staticcdn.svenskfotboll.se/img/teamssm/9629.png;7;Solväders FC;https://staticcdn.svenskfotboll.se/img/teamssm/12147.png;7;0-0;Krokängsplan 12 Konstgräs;Krokängsplan;Säterigatan 15, 417 69 Göteborg;Y;57.702920;11.910432;Göteborg;football
1;2026-10-11;15:30;133297;F17 Div.1 2026 - Götaland Norra;3;3;6590952;5;/go-to/?fmid=6590952;Alingsås Kvinnliga IK /Alingsås IF FF;https://staticcdn.svenskfotboll.se/img/teamssm/8345.png;21;FC Trollhättan;https://staticcdn.svenskfotboll.se/img/teamssm/6983.png;21;0-0;Noltorpsvallen B Konstgräs;Noltorpsvallen;Noltorpsvallen, Mjörnstigen, Noltorp, Alingsås distrikt, Alingsås, Alingsås kommun, Västra Götalands län, 441 56, Sverige;Y;57.936860;12.515810;1;football
7;2026-10-11;15:30;133766;Flickor 2012-2013 Stor 9M9 Lätt Gr. A Höst;3;3;6828150;5;/go-to/?fmid=6828150;Romelanda UF/KFF;https://staticcdn.svenskfotboll.se/img/teamssm/10427.png;7;Hönö IS , Flickor 2012(12 år) Vår 2024;https://staticcdn.svenskfotboll.se/img/teamssm/11038.png;7;0-0;Romevi 3 Konstgräs;Romevi;Hög 130, 442 92 Romelanda;Y;57.937642;12.038425;Göteborg;football
1;2026-10-11;15:30;138417;P16 Div.1 2026 B-slutspel Västra Götaland;2;3;6911999;5;/go-to/?fmid=6911999;BK Astrio;https://staticcdn.svenskfotboll.se/img/teamssm/9529.png;8;Snöstorp Nyhem FF;https://staticcdn.svenskfotboll.se/img/teamssm/7704.png;8;0-0;Söndrums IP konstgräs;Söndrums IP;Söndrums Idrottsplats, Bäckagårdsvägen, Pålsbo, Bäckagård, Halmstad, Halmstads kommun, Hallands län, 302 91, Sverige;Y;56.670271;12.797138;1;football
1;2026-10-11;16:00;138291;SFL (herr) 2026/27;2;4;6859716;5;/go-to/?fmid=6859716;Borås AIK;https://staticcdn.svenskfotboll.se/img/teamssm/11535.png;21;Ankaret FK;https://staticcdn.svenskfotboll.se/img/teamssm/13144.png;18;0-0;Boråshallen;Bodavallen;Sjumilagatan 10, 507 42 Borås;N;57.729911;12.992380;1;football
1;2026-10-11;16:00;131380;F19 div. 1 Södra, 2026;3;3;6564369;5;/go-to/?fmid=6564369;IF Elfsborg;https://staticcdn.svenskfotboll.se/img/teamssm/11429.png;21;IFK Norrköping FK;https://staticcdn.svenskfotboll.se/img/teamssm/10981.png;24;0-0;Borås Arena;Borås Arena;Borås Arena, Ålgårdsvägen 16, 506 30 Borås;Y;57.734400;12.934766;1;football
7;2026-10-11;16:00;133950;Division 5B Dam;3;4;6534156;5;/go-to/?fmid=6534156;Floda BoIF (U);https://staticcdn.svenskfotboll.se/img/teamssm/11366.png;7;IF Väster;https://staticcdn.svenskfotboll.se/img/teamssm/9861.png;7;0-0;Flodala IP 1 Gräs;Flodala IP;Skallsjö Prästväg 14, 448 31 Floda;Y;57.795503;12.346356;Göteborg;football
7;2026-10-11;16:00;133678;Pojkar 2016(10 år) Grupp B Höst;2;2;6841990;5;/go-to/?fmid=6841990;Hjuviks AIK P2016 Vit;https://staticcdn.svenskfotboll.se/img/teamssm/8330.png;7;Serbiska KIF Semberija Göteborg 1;https://staticcdn.svenskfotboll.se/img/teamssm/7595.png;7;-1--1;21:47 Arena 11;Hästevik;Torslanda Hästeviks väg, 423 41 Torslanda;Y;57.718779;11.721591;Göteborg;football
21;2026-10-11;16:00;140203;Damer, Kval till Div 4;3;4;6922247;5;/go-to/?fmid=6922247;Hajom/Björketorp;https://staticcdn.svenskfotboll.se/img/teamssm/8731.png;21;Axvalls IF;https://staticcdn.svenskfotboll.se/img/teamssm/8732.png;21;0-0;Kajbergsvallen A;Kajbergsvallen;Kajbergsvallen, Göteborgsvägen, Heden, Hajom, Marks kommun, Västra Götalands län, 511 97, Sverige;Y;57.519716;12.565302;Västergötland;football
7;2026-10-11;16:00;133802;7M7 Serie B, dam;3;5;6563379;5;/go-to/?fmid=6563379;Kärra KIF;https://staticcdn.svenskfotboll.se/img/teamssm/10780.png;7;Floda BoIF;https://staticcdn.svenskfotboll.se/img/teamssm/11366.png;7;0-0;Klarebergsvallen 3 Konstgräs 7M7;Klarebergsvallen;Burmans Gata 3, 425 33 Hisings Kärra;Y;57.798761;11.987168;Göteborg;football
21;2026-10-11;16:00;140173;Damer, Kval till Div 2 - Grupp 3;3;4;6922101;5;/go-to/?fmid=6922101;Kronängs IF;https://staticcdn.svenskfotboll.se/img/teamssm/8688.png;21;Ulvåkers IF;https://staticcdn.svenskfotboll.se/img/teamssm/10002.png;21;0-0;Kronäng Arena konstgräs 1;Kronäng Arena;Schaktgatan 1, 504 41 Borås;Y;57.696516;12.931606;Västergötland;football
8;2026-10-11;16:00;136282;Division 4 Dam Halland;3;4;6612631;5;/go-to/?fmid=6612631;FC Lagan;https://staticcdn.svenskfotboll.se/img/teamssm/9475.png;8;Slöinge GOIF;https://staticcdn.svenskfotboll.se/img/teamssm/9491.png;8;0-0;L:a Tjärby IP A;L:a Tjärby IP;Fridhemsvägen 54, 312 35 Laholm;Y;56.530665;13.062072;Halland;football
21;2026-10-11;16:00;137314;Herrar, Utveckling B Ulricehamn;2;4;6744348;2;/go-to/?fmid=6744348;Södra Vings IF U;https://staticcdn.svenskfotboll.se/img/teamssm/10118.png;21;Länghems IF U;https://staticcdn.svenskfotboll.se/img/teamssm/10688.png;21;0-0;Slottsvallen;Slottsvallen;Öndarpsvägen 1A, 523 74 Hökerum;Y;57.847580;13.291819;Västergötland;football
21;2026-10-11;16:00;136673;Damer, Utveckling Östra;3;4;6764087;5;/go-to/?fmid=6764087;Hörnebo SK U;https://staticcdn.svenskfotboll.se/img/teamssm/11036.png;21;IFK Hjo Dam U;https://staticcdn.svenskfotboll.se/img/teamssm/11007.png;21;0-0;Sportparken Konstgräs;Sportparken;Gymnasiegatan 31, 543 32 Tibro;Y;58.413501;14.169710;Västergötland;football
21;2026-10-11;16:00;140203;Damer, Kval till Div 4;3;4;6922246;5;/go-to/?fmid=6922246;Edet/Lödöse Nygård;https://staticcdn.svenskfotboll.se/img/teamssm/8683.png;21;Skene IF;https://staticcdn.svenskfotboll.se/img/teamssm/8655.png;21;0-0;Strömsvallen A konstgräs;Strömsvallen;Roddvägen 18, 463 32 Lilla Edet;Y;58.140210;12.120092;Västergötland;football
7;2026-10-11;16:00;133761;Flickor 2012-2013 Stor 9M9 Svår Höst;3;3;6827816;5;/go-to/?fmid=6827816;Örgryte IS Fotboll Röd;https://staticcdn.svenskfotboll.se/img/teamssm/12910.png;7;IF Mölndal Fotboll F12 Röd;https://staticcdn.svenskfotboll.se/img/teamssm/9569.png;7;0-0;Åbyvallen 1 Konstgräs;Åbyvallen;Idrottsvägen 5, 431 62 Mölndal;Y;57.645363;12.002082;Göteborg;football
8;2026-10-11;16:00;136282;Division 4 Dam Halland;3;4;6612655;5;/go-to/?fmid=6612655;Tvååkers IF;https://staticcdn.svenskfotboll.se/img/teamssm/9483.png;8;Torup/Rydö FF;https://staticcdn.svenskfotboll.se/img/teamssm/7097.png;8;0-0;Övrevi C;Övrevi;Övrevi idrottsplats, N 760, Stenen, Övreby, Tvååker, Varbergs kommun, Hallands län, 432 78, Sverige;Y;57.046115;12.379083;Halland;football
7;2026-10-11;16:15;133153;Division 6B Herr;2;4;6534286;5;/go-to/?fmid=6534286;Gambian Mix IF Göteborg;https://staticcdn.svenskfotboll.se/img/teamssm/13251.png;7;Ösets BK;https://staticcdn.svenskfotboll.se/img/teamssm/9533.png;7;0-0;Generatorsplan;Generatorsplan;Minelundsvägen 14, 417 05 Göteborg;Y;57.730133;11.950968;Göteborg;football
7;2026-10-11;16:15;133156;Division 7B Herr;2;4;6534426;5;/go-to/?fmid=6534426;BK S:t Jakob;https://staticcdn.svenskfotboll.se/img/teamssm/7175.png;7;Lyckans Soldater FF;https://staticcdn.svenskfotboll.se/img/teamssm/14763.png;7;0-0;Heden 3 Konstgräs;Heden;Heden, 411 38 Göteborg;Y;57.702854;11.978368;Göteborg;football
7;2026-10-11;16:15;133801;7M7 Serie A, dam;3;5;6563316;5;/go-to/?fmid=6563316;Gårda BK;https://staticcdn.svenskfotboll.se/img/teamssm/9617.png;7;IF Mölndal Fotboll;https://staticcdn.svenskfotboll.se/img/teamssm/9569.png;7;0-0;Härlanda 11;Härlanda Park;Härlanda Park 6B, 416 52 Göteborg;Y;57.716492;12.017055;Göteborg;football
7;2026-10-11;16:15;133527;Junior Pojkar Div 2A;2;3;6538461;5;/go-to/?fmid=6538461;Askims IK;https://staticcdn.svenskfotboll.se/img/teamssm/11617.png;7;Qviding FIF;https://staticcdn.svenskfotboll.se/img/teamssm/8089.png;7;0-0;Kobbegården 1 Konstgräs;Kobbegården;Stora Åvägen 1, 436 34 Askim;Y;57.639723;11.944383;Göteborg;football
7;2026-10-11;16:15;133609;Pojkar 2013(13 år) Höst Medel Grupp C;2;3;6828783;5;/go-to/?fmid=6828783;IK Kongahälla Grön;https://staticcdn.svenskfotboll.se/img/teamssm/9590.png;7;Nol IK;https://staticcdn.svenskfotboll.se/img/teamssm/10573.png;7;0-0;Munkegärdesplan Konstgräs;Munkegärdesplan;Räfsalsvägen 11, 442 42 Kungälv;Y;57.890004;11.967916;Göteborg;football
7;2026-10-11;16:15;133525;Junior Pojkar Div 2B;2;3;6542863;5;/go-to/?fmid=6542863;Älvsborg FF 2;https://staticcdn.svenskfotboll.se/img/teamssm/9622.png;7;Kållered SK;https://staticcdn.svenskfotboll.se/img/teamssm/10787.png;7;0-0;Påvelund 1 Konstgräs;Påvelund;Redegatan 18, 426 77 Västra Frölunda;Y;57.668781;11.881476;Göteborg;football
7;2026-10-11;16:15;133616;Pojkar 2013(13 år) Höst Lätt Grupp C;2;3;6828553;5;/go-to/?fmid=6828553;Näsets SK Vit;https://staticcdn.svenskfotboll.se/img/teamssm/10510.png;7;Lindome GIF Vit;https://staticcdn.svenskfotboll.se/img/teamssm/10741.png;7;0-0;Näset Yuncture Arena 12;Åkeredsvallen;Bergsätersgatan 1, 421 66 Västra Frölunda;Y;57.631456;11.900982;Göteborg;football
7;2026-10-11;16:30;138540;P17 Kval Grupp C;2;3;6907489;5;/go-to/?fmid=6907489;Backatorp IF;https://staticcdn.svenskfotboll.se/img/teamssm/11915.png;7;Ale United;https://staticcdn.svenskfotboll.se/img/teamssm/11662.png;7;0-0;Backavallen 1 Konstgräs;Backavallen;Wadköpingsgatan 153, 422 51 Hisings Backa;Y;57.745322;11.967003;Göteborg;football
7;2026-10-11;16:30;133657;Pojkar 2015(11 år) Grupp C Höst;2;2;6845103;5;/go-to/?fmid=6845103;Björndammens BK 2015 lag vit;https://staticcdn.svenskfotboll.se/img/teamssm/9638.png;7;Serbiska KIF Semberija Göteborg P2015;https://staticcdn.svenskfotboll.se/img/teamssm/7595.png;7;-1--1;Furulundsplan 12 Konstgräs;Furulundsplan;Furulundsplan, Timmervägen, 433 47 Partille;Y;57.727253;12.129716;Göteborg;football
7;2026-10-11;16:30;133767;Flickor 2012-2013 Stor 9M9 Lätt Gr. C Höst;3;3;6828057;5;/go-to/?fmid=6828057;Sandarna BK Röd;https://staticcdn.svenskfotboll.se/img/teamssm/10367.png;7;GAIS F2012;https://staticcdn.svenskfotboll.se/img/teamssm/9614.png;7;0-0;Gröna Vallen 1;Gröna Vallen;Gröna Vallen, Svanebäcksgatan 16, 414 71 Göteborg;Y;57.687961;11.917564;Göteborg;football
1;2026-10-11;16:30;133348;Allsvenskan 2026;2;4;6530009;5;/go-to/?fmid=6530009;BK Häcken;https://staticcdn.svenskfotboll.se/img/teamssm/11080.png;7;Örgryte IS Fotboll;https://staticcdn.svenskfotboll.se/img/teamssm/12910.png;7;0-0;Nordic Wellness Arena;Nordic Wellness Arena;Inlandsgatan 48, 417 15 Göteborg;Y;57.719843;11.932408;1;football
7;2026-10-11;16:30;133588;Pojkar 2012(14 år) Medel Grupp C;2;3;6621479;5;/go-to/?fmid=6621479;Lerums IS Röd;https://staticcdn.svenskfotboll.se/img/teamssm/10756.png;7;IF Mölndal Fotboll Vit;https://staticcdn.svenskfotboll.se/img/teamssm/9569.png;7;0-0;Stenkullens IP 2 KG;Stenkullens IP;Granitvägen 3, 443 61 Stenkullen;Y;57.795326;12.310226;Göteborg;football
21;2026-10-11;17:00;139928;Kval till SvFF:s P16 Div.1 - Grupp C;2;3;6913650;5;/go-to/?fmid=6913650;IFK Falköping FF;https://staticcdn.svenskfotboll.se/img/teamssm/7190.png;21;Mariestads BK;https://staticcdn.svenskfotboll.se/img/teamssm/8679.png;21;0-0;Ållevi Konstgräs;;;N;;;Västergötland;football
21;2026-10-11;17:00;140193;Herrar, Kval till Div 4 - Grupp 1;2;4;6921987;5;/go-to/?fmid=6921987;Holmalunds City FF;https://staticcdn.svenskfotboll.se/img/teamssm/11125.png;21;IFK Trollhättan;https://staticcdn.svenskfotboll.se/img/teamssm/8696.png;21;0-0;Östlyckevallen;Brogårdsvallen;Brogårdsvallen, Mångatan, Östlyckan, Alingsås distrikt, Alingsås, Alingsås kommun, Västra Götalands län, 441 35, Sverige;Y;57.931561;12.549578;Västergötland;football
1;2026-10-11;17:00;138418;P16 Div.1 2026 B-slutspel Norra Götaland;2;3;6911937;5;/go-to/?fmid=6911937;IFK Uddevalla;https://staticcdn.svenskfotboll.se/img/teamssm/8505.png;28;Lidköpings FK;https://staticcdn.svenskfotboll.se/img/teamssm/8704.png;21;0-0;Fridhemsvallen;Fridhemsvallen;Fridhemsvallen, Fridhemsvägen, 451 93 Uddevalla;Y;58.381083;11.937419;1;football
7;2026-10-11;17:00;133798;Flickor 2015(11 år) Grupp D Höst;3;2;6840803;5;/go-to/?fmid=6840803;IK Zenith Grön;https://staticcdn.svenskfotboll.se/img/teamssm/9829.png;7;Kode IF;https://staticcdn.svenskfotboll.se/img/teamssm/10828.png;7;-1--1;Hovgårdsvallen 31 Konstgräs(Masterservice planen);Hovgårdsvallen;Gamla Lillebyvägen 1, 432 00 Torslanda;Y;57.751235;11.827376;Göteborg;football
7;2026-10-11;17:00;133586;Pojkar 2012(14 år) Svår Grupp A;2;3;6622167;5;/go-to/?fmid=6622167;IFK Göteborg;https://staticcdn.svenskfotboll.se/img/teamssm/11012.png;7;GAIS Akademi;https://staticcdn.svenskfotboll.se/img/teamssm/9614.png;7;0-0;Kviberg 6 KG;Kviberg;Luftvärnsvägen, 415 06 Göteborg;Y;57.737550;12.038540;Göteborg;football
7;2026-10-11;17:00;136461;Fotbollsligan 7M7 Herr Höst GrpB;2;5;6829519;5;/go-to/?fmid=6829519;Framtida IF;https://staticcdn.svenskfotboll.se/img/teamssm/13546.png;7;Kortedala IK;https://staticcdn.svenskfotboll.se/img/teamssm/13561.png;7;0-0;Kviberg 1 konstgräs;Kviberg;Luftvärnsvägen, 415 06 Göteborg;Y;57.737550;12.038540;Göteborg;football
8;2026-10-11;17:00;137618;F14år Röd;3;3;6778830;5;/go-to/?fmid=6778830;IF Centern;https://staticcdn.svenskfotboll.se/img/teamssm/9527.png;8;Lilla Träslövs FF;https://staticcdn.svenskfotboll.se/img/teamssm/9502.png;8;0-0;Kärlekens IP 3;Kärlekens IP;Kärlekens IP, Stenstorpsvägen, 302 30 Halmstad;Y;56.704171;12.857281;Halland;football
7;2026-10-11;17:00;133592;Pojkar 2012(14 år) Svår Grupp C;2;3;6622349;5;/go-to/?fmid=6622349;Lindome GIF Svart;https://staticcdn.svenskfotboll.se/img/teamssm/10741.png;7;GAIS 4;https://staticcdn.svenskfotboll.se/img/teamssm/9614.png;7;0-0;Lindevi IP 3 Konstgräs;Lindevi IP;Hällesåkersvägen 5, 437 91 Lindome;Y;57.585286;12.108877;Göteborg;football
8;2026-10-11;17:00;136282;Division 4 Dam Halland;3;4;6612789;5;/go-to/?fmid=6612789;Tofta GIF;https://staticcdn.svenskfotboll.se/img/teamssm/10084.png;8;Hyltebruks IF;https://staticcdn.svenskfotboll.se/img/teamssm/11090.png;8;0-0;Lindvallen A;Lindvallen;Lindvallen, Skyttevägen, Tofta, Varbergs kommun, Hallands län, 432 47, Sverige;Y;57.171079;12.289643;Halland;football
21;2026-10-11;17:00;140173;Damer, Kval till Div 2 - Grupp 3;3;4;6922100;5;/go-to/?fmid=6922100;Ödsmåls IK;https://staticcdn.svenskfotboll.se/img/teamssm/9771.png;28;Götene FK;https://staticcdn.svenskfotboll.se/img/teamssm/13173.png;21;0-0;Olssons Trävaror Arena;Olssons Trävaror Arena;Yttre Ringleden 6, 444 32 Stenungsund;Y;58.067866;11.858581;Västergötland;football
21;2026-10-11;17:00;139927;Kval till SvFF:s P16 Div.1 - Grupp B;2;3;6913640;5;/go-to/?fmid=6913640;Råda BK;https://staticcdn.svenskfotboll.se/img/teamssm/10400.png;21;Skoftebyns IF;https://staticcdn.svenskfotboll.se/img/teamssm/8653.png;21;0-0;Rådavallen Dinaplanen konstgräs;Rådavallen;Rådavallen, Vattenledningsvägen, Råda, Råda distrikt, Lidköpings kommun, Västra Götalands län, 531 59, Sverige;Y;58.499337;13.102725;Västergötland;football
7;2026-10-11;17:00;140199;Kval till div. 2 damer Grupp 2;3;4;6922042;5;/go-to/?fmid=6922042;Mossens BK;https://staticcdn.svenskfotboll.se/img/teamssm/9571.png;7;IF Centern;https://staticcdn.svenskfotboll.se/img/teamssm/9527.png;8;0-0;Valhalla 1 Konstgräs;Valhalla;Valhallagatan 6, 412 51 Göteborg;Y;57.701605;11.991324;Göteborg;football
7;2026-10-11;17:15;133588;Pojkar 2012(14 år) Medel Grupp C;2;3;6621478;5;/go-to/?fmid=6621478;IK Kongahälla Vit;https://staticcdn.svenskfotboll.se/img/teamssm/9590.png;7;Floda BoIF Vit;https://staticcdn.svenskfotboll.se/img/teamssm/11366.png;7;0-0;Romevi 3 Konstgräs;Romevi;Hög 130, 442 92 Romelanda;Y;57.937642;12.038425;Göteborg;football
7;2026-10-11;17:15;133441;Junior Pojkar Div 1;2;3;6538255;5;/go-to/?fmid=6538255;Västra Frölunda IF;https://staticcdn.svenskfotboll.se/img/teamssm/9853.png;7;Lerums IS;https://staticcdn.svenskfotboll.se/img/teamssm/10756.png;7;0-0;Välen 1 Konstgräs;Välen;Klubbvägen 20, 421 47 Västra Frölunda;Y;57.642584;11.919773;Göteborg;football
8;2026-10-11;17:30;136222;P15år;2;3;6598709;5;/go-to/?fmid=6598709;BK Astrio;https://staticcdn.svenskfotboll.se/img/teamssm/9529.png;8;Kungsbacka IF;https://staticcdn.svenskfotboll.se/img/teamssm/9505.png;8;0-0;Söndrums IP konstgräs;Söndrums IP;Söndrums Idrottsplats, Bäckagårdsvägen, Pålsbo, Bäckagård, Halmstad, Halmstads kommun, Hallands län, 302 91, Sverige;Y;56.670271;12.797138;Halland;football
7;2026-10-11;17:45;133659;Pojkar 2015(11 år) Grupp E Höst;2;2;6846156;5;/go-to/?fmid=6846156;IF Mölndal Fotboll Gul;https://staticcdn.svenskfotboll.se/img/teamssm/9569.png;7;Azalea BK Vit;https://staticcdn.svenskfotboll.se/img/teamssm/7817.png;7;-1--1;Frejaplan 11 K.Gräs;Frejaplan;Fiskargatan, 431 43 Mölndal;Y;57.656471;12.005152;Göteborg;football
7;2026-10-11;18:00;136461;Fotbollsligan 7M7 Herr Höst GrpB;2;5;6829508;5;/go-to/?fmid=6829508;Club América FF;https://staticcdn.svenskfotboll.se/img/teamssm/13314.png;7;Hermansby IF;https://staticcdn.svenskfotboll.se/img/teamssm/11150.png;7;0-0;Färjenäsplan;Färjenäsplan;Pölsebogatan, 417 67 Göteborg;Y;57.697441;11.901198;Göteborg;football
7;2026-10-11;18:00;133578;Pojkar 2011(15 år) Svår Grupp B;2;3;6608505;5;/go-to/?fmid=6608505;KF Velebit KF Velebit 2011;https://staticcdn.svenskfotboll.se/img/teamssm/9949.png;7;Utsiktens BK 1;https://staticcdn.svenskfotboll.se/img/teamssm/9982.png;7;0-0;Generatorsplan;Generatorsplan;Minelundsvägen 14, 417 05 Göteborg;Y;57.730133;11.950968;Göteborg;football
7;2026-10-11;18:00;133801;7M7 Serie A, dam;3;5;6563343;5;/go-to/?fmid=6563343;Lerums IS;https://staticcdn.svenskfotboll.se/img/teamssm/10756.png;7;IK Zenith;https://staticcdn.svenskfotboll.se/img/teamssm/9829.png;7;0-0;Hulan;Hulan;Lilla Bråtavägen, 443 51 Lerum;Y;57.750361;12.243393;Göteborg;football
7;2026-10-11;18:00;133631;Pojkar 2014(12 år) Grupp C Höst;2;2;6838401;5;/go-to/?fmid=6838401;Qviding FIF Vinröd 2;https://staticcdn.svenskfotboll.se/img/teamssm/8089.png;7;Marieholm IK Vit;https://staticcdn.svenskfotboll.se/img/teamssm/13640.png;7;-1--1;Härlanda 21;Härlanda Park;Härlanda Park 6B, 416 52 Göteborg;Y;57.716492;12.017055;Göteborg;football
7;2026-10-11;18:00;133746;Flickor 2010-2011 Medel Grupp B;3;3;6585521;5;/go-to/?fmid=6585521;Kungsbacka IF F15;https://staticcdn.svenskfotboll.se/img/teamssm/9505.png;8;IFK Hindås F-10/11;https://staticcdn.svenskfotboll.se/img/teamssm/11008.png;7;0-0;Kaparevallen;Kaparevallen;Håkullavägen 43, 439 91 Onsala;Y;57.414147;12.014084;Göteborg;football
7;2026-10-11;18:00;136459;Fotbollsligan 7M7 Herr Höst GrpA;2;5;6829577;5;/go-to/?fmid=6829577;Dzair FC;https://staticcdn.svenskfotboll.se/img/teamssm/14796.png;7;Eriksbergs IF;https://staticcdn.svenskfotboll.se/img/teamssm/9629.png;7;0-0;Karl Johans Torg Konstgräs 9M9;Karl Johans Torg;Karl Johanstorget 1, 414 61 Göteborg;Y;57.694518;11.929255;Göteborg;football
7;2026-10-11;18:00;133117;Träningsmatcher Ungdomar Göteborg Pojk;2;3;6913700;5;/go-to/?fmid=6913700;Utbynäs SK Blå;https://staticcdn.svenskfotboll.se/img/teamssm/9983.png;7;Hjuviks AIK;https://staticcdn.svenskfotboll.se/img/teamssm/8330.png;7;0-0;Kviberg 5 konstgräs;Kviberg;Luftvärnsvägen, 415 06 Göteborg;Y;57.737550;12.038540;Göteborg;football
7;2026-10-11;18:00;133764;Flickor 2012-2013 Liten 9M9 Lätt Gr. B Höst;3;3;6828261;5;/go-to/?fmid=6828261;Kungälvs FF/Romelanda UF;https://staticcdn.svenskfotboll.se/img/teamssm/8050.png;7;Kållered SK Blå;https://staticcdn.svenskfotboll.se/img/teamssm/10787.png;7;0-0;Munkegärdesplan 21 Konstgräs;Munkegärdesplan;Räfsalsvägen 11, 442 42 Kungälv;Y;57.890004;11.967916;Göteborg;football
21;2026-10-11;18:00;139926;Kval till SvFF:s P16 Div.1 - Grupp A;2;3;6913635;5;/go-to/?fmid=6913635;Vänersborgs IF;https://staticcdn.svenskfotboll.se/img/teamssm/8627.png;21;Ulricehamns IFK;https://staticcdn.svenskfotboll.se/img/teamssm/7738.png;21;0-0;Vänersvallen Nord;Vänersvallen;Gropbrovägen 4, 462 56 Vänersborg;Y;58.367442;12.323966;Västergötland;football
7;2026-10-11;18:00;133198;Division 5A Dam;3;4;6533937;5;/go-to/?fmid=6533937;Älvängens IK (B);https://staticcdn.svenskfotboll.se/img/teamssm/9783.png;7;IK Kongahälla (U);https://staticcdn.svenskfotboll.se/img/teamssm/9590.png;7;0-0;Älvevi 21 Konstgräs;Älvevi;Hövägen 23, 446 32 Älvängen;Y;57.954092;12.123567;Göteborg;football
7;2026-10-11;18:15;133577;Pojkar 2011(15 år) Svår Grupp A;2;3;6608315;5;/go-to/?fmid=6608315;Croatia Göteborg;https://staticcdn.svenskfotboll.se/img/teamssm/9633.png;7;IK Zenith Grön;https://staticcdn.svenskfotboll.se/img/teamssm/9829.png;7;0-0;Bergsjövallen 2 Konstgräs;Bergsjövallen;Sjustjärnan 20, 415 51 Göteborg;Y;57.750377;12.057010;Göteborg;football
7;2026-10-11;18:15;133441;Junior Pojkar Div 1;2;3;6538316;5;/go-to/?fmid=6538316;Hovås Billdal IF 1;https://staticcdn.svenskfotboll.se/img/teamssm/11109.png;7;Ytterby IS;https://staticcdn.svenskfotboll.se/img/teamssm/9832.png;7;0-0;Hovås Billdal Arena 1;Hovås Billdal Arena;Kruniusvägen, 427 36 Billdal;Y;57.589555;11.946909;Göteborg;football
7;2026-10-11;19:00;133802;7M7 Serie B, dam;3;5;6563393;5;/go-to/?fmid=6563393;Utbynäs SK;https://staticcdn.svenskfotboll.se/img/teamssm/9983.png;7;Hermansby IF;https://staticcdn.svenskfotboll.se/img/teamssm/11150.png;7;0-0;Lemmingvallen 21 Konstgräs;Lemmingvallen;Lemmingsgatan 5, 415 07 Göteborg;Y;57.734850;12.052148;Göteborg;football
7;2026-10-11;19:00;133588;Pojkar 2012(14 år) Medel Grupp C;2;3;6621412;5;/go-to/?fmid=6621412;Floda BoIF Vit;https://staticcdn.svenskfotboll.se/img/teamssm/11366.png;7;IK Kongahälla Vit;https://staticcdn.svenskfotboll.se/img/teamssm/9590.png;7;0-0;Romevi 3 Konstgräs;Romevi;Hög 130, 442 92 Romelanda;Y;57.937642;12.038425;Göteborg;football
7;2026-10-11;19:00;133616;Pojkar 2013(13 år) Höst Lätt Grupp C;2;3;6828552;5;/go-to/?fmid=6828552;Fässbergs IF Vit;https://staticcdn.svenskfotboll.se/img/teamssm/9620.png;7;Utbynäs SK Blå;https://staticcdn.svenskfotboll.se/img/teamssm/9983.png;7;0-0;Rävekärrsplan;Rävekärrsplan;Fågelbergsgatan 6, 431 33 Mölndal;Y;57.643218;12.034367;Göteborg;football
7;2026-10-11;19:30;133577;Pojkar 2011(15 år) Svår Grupp A;2;3;6608263;5;/go-to/?fmid=6608263;Qviding FIF 1;https://staticcdn.svenskfotboll.se/img/teamssm/8089.png;7;Fässbergs IF Lila;https://staticcdn.svenskfotboll.se/img/teamssm/9620.png;7;0-0;Härlanda Park 1 Konstgräs;Härlanda Park;Härlanda Park 6B, 416 52 Göteborg;Y;57.716492;12.017055;Göteborg;football
7;2026-10-11;19:45;136459;Fotbollsligan 7M7 Herr Höst GrpA;2;5;6829590;5;/go-to/?fmid=6829590;Alealiber IF;https://staticcdn.svenskfotboll.se/img/teamssm/13380.png;7;Näsets SK;https://staticcdn.svenskfotboll.se/img/teamssm/10510.png;7;0-0;Heden 21 Konstgräs;Heden;Heden, 411 38 Göteborg;Y;57.702854;11.978368;Göteborg;football
8;2026-10-12;11:00;137649;P14år Vit;2;3;6781242;5;/go-to/?fmid=6781242;Halmstads BK Blå;https://staticcdn.svenskfotboll.se/img/teamssm/9517.png;8;Halmstads BK Gul;https://staticcdn.svenskfotboll.se/img/teamssm/9517.png;8;0-0;Halmstad Arena P7;Halmstad Arena;Kristinehedsvägen 4B, 302 44 Halmstad;Y;56.675943;12.888513;Halland;football
1;2026-10-12;14:00;135385;Ligacupen Elit Västra;2;4;6581949;5;/go-to/?fmid=6581949;Örgryte IS Fotboll;https://staticcdn.svenskfotboll.se/img/teamssm/12910.png;7;IK Oddevold;https://staticcdn.svenskfotboll.se/img/teamssm/10500.png;28;0-0;Hammarviken Arena;ÖIS-gården;Korndalsvägen 3, 412 76 Göteborg;Y;57.675233;12.028495;1;football
7;2026-10-12;17:15;133814;Flickor 2016(10 år) Grupp E Höst;3;2;6829820;5;/go-to/?fmid=6829820;Öjersjö IF F16 Blå;https://staticcdn.svenskfotboll.se/img/teamssm/7552.png;7;Sävedalens IF Blå;https://staticcdn.svenskfotboll.se/img/teamssm/9545.png;7;-1--1;Storegård;Storegård;Ekeblads väg, 433 51 Öjersjö;Y;57.702225;12.142051;Göteborg;football
7;2026-10-12;18:15;133607;Pojkar 2013(13 år) Höst Svår Grupp B;2;3;6828987;5;/go-to/?fmid=6828987;Proletären FF;https://staticcdn.svenskfotboll.se/img/teamssm/10466.png;7;Solväders FC;https://staticcdn.svenskfotboll.se/img/teamssm/12147.png;7;0-0;Åkeredsvallen 22 Konstgräs;Åkeredsvallen;Bergsätersgatan 1, 421 66 Västra Frölunda;Y;57.631456;11.900982;Göteborg;football
8;2026-10-12;18:30;137261;Nivå 3 Mellersta Södra Herrar;2;4;6733884;5;/go-to/?fmid=6733884;Hyltebruks IF;https://staticcdn.svenskfotboll.se/img/teamssm/11090.png;8;Oskarströms IS U;https://staticcdn.svenskfotboll.se/img/teamssm/10488.png;8;0-0;Örnvallen konstgräs;Örnvallen;Gamla Nissastigen 77, 314 32 Hyltebruk;Y;57.004760;13.250475;Halland;football
1;2026-10-12;19:00;133348;Allsvenskan 2026;2;4;6530012;5;/go-to/?fmid=6530012;IF Elfsborg;https://staticcdn.svenskfotboll.se/img/teamssm/11429.png;21;Halmstad;https://staticcdn.svenskfotboll.se/img/teamssm/12921.png;8;0-0;Borås Arena;Borås Arena;Borås Arena, Ålgårdsvägen 16, 506 30 Borås;Y;57.734400;12.934766;1;football
21;2026-10-12;19:00;136514;Pojkar Div 4 Trollhättan;2;3;6709023;5;/go-to/?fmid=6709023;Holmalund City FF;https://staticcdn.svenskfotboll.se/img/teamssm/11125.png;21;Trollhättan BOIS;https://staticcdn.svenskfotboll.se/img/teamssm/8643.png;21;0-0;Östlyckevallen;Brogårdsvallen;Brogårdsvallen, Mångatan, Östlyckan, Alingsås distrikt, Alingsås, Alingsås kommun, Västra Götalands län, 441 35, Sverige;Y;57.931561;12.549578;Västergötland;football
1;2026-10-12;19:00;133339;Ettan Södra, herr 2026;2;4;6538146;5;/go-to/?fmid=6538146;Laholms FK;https://staticcdn.svenskfotboll.se/img/teamssm/9504.png;8;Tvååkers IF;https://staticcdn.svenskfotboll.se/img/teamssm/9483.png;8;0-0;Glänninge Park B;Glänninge Park;Hellbakken 1, 312 36 Laholm;Y;56.501248;13.054870;1;football
1;2026-10-12;19:00;135385;Ligacupen Elit Västra;2;4;6581946;5;/go-to/?fmid=6581946;Varbergs BoIS FC;https://staticcdn.svenskfotboll.se/img/teamssm/7701.png;8;Ljungskile SK Herrfotboll;https://staticcdn.svenskfotboll.se/img/teamssm/13211.png;28;0-0;Påskbergsvallen;Påskbergsvallen;Påskbergsvallen, Kattegattsvägen, Mariedal, Sörse, Varberg, Varbergs kommun, Hallands län, 432 43, Sverige;Y;57.097747;12.265223;1;football
28;2026-10-12;19:00;135691;BDFF P15-19 Blå Norra;2;3;6683798;5;/go-to/?fmid=6683798;Eds FF P 15-19 år;https://staticcdn.svenskfotboll.se/img/teamssm/11441.png;28;Tanums IF 15-19år;https://staticcdn.svenskfotboll.se/img/teamssm/10104.png;28;0-0;SJB Arena;SJB Arena;SJB Arena, Stubbekasvägen, Ed, Dals-Eds kommun, Västra Götalands län, 668 30, Sverige;Y;58.907774;11.944674;Bohuslän-Dalsland;football
1;2026-10-12;19:15;138411;P17 Div.1 2026 B-slutspel Nordvästra Götaland;2;3;6912032;5;/go-to/?fmid=6912032;Vänersborgs FK;https://staticcdn.svenskfotboll.se/img/teamssm/8626.png;21;IK Oddevold;https://staticcdn.svenskfotboll.se/img/teamssm/10500.png;28;0-0;Hallevi IP, Wargön C-plan;Hallevi IP;Nordkroksvägen 85, 468 33 Vargön;Y;58.366825;12.400851;1;football
21;2026-10-12;19:30;136510;Pojkar Div 4 Borås;2;3;6711027;5;/go-to/?fmid=6711027;Hestrafors IF;https://staticcdn.svenskfotboll.se/img/teamssm/11145.png;21;Bergdalens IK;https://staticcdn.svenskfotboll.se/img/teamssm/11592.png;21;0-0;Bollevi Konstgräs;Bollevi;BRANDSHED 44, 517 92 Bollebygd;Y;57.710389;12.582741;Västergötland;football
7;2026-10-12;19:30;133759;Flickor 2012-2013 Stor 9M9 Medel Gr. C Höst;3;3;6827855;5;/go-to/?fmid=6827855;Lindome GIF;https://staticcdn.svenskfotboll.se/img/teamssm/10741.png;7;Örgryte IS Fotboll Blå;https://staticcdn.svenskfotboll.se/img/teamssm/12910.png;7;0-0;Lindevi IP 3 Konstgräs;Lindevi IP;Hällesåkersvägen 5, 437 91 Lindome;Y;57.585286;12.108877;Göteborg;football
7;2026-10-12;19:35;133573;Pojkar 2009-2010(16-17 år) Lätt Grupp A;2;3;6600193;4;/go-to/?fmid=6600193;Donsö IS;https://staticcdn.svenskfotboll.se/img/teamssm/9631.png;7;Sävedalens IF Röd;https://staticcdn.svenskfotboll.se/img/teamssm/9545.png;7;3-0;Donsövallen;Donsövallen;Donsövallen, Lurkenvägen 2, 430 82 Donsö;Y;57.605163;11.805907;Göteborg;football
7;2026-10-12;19:45;133198;Division 5A Dam;3;4;6534022;5;/go-to/?fmid=6534022;Öckerö IF (B);https://staticcdn.svenskfotboll.se/img/teamssm/9774.png;7;Hälsö BK;https://staticcdn.svenskfotboll.se/img/teamssm/11065.png;7;0-0;Prästängen 1 Konstgräs;Prästängen;PRÄSTÄNGEN 1, 475 31 Öckerö;Y;57.717030;11.641158;Göteborg;football
7;2026-10-12;20:00;133746;Flickor 2010-2011 Medel Grupp B;3;3;6585602;5;/go-to/?fmid=6585602;Landvetter IF 2003 F11 Svart;https://staticcdn.svenskfotboll.se/img/teamssm/6789.png;7;IK Zenith F16;https://staticcdn.svenskfotboll.se/img/teamssm/9829.png;7;0-0;Landvetter IP B-plan;Landvetter IP;Tahultsvägen 60, 438 35 Landvetter;Y;57.702382;12.203031;Göteborg;football
7;2026-10-12;20:00;133745;Flickor 2010-2011 Lätt Grupp B;3;3;6585130;5;/go-to/?fmid=6585130;Surte/Ahlafors;https://staticcdn.svenskfotboll.se/img/teamssm/12036.png;7;Bergums IF U-trupp flickor 2011-2012;https://staticcdn.svenskfotboll.se/img/teamssm/11584.png;7;0-0;Surte 2 Konstgräs;Surte IP;Idrottsvägen 4, 445 55 Surte;Y;57.836279;12.017412;Göteborg;football
7;2026-10-12;20:15;133570;Pojkar 2009-2010(16-17 år) Svår Grupp A;2;3;6602039;5;/go-to/?fmid=6602039;Sandarna BK Röd;https://staticcdn.svenskfotboll.se/img/teamssm/10367.png;7;Landvetter IS;https://staticcdn.svenskfotboll.se/img/teamssm/10768.png;7;0-0;Apelsinplan 1 Gräs;Apelsinplan;Apelsingatan 6, 426 54 Västra Frölunda;Y;57.655054;11.882940;Göteborg;football
7;2026-10-12;20:15;133727;Reserv Elit Göteborg;2;4;6578217;5;/go-to/?fmid=6578217;Västkurd BK;https://staticcdn.svenskfotboll.se/img/teamssm/12987.png;7;IK Kongahälla;https://staticcdn.svenskfotboll.se/img/teamssm/9590.png;7;0-0;Generatorsplan;Generatorsplan;Minelundsvägen 14, 417 05 Göteborg;Y;57.730133;11.950968;Göteborg;football
7;2026-10-12;20:15;133198;Division 5A Dam;3;4;6534020;5;/go-to/?fmid=6534020;Romelanda UF/KIS/KIF;https://staticcdn.svenskfotboll.se/img/teamssm/10427.png;7;Hjuviks AIK;https://staticcdn.svenskfotboll.se/img/teamssm/8330.png;7;0-0;Romevi 3 Konstgräs;Romevi;Hög 130, 442 92 Romelanda;Y;57.937642;12.038425;Göteborg;football
7;2026-10-12;20:15;133580;Pojkar 2011(15 år) Lätt Grupp B;2;3;6607649;5;/go-to/?fmid=6607649;Sävedalens IF Röd;https://staticcdn.svenskfotboll.se/img/teamssm/9545.png;7;Floda BoIF P11;https://staticcdn.svenskfotboll.se/img/teamssm/11366.png;7;0-0;Vallhamra 2 Konstgräs;Vallhamra IP;Ugglumsleden 48, 433 64 Sävedalen;Y;57.724452;12.079253;Göteborg;football
8;2026-10-13;00:00;136547;F12år Vit;3;2;6710671;5;/go-to/?fmid=6710671;Varbergs BoIS FC Svart;https://staticcdn.svenskfotboll.se/img/teamssm/7701.png;8;BK Astrio Gul;https://staticcdn.svenskfotboll.se/img/teamssm/9529.png;8;-1--1;Påskbergsvallen Sahara;Påskbergsvallen;Påskbergsvallen, Kattegattsvägen, Mariedal, Sörse, Varberg, Varbergs kommun, Hallands län, 432 43, Sverige;Y;57.097747;12.265223;Halland;football
1;2026-10-13;14:00;135385;Ligacupen Elit Västra;2;4;6581947;5;/go-to/?fmid=6581947;IFK Göteborg;https://staticcdn.svenskfotboll.se/img/teamssm/11012.png;7;IF Elfsborg;https://staticcdn.svenskfotboll.se/img/teamssm/11429.png;21;0-0;Kamratgården 2 hybrid;Kamratgården;Kamratgårdsvägen 50, 416 55 Göteborg;Y;57.697445;12.029333;1;football
7;2026-10-13;17:00;133782;Flickor 2014(12 år) Grupp E Höst;3;2;6836097;5;/go-to/?fmid=6836097;Askims IK F2014 U12 Svart;https://staticcdn.svenskfotboll.se/img/teamssm/11617.png;7;Balltorps FF 1;https://staticcdn.svenskfotboll.se/img/teamssm/8047.png;7;-1--1;Kobbegården Övre 21;Kobbegården;Stora Åvägen 1, 436 34 Askim;Y;57.639723;11.944383;Göteborg;football
21;2026-10-13;17:30;136663;Pojkar Div 6 Alingsås;2;3;6721558;5;/go-to/?fmid=6721558;Holmalund City FF Svart;https://staticcdn.svenskfotboll.se/img/teamssm/11125.png;21;IF Elfsborg Gul;https://staticcdn.svenskfotboll.se/img/teamssm/11429.png;21;0-0;Östlyckevallen;Brogårdsvallen;Brogårdsvallen, Mångatan, Östlyckan, Alingsås distrikt, Alingsås, Alingsås kommun, Västra Götalands län, 441 35, Sverige;Y;57.931561;12.549578;Västergötland;football
7;2026-10-13;18:00;133782;Flickor 2014(12 år) Grupp E Höst;3;2;6836085;5;/go-to/?fmid=6836085;Romelanda UF F14;https://staticcdn.svenskfotboll.se/img/teamssm/10427.png;7;Kode IF 2;https://staticcdn.svenskfotboll.se/img/teamssm/10828.png;7;-1--1;Romevi 32 Konstgräs;Romevi;Hög 130, 442 92 Romelanda;Y;57.937642;12.038425;Göteborg;football
7;2026-10-13;18:30;133588;Pojkar 2012(14 år) Medel Grupp C;2;3;6621484;5;/go-to/?fmid=6621484;IF Mölndal Fotboll Vit;https://staticcdn.svenskfotboll.se/img/teamssm/9569.png;7;Lunden Överås BK Vit;https://staticcdn.svenskfotboll.se/img/teamssm/10705.png;7;0-0;Bifrostplan;Bifrostplan;Pinnharvsgatan 11, 431 47 Mölndal;Y;57.660287;11.990525;Göteborg;football
8;2026-10-13;18:30;136282;Division 4 Dam Halland;3;4;6612693;5;/go-to/?fmid=6612693;Getinge IF;https://staticcdn.svenskfotboll.se/img/teamssm/11297.png;8;Tvååkers IF;https://staticcdn.svenskfotboll.se/img/teamssm/9483.png;8;0-0;Getinge IP D konstgräs;Getinge IP;Getinge idrottsplats, N 625, Eskilstorp, Getinge, Halmstads kommun, Hallands län, 310 44, Sverige;N;56.809430;12.736674;Halland;football
8;2026-10-13;18:30;136159;P16-17år;2;3;6596860;5;/go-to/?fmid=6596860;Alets IK;https://staticcdn.svenskfotboll.se/img/teamssm/9531.png;8;HGH FC;https://staticcdn.svenskfotboll.se/img/teamssm/9516.png;8;0-0;Halmstad Arena P7;Halmstad Arena;Kristinehedsvägen 4B, 302 44 Halmstad;Y;56.675943;12.888513;Halland;football
7;2026-10-13;18:30;133760;Flickor 2012-2013 Liten 9M9 Medel Gr. A Höst;3;3;6828208;5;/go-to/?fmid=6828208;GAIS;https://staticcdn.svenskfotboll.se/img/teamssm/9614.png;7;Nödinge SK Fotboll Blå;https://staticcdn.svenskfotboll.se/img/teamssm/10503.png;7;0-0;Heden 21 Konstgräs;Heden;Heden, 411 38 Göteborg;Y;57.702854;11.978368;Göteborg;football
7;2026-10-13;18:30;133582;Pojkar 2012(14 år) Svår Grupp B;2;3;6622218;5;/go-to/?fmid=6622218;BK Häcken Svart;https://staticcdn.svenskfotboll.se/img/teamssm/11080.png;7;Jonsereds IF Gul;https://staticcdn.svenskfotboll.se/img/teamssm/9595.png;7;0-0;Slättadamm 2 konstgräs;Slättadamm;Slättadammsgatan 6, 417 25 Göteborg;Y;57.730565;11.927705;Göteborg;football
8;2026-10-13;18:30;139133;F13år Röd A Höst;3;3;6896268;5;/go-to/?fmid=6896268;BK Astrio Svart;https://staticcdn.svenskfotboll.se/img/teamssm/9529.png;8;HGH FC;https://staticcdn.svenskfotboll.se/img/teamssm/9516.png;8;0-0;Söndrums IP C;Söndrums IP;Söndrums Idrottsplats, Bäckagårdsvägen, Pålsbo, Bäckagård, Halmstad, Halmstads kommun, Hallands län, 302 91, Sverige;Y;56.670271;12.797138;Halland;football
7;2026-10-13;18:30;133614;Pojkar 2013(13 år) Höst Svår Grupp A;2;3;6828817;5;/go-to/?fmid=6828817;Sävedalens IF Svart;https://staticcdn.svenskfotboll.se/img/teamssm/9545.png;7;GAIS 3;https://staticcdn.svenskfotboll.se/img/teamssm/9614.png;7;0-0;Vallhamra 2 Konstgräs;Vallhamra IP;Ugglumsleden 48, 433 64 Sävedalen;Y;57.724452;12.079253;Göteborg;football
7;2026-10-13;18:30;133607;Pojkar 2013(13 år) Höst Svår Grupp B;2;3;6829024;5;/go-to/?fmid=6829024;Öjersjö IF 3;https://staticcdn.svenskfotboll.se/img/teamssm/7552.png;7;Lindome GIF Svart;https://staticcdn.svenskfotboll.se/img/teamssm/10741.png;7;0-0;Öjersjö IP 11 Konstgräs;Öjersjö IP;Tallmossevägen 9, 433 50 Öjersjö;Y;57.702889;12.149245;Göteborg;football
7;2026-10-13;18:35;138261;Pojkar 2013(13 år) Höst Medel Grupp F;2;3;6828972;5;/go-to/?fmid=6828972;Espanyol Göteborg IF;https://staticcdn.svenskfotboll.se/img/teamssm/13418.png;7;Serbiska KIF Semberija Göteborg;https://staticcdn.svenskfotboll.se/img/teamssm/7595.png;7;0-0;Kviberg 2:21;Kviberg;Luftvärnsvägen, 415 06 Göteborg;Y;57.737550;12.038540;Göteborg;football
7;2026-10-13;19:00;136239;Pojkar 2009-2010(16-17 år) Lätt Grupp B;2;3;6600281;5;/go-to/?fmid=6600281;Särö Kullavik IF 2;https://staticcdn.svenskfotboll.se/img/teamssm/9496.png;8;Kållered SK;https://staticcdn.svenskfotboll.se/img/teamssm/10787.png;7;0-0;Bukärrs IP;Bukärrs IP;Västra Särövägen 29, 429 42 Särö;Y;57.518719;11.961004;Göteborg;football
21;2026-10-13;19:00;136552;Herrar, Utveckling A Borås;2;4;6757881;5;/go-to/?fmid=6757881;Högvad/Svenljunga U;https://staticcdn.svenskfotboll.se/img/teamssm/6929.png;21;Hestrafors IF U;https://staticcdn.svenskfotboll.se/img/teamssm/11145.png;21;0-0;Högvalla IP A konstgräs;Högvalla IP;Högvalla IP, Högelid, 512 52 Svenljunga;Y;57.498164;13.103622;Västergötland;football
21;2026-10-13;19:00;133335;Damer DM - Cup;3;4;6520114;5;/go-to/?fmid=6520114;Råda BK;https://staticcdn.svenskfotboll.se/img/teamssm/10400.png;21;IF Elfsborg;https://staticcdn.svenskfotboll.se/img/teamssm/11429.png;21;0-0;Rådavallen Dinaplanen konstgräs;Rådavallen;Rådavallen, Vattenledningsvägen, Råda, Råda distrikt, Lidköpings kommun, Västra Götalands län, 531 59, Sverige;Y;58.499337;13.102725;Västergötland;football
8;2026-10-13;19:00;136201;P15-16år blå;2;3;6598204;5;/go-to/?fmid=6598204;Snöstorp Nyhem FF Röd;https://staticcdn.svenskfotboll.se/img/teamssm/7704.png;8;Varbergs BoIS FC;https://staticcdn.svenskfotboll.se/img/teamssm/7701.png;8;0-0;Skedalaheds IP 3;Skedalaheds IP;Skedalahed 114, 305 93 Halmstad;Y;56.686715;12.945246;Halland;football
7;2026-10-13;19:15;136461;Fotbollsligan 7M7 Herr Höst GrpB;2;5;6829517;5;/go-to/?fmid=6829517;Hermansby IF;https://staticcdn.svenskfotboll.se/img/teamssm/11150.png;7;Kärra KIF C-lag;https://staticcdn.svenskfotboll.se/img/teamssm/10780.png;7;0-0;Kärnavallen 21 Konstgräs;Kärnavallen;Lyckevägen 16, 442 70 Kärna;Y;57.848420;11.786315;Göteborg;football
7;2026-10-13;19:30;133577;Pojkar 2011(15 år) Svår Grupp A;2;3;6608379;5;/go-to/?fmid=6608379;Croatia Göteborg;https://staticcdn.svenskfotboll.se/img/teamssm/9633.png;7;Torslanda IK Röd;https://staticcdn.svenskfotboll.se/img/teamssm/10068.png;7;0-0;Bergsjövallen 2 Konstgräs;Bergsjövallen;Sjustjärnan 20, 415 51 Göteborg;Y;57.750377;12.057010;Göteborg;football
7;2026-10-13;19:30;133591;Pojkar 2012(14 år) Lätt Grupp D;2;3;6620990;5;/go-to/?fmid=6620990;IFK Hindås;https://staticcdn.svenskfotboll.se/img/teamssm/11008.png;7;Öjersjö IF Blå;https://staticcdn.svenskfotboll.se/img/teamssm/7552.png;7;0-0;Fagervallen 2 Konstgräs;Fagervallen;Sportvägen 9, 438 98 Hindås;Y;57.695964;12.435282;Göteborg;football
7;2026-10-13;19:30;135972;Flickor 2010-2011 9M9;3;3;6584822;5;/go-to/?fmid=6584822;Lekstorps IF F11/12 Grön;https://staticcdn.svenskfotboll.se/img/teamssm/10760.png;7;Gunnilse IS F2010-2011;https://staticcdn.svenskfotboll.se/img/teamssm/11237.png;7;0-0;LP - Idrottspark A - plan;LP - Idrottspark;LP Idrottspark, Sportvägen 7, 443 40 Gråbo;Y;57.841028;12.289142;Göteborg;football
7;2026-10-13;19:30;133579;Pojkar 2011(15 år) Lätt Grupp A;2;3;6607258;5;/go-to/?fmid=6607258;Ahlafors/Älvängen/Nol;https://staticcdn.svenskfotboll.se/img/teamssm/11662.png;7;IK Zenith Vit;https://staticcdn.svenskfotboll.se/img/teamssm/9829.png;7;0-0;Svenska Stenhus Arena 3 Konstgräs;Sjövallen IP;Sjövallavägen 111, 449 50 Alafors;Y;57.915942;12.107763;Göteborg;football
7;2026-10-13;19:30;133577;Pojkar 2011(15 år) Svår Grupp A;2;3;6608231;5;/go-to/?fmid=6608231;Surte IS FK;https://staticcdn.svenskfotboll.se/img/teamssm/12036.png;7;Örgryte IS Fotboll;https://staticcdn.svenskfotboll.se/img/teamssm/12910.png;7;0-0;Surte 2 Konstgräs;Surte IP;Idrottsvägen 4, 445 55 Surte;Y;57.836279;12.017412;Göteborg;football
21;2026-10-13;19:30;139933;Kval till SvFF:s P19 Div.1 - Grupp A;2;3;6913671;5;/go-to/?fmid=6913671;IFK Skövde FK U18;https://staticcdn.svenskfotboll.se/img/teamssm/7848.png;21;Ulricehamns IFK U18;https://staticcdn.svenskfotboll.se/img/teamssm/7738.png;21;0-0;Södermalms IP B;Södermalms IP;Södermalms idrottsplats, Skaraborgsgatan, Södermalm, Skövde, Skövde kommun, Västra Götalands län, 541 52, Sverige;Y;58.378431;13.840427;Västergötland;football
7;2026-10-13;19:30;133580;Pojkar 2011(15 år) Lätt Grupp B;2;3;6607614;5;/go-to/?fmid=6607614;Lerkils IF;https://staticcdn.svenskfotboll.se/img/teamssm/10757.png;8;Öjersjö IF Svart 1;https://staticcdn.svenskfotboll.se/img/teamssm/7552.png;7;0-0;Ängås IP D;Ängås IP;Ängåsvägen 39, 434 93 Vallda;Y;57.454340;11.941076;Göteborg;football
7;2026-10-13;20:00;133744;Flickor 2010-2011 Lätt Grupp A;3;3;6585009;5;/go-to/?fmid=6585009;Backatorp IF;https://staticcdn.svenskfotboll.se/img/teamssm/11915.png;7;Angereds IS F10/11;https://staticcdn.svenskfotboll.se/img/teamssm/12744.png;7;0-0;Backavallen 1 Konstgräs;Backavallen;Wadköpingsgatan 153, 422 51 Hisings Backa;Y;57.745322;11.967003;Göteborg;football
7;2026-10-13;20:00;136238;Pojkar 2009-2010(16-17 år) Svår Grupp B;2;3;6602108;5;/go-to/?fmid=6602108;Mossens BK Svart;https://staticcdn.svenskfotboll.se/img/teamssm/9571.png;7;Fässbergs IF U16;https://staticcdn.svenskfotboll.se/img/teamssm/9620.png;7;0-0;Guldheden Södra 1 Konstgräs;Guldheden Södra;Gibraltargatan 41, 412 58 Göteborg;Y;57.681136;11.982964;Göteborg;football
7;2026-10-13;20:00;136238;Pojkar 2009-2010(16-17 år) Svår Grupp B;2;3;6602187;5;/go-to/?fmid=6602187;SG Ruddalen IF U17;https://staticcdn.svenskfotboll.se/img/teamssm/11284.png;7;Mölnlycke IS Ungdom;https://staticcdn.svenskfotboll.se/img/teamssm/13695.png;7;0-0;Heden 4 Konstgräs;Heden;Heden, 411 38 Göteborg;Y;57.702854;11.978368;Göteborg;football
7;2026-10-13;20:00;133766;Flickor 2012-2013 Stor 9M9 Lätt Gr. A Höst;3;3;6828126;5;/go-to/?fmid=6828126;Hjuviks AIK Vit F13;https://staticcdn.svenskfotboll.se/img/teamssm/8330.png;7;Jitex BK Vit;https://staticcdn.svenskfotboll.se/img/teamssm/7516.png;7;0-0;21:47 Arena 1;Hästevik;Torslanda Hästeviks väg, 423 41 Torslanda;Y;57.718779;11.721591;Göteborg;football
1;2026-10-13;20:00;129353;P17 Allsvenskan B-slutspel Södra;2;3;6887146;5;/go-to/?fmid=6887146;IFK Göteborg;https://staticcdn.svenskfotboll.se/img/teamssm/11012.png;7;Örgryte IS Fotboll;https://staticcdn.svenskfotboll.se/img/teamssm/12910.png;7;0-0;Kviberg 6 KG;Kviberg;Luftvärnsvägen, 415 06 Göteborg;Y;57.737550;12.038540;1;football
7;2026-10-13;20:00;133576;Pojkar 2011(15 år) Medel Grupp B;2;3;6607922;5;/go-to/?fmid=6607922;Älvsborg FF Blå;https://staticcdn.svenskfotboll.se/img/teamssm/9622.png;7;Lerums IS;https://staticcdn.svenskfotboll.se/img/teamssm/10756.png;7;0-0;Påvelund 1 Konstgräs;Påvelund;Redegatan 18, 426 77 Västra Frölunda;Y;57.668781;11.881476;Göteborg;football
1;2026-10-13;20:00;138411;P17 Div.1 2026 B-slutspel Nordvästra Götaland;2;3;6912026;5;/go-to/?fmid=6912026;Utsiktens BK;https://staticcdn.svenskfotboll.se/img/teamssm/9982.png;7;Backatorp IF;https://staticcdn.svenskfotboll.se/img/teamssm/11915.png;7;0-0;Ruddalen Konstgräs 2;Ruddalen;Anna Östvägen 8, 426 68 Västra Frölunda;Y;57.664609;11.909282;1;football
7;2026-10-13;20:00;133525;Junior Pojkar Div 2B;2;3;6542912;5;/go-to/?fmid=6542912;Torslanda IK HJ 2;https://staticcdn.svenskfotboll.se/img/teamssm/10068.png;7;IK Zenith J19;https://staticcdn.svenskfotboll.se/img/teamssm/9829.png;7;0-0;Torslandavallen 2 Konstgräs;Torslandavallen;Torslanda Idrottsväg 17, 423 32 Torslanda;Y;57.718280;11.757490;Göteborg;football
7;2026-10-13;20:15;133152;Division 6A Herr;2;4;6532645;5;/go-to/?fmid=6532645;Inter GIF;https://staticcdn.svenskfotboll.se/img/teamssm/13055.png;7;FC Kålltorp;https://staticcdn.svenskfotboll.se/img/teamssm/13416.png;7;0-0;Härlanda Park 1 Konstgräs;Härlanda Park;Härlanda Park 6B, 416 52 Göteborg;Y;57.716492;12.017055;Göteborg;football
7;2026-10-13;20:15;138257;Junior Flickor Div 3 Höst;3;3;6827589;5;/go-to/?fmid=6827589;Askims IK F-2008/2009/2010;https://staticcdn.svenskfotboll.se/img/teamssm/11617.png;7;IK Zenith DJ;https://staticcdn.svenskfotboll.se/img/teamssm/9829.png;7;0-0;Kobbegården 1 Konstgräs;Kobbegården;Stora Åvägen 1, 436 34 Askim;Y;57.639723;11.944383;Göteborg;football
7;2026-10-13;20:15;133525;Junior Pojkar Div 2B;2;3;6543020;5;/go-to/?fmid=6543020;Eriksbergs IF 1;https://staticcdn.svenskfotboll.se/img/teamssm/9629.png;7;Gårdsten FC;https://staticcdn.svenskfotboll.se/img/teamssm/13638.png;7;0-0;Krokängsplan 1 Konstgräs;Krokängsplan;Säterigatan 15, 417 69 Göteborg;Y;57.702920;11.910432;Göteborg;football
7;2026-10-13;20:15;133156;Division 7B Herr;2;4;6534429;5;/go-to/?fmid=6534429;Göteborgs City FF;https://staticcdn.svenskfotboll.se/img/teamssm/11911.png;7;Chalmers Studentkårs IS;https://staticcdn.svenskfotboll.se/img/teamssm/12988.png;7;0-0;Kviberg 9 KG;Kviberg;Luftvärnsvägen, 415 06 Göteborg;Y;57.737550;12.038540;Göteborg;football
7;2026-10-13;20:15;136238;Pojkar 2009-2010(16-17 år) Svår Grupp B;2;3;6602248;5;/go-to/?fmid=6602248;BK Häcken Svart;https://staticcdn.svenskfotboll.se/img/teamssm/11080.png;7;Gunnilse IS;https://staticcdn.svenskfotboll.se/img/teamssm/11237.png;7;0-0;Slättadamm 2 konstgräs;Slättadamm;Slättadammsgatan 6, 417 25 Göteborg;Y;57.730565;11.927705;Göteborg;football
7;2026-10-13;20:15;133745;Flickor 2010-2011 Lätt Grupp B;3;3;6585127;5;/go-to/?fmid=6585127;Lerums IS;https://staticcdn.svenskfotboll.se/img/teamssm/10756.png;7;Floda BoIF F11;https://staticcdn.svenskfotboll.se/img/teamssm/11366.png;7;0-0;Stenkullens IP 2 KG;Stenkullens IP;Granitvägen 3, 443 61 Stenkullen;Y;57.795326;12.310226;Göteborg;football
7;2026-10-13;20:15;133575;Pojkar 2011(15 år) Medel Grupp A;2;3;6607790;5;/go-to/?fmid=6607790;Nödinge SK Fotboll Blå;https://staticcdn.svenskfotboll.se/img/teamssm/10503.png;7;Tölö IF;https://staticcdn.svenskfotboll.se/img/teamssm/10015.png;8;0-0;Vimmervi 2 Konstgräs;Vimmervi;Gamla Kilandavägen 62, 449 36 Nödinge;Y;57.886226;12.080329;Göteborg;football
7;2026-10-13;20:15;138257;Junior Flickor Div 3 Höst;3;3;6827587;5;/go-to/?fmid=6827587;IF Mölndal Fotboll;https://staticcdn.svenskfotboll.se/img/teamssm/9569.png;7;Kållered SK Damjunior;https://staticcdn.svenskfotboll.se/img/teamssm/10787.png;7;0-0;Åbyvallen 1 Konstgräs;Åbyvallen;Idrottsvägen 5, 431 62 Mölndal;Y;57.645363;12.002082;Göteborg;football
7;2026-10-13;20:15;133768;Reservklass 1;2;4;6552759;4;/go-to/?fmid=6552759;Göteborgs FF;https://staticcdn.svenskfotboll.se/img/teamssm/11217.png;7;Ytterby IS;https://staticcdn.svenskfotboll.se/img/teamssm/9832.png;7;0-0;Åkeredsvallen 2 Konstgräs;Åkeredsvallen;Bergsätersgatan 1, 421 66 Västra Frölunda;Y;57.631456;11.900982;Göteborg;football
7;2026-10-13;20:15;133583;Pojkar 2012(14 år) Medel Grupp A;2;3;6621215;5;/go-to/?fmid=6621215;IF Väster Svart;https://staticcdn.svenskfotboll.se/img/teamssm/9861.png;7;Kungsladugårds BK;https://staticcdn.svenskfotboll.se/img/teamssm/10799.png;7;0-0;Önneredsplan 11 Konstgräs;Önneredsplan;Ersåsgatan 2, 421 59 Västra Frölunda;Y;57.637219;11.884878;Göteborg;football
7;2026-10-13;20:30;136239;Pojkar 2009-2010(16-17 år) Lätt Grupp B;2;3;6600311;5;/go-to/?fmid=6600311;Hönö IS Vit;https://staticcdn.svenskfotboll.se/img/teamssm/11038.png;7;Utbynäs SK Blå;https://staticcdn.svenskfotboll.se/img/teamssm/9983.png;7;0-0;Hönö Arena 1;Hönö Arena;Lindblomsvägen 30, 475 42 Hönö;Y;57.687870;11.652948;Göteborg;football
21;2026-10-14;00:00;139936;Kval till SvFF:s P17 Div.1 - Grupp A;2;3;6913656;5;/go-to/?fmid=6913656;Vänersborgs FK U16;https://staticcdn.svenskfotboll.se/img/teamssm/8626.png;21;IFK Mariestad U16;https://staticcdn.svenskfotboll.se/img/teamssm/8286.png;21;0-0;Vänersvallen Syd;Vänersvallen;Gropbrovägen 4, 462 56 Vänersborg;Y;58.367442;12.323966;Västergötland;football
1;2026-10-14;18:00;135385;Ligacupen Elit Västra;2;4;6581915;5;/go-to/?fmid=6581915;BK Häcken;https://staticcdn.svenskfotboll.se/img/teamssm/11080.png;7;Norrby IF;https://staticcdn.svenskfotboll.se/img/teamssm/10554.png;21;0-0;Gothia Park 4;Gothia Park;Entreprenadvägen 6, 417 05 Göteborg;Y;57.740380;11.947473;1;football
7;2026-10-14;18:30;133577;Pojkar 2011(15 år) Svår Grupp A;2;3;6608372;5;/go-to/?fmid=6608372;Mölnlycke IS Ungdom;https://staticcdn.svenskfotboll.se/img/teamssm/13695.png;7;Västra Frölunda IF Grön;https://staticcdn.svenskfotboll.se/img/teamssm/9853.png;7;0-0;Bråtaredsvallen 3, konstgräs;Bråtaredsvallen;Bråtaredsvallen, 438 52 Rävlanda;Y;57.658014;12.492537;Göteborg;football
7;2026-10-14;18:30;133760;Flickor 2012-2013 Liten 9M9 Medel Gr. A Höst;3;3;6828201;5;/go-to/?fmid=6828201;Solängens BK F-13 2;https://staticcdn.svenskfotboll.se/img/teamssm/9548.png;7;Utbynäs SK F13 Blå;https://staticcdn.svenskfotboll.se/img/teamssm/9983.png;7;0-0;Eklandavallen 12;Eklandavallen;Bäckstensgatan 15, 431 49 Mölndal;Y;57.654780;11.959687;Göteborg;football
7;2026-10-14;18:30;133579;Pojkar 2011(15 år) Lätt Grupp A;2;3;6607259;5;/go-to/?fmid=6607259;Azalea BK Orange;https://staticcdn.svenskfotboll.se/img/teamssm/7817.png;7;Hovås Billdal IF Vit;https://staticcdn.svenskfotboll.se/img/teamssm/11109.png;7;0-0;Heden 4 Konstgräs;Heden;Heden, 411 38 Göteborg;Y;57.702854;11.978368;Göteborg;football
7;2026-10-14;18:30;133607;Pojkar 2013(13 år) Höst Svår Grupp B;2;3;6829023;5;/go-to/?fmid=6829023;Näsets SK Röd;https://staticcdn.svenskfotboll.se/img/teamssm/10510.png;7;Masthuggets BK 1;https://staticcdn.svenskfotboll.se/img/teamssm/10643.png;7;0-0;Näset Yuncture Arena;Åkeredsvallen;Bergsätersgatan 1, 421 66 Västra Frölunda;Y;57.631456;11.900982;Göteborg;football
8;2026-10-14;19:00;136201;P15-16år blå;2;3;6598203;5;/go-to/?fmid=6598203;IF Böljan Falkenberg;https://staticcdn.svenskfotboll.se/img/teamssm/9528.png;8;Snöstorp Nyhem FF Grön;https://staticcdn.svenskfotboll.se/img/teamssm/7704.png;8;0-0;Falkenbergs IP A;Falkenbergs IP;Falkenbergs IP A, Skogsvägen, Kristineslätt, Skrea Strand, Falkenberg, Falkenbergs kommun, Hallands län, 311 45, Sverige;Y;56.897775;12.508271;Halland;football
7;2026-10-14;19:00;133588;Pojkar 2012(14 år) Medel Grupp C;2;3;6621473;5;/go-to/?fmid=6621473;Floda BoIF Vit;https://staticcdn.svenskfotboll.se/img/teamssm/11366.png;7;Götaholms BK Blå;https://staticcdn.svenskfotboll.se/img/teamssm/9615.png;7;0-0;Flodala IP 3 KG;Flodala IP;Skallsjö Prästväg 14, 448 31 Floda;Y;57.795503;12.346356;Göteborg;football
28;2026-10-14;19:00;136359;BDFF P15-19 Blå Södra;2;3;6638713;5;/go-to/?fmid=6638713;Stenungsund IF/Vallens IF P15;https://staticcdn.svenskfotboll.se/img/teamssm/10236.png;28;IFK Valla J-lag;https://staticcdn.svenskfotboll.se/img/teamssm/8504.png;28;0-0;Olssons Trävaror Arena;Olssons Trävaror Arena;Yttre Ringleden 6, 444 32 Stenungsund;Y;58.067866;11.858581;Bohuslän-Dalsland;football
21;2026-10-14;19:00;136298;Pojkar P16 DM 2026;2;3;6615564;5;/go-to/?fmid=6615564;Norrby IF;https://staticcdn.svenskfotboll.se/img/teamssm/10554.png;21;IF Elfsborg;https://staticcdn.svenskfotboll.se/img/teamssm/11429.png;21;0-0;Ramnavallen konstgräs;Ramnavallen;Ramnavallen, Enandersgatan, Byttorp, Borås, Borås kommun, Västra Götalands län, 504 66, Sverige;Y;57.722541;12.919158;Västergötland;football
21;2026-10-14;19:00;136525;Flickor Div 2 Trollhättan;3;3;6715486;5;/go-to/?fmid=6715486;Råda BK Vit;https://staticcdn.svenskfotboll.se/img/teamssm/10400.png;21;Skoftebyns IF;https://staticcdn.svenskfotboll.se/img/teamssm/8653.png;21;0-0;Rådavallen Dinaplanen konstgräs;Rådavallen;Rådavallen, Vattenledningsvägen, Råda, Råda distrikt, Lidköpings kommun, Västra Götalands län, 531 59, Sverige;Y;58.499337;13.102725;Västergötland;football
7;2026-10-14;19:00;133761;Flickor 2012-2013 Stor 9M9 Svår Höst;3;3;6827781;5;/go-to/?fmid=6827781;Lerums IS Vit;https://staticcdn.svenskfotboll.se/img/teamssm/10756.png;7;Qviding FIF;https://staticcdn.svenskfotboll.se/img/teamssm/8089.png;7;0-0;Spinnarvallen / B-plan;Spinnarvallen;Tollereds Ströms väg 4, 448 50 Tollered;Y;57.814494;12.424245;Göteborg;football
7;2026-10-14;19:00;133573;Pojkar 2009-2010(16-17 år) Lätt Grupp A;2;3;6600183;5;/go-to/?fmid=6600183;Tölö IF U17:2;https://staticcdn.svenskfotboll.se/img/teamssm/10015.png;8;Landvetter IS Grön;https://staticcdn.svenskfotboll.se/img/teamssm/10768.png;7;0-0;Tingbergsvallen B;Tingbergsvallen;Borgmästaregatan 12, 434 32 Kungsbacka;Y;57.491213;12.068723;Göteborg;football
21;2026-10-14;19:00;139935;Kval till SvFF:s P19 Div.1 - Grupp C;2;3;6913690;5;/go-to/?fmid=6913690;Norra Härene BK U18;https://staticcdn.svenskfotboll.se/img/teamssm/8673.png;21;Skara FC U18;https://staticcdn.svenskfotboll.se/img/teamssm/7451.png;21;0-0;Ågårdsvallen A;Ågårdsvallen;Mellbygatan 48, 531 52 Lidköping;Y;58.496528;13.143415;Västergötland;football
8;2026-10-14;19:00;137225;Utvecklingsserie Dam;3;4;6733090;5;/go-to/?fmid=6733090;IFK Fjärås;https://staticcdn.svenskfotboll.se/img/teamssm/9511.png;8;HGH FC;https://staticcdn.svenskfotboll.se/img/teamssm/9516.png;8;0-0;Ögärdets IP B;Ögärdets IP;Klövervägen 2A, 439 71 Fjärås;Y;57.459731;12.184603;Halland;football
7;2026-10-14;19:15;133586;Pojkar 2012(14 år) Svår Grupp A;2;3;6622107;5;/go-to/?fmid=6622107;Torslanda IK Lag 1;https://staticcdn.svenskfotboll.se/img/teamssm/10068.png;7;Örgryte IS Fotboll Akademi;https://staticcdn.svenskfotboll.se/img/teamssm/12910.png;7;0-0;Blidvädersplan;Blidvädersplan;Ovädersgatan 1A, 418 34 Göteborg;Y;57.707987;11.887592;Göteborg;football
7;2026-10-14;19:15;133578;Pojkar 2011(15 år) Svår Grupp B;2;3;6608509;5;/go-to/?fmid=6608509;BK Häcken;https://staticcdn.svenskfotboll.se/img/teamssm/11080.png;7;KF Velebit KF Velebit 2011;https://staticcdn.svenskfotboll.se/img/teamssm/9949.png;7;0-0;Gothia Park konstgräs;Gothia Park;Entreprenadvägen 6, 417 05 Göteborg;Y;57.740380;11.947473;Göteborg;football
8;2026-10-14;19:15;136282;Division 4 Dam Halland;3;4;6612775;5;/go-to/?fmid=6612775;LGM;https://staticcdn.svenskfotboll.se/img/teamssm/9500.png;8;Tölö IF;https://staticcdn.svenskfotboll.se/img/teamssm/10015.png;8;0-0;Tånga IP Konstgräs;Tånga IP;Murarevägen 52, 311 36 Falkenberg;Y;56.913833;12.496394;Halland;football
21;2026-10-14;19:30;136300;Flickor F16 DM 2026;3;3;6616009;5;/go-to/?fmid=6616009;IF Elfsborg;https://staticcdn.svenskfotboll.se/img/teamssm/11429.png;21;Junior Lions FootballClub;https://staticcdn.svenskfotboll.se/img/teamssm/13588.png;21;0-0;Borås Arena;Borås Arena;Borås Arena, Ålgårdsvägen 16, 506 30 Borås;Y;57.734400;12.934766;Västergötland;football
21;2026-10-14;19:30;139934;Kval till SvFF:s P19 Div.1 - Grupp B;2;3;6913680;5;/go-to/?fmid=6913680;FC Trollhättan U18;https://staticcdn.svenskfotboll.se/img/teamssm/6983.png;21;Bergdalens IK U18;https://staticcdn.svenskfotboll.se/img/teamssm/11592.png;21;0-0;Edsborgs IP Konstgräs;Edsborgs IP;Edsborgs idrottsplats, Solrosvägen, Stavre, Trollhättan, Trollhättans kommun, Västra Götalands län, 461 43, Sverige;Y;58.290180;12.312179;Västergötland;football
7;2026-10-14;19:30;133742;Flickor 2011 Regional;3;3;6597835;5;/go-to/?fmid=6597835;BK Häcken FF F15;https://staticcdn.svenskfotboll.se/img/teamssm/9584.png;7;IFK Göteborg F15;https://staticcdn.svenskfotboll.se/img/teamssm/11012.png;7;0-0;Gothia Park 4;Gothia Park;Entreprenadvägen 6, 417 05 Göteborg;Y;57.740380;11.947473;Göteborg;football
21;2026-10-14;19:30;137311;Herrar, Utveckling B Borås;2;4;6743393;5;/go-to/?fmid=6743393;Kronängs IF U;https://staticcdn.svenskfotboll.se/img/teamssm/8688.png;21;Byttorps IF U;https://staticcdn.svenskfotboll.se/img/teamssm/11498.png;21;0-0;Kronäng Arena konstgräs 1;Kronäng Arena;Schaktgatan 1, 504 41 Borås;Y;57.696516;12.931606;Västergötland;football
7;2026-10-14;19:30;133570;Pojkar 2009-2010(16-17 år) Svår Grupp A;2;3;6601915;5;/go-to/?fmid=6601915;Lekstorps IF /Stenkullen J17;https://staticcdn.svenskfotboll.se/img/teamssm/10760.png;7;Nödinge SK Fotboll Blå;https://staticcdn.svenskfotboll.se/img/teamssm/10503.png;7;0-0;LP - Idrottspark A - plan;LP - Idrottspark;LP Idrottspark, Sportvägen 7, 443 40 Gråbo;Y;57.841028;12.289142;Göteborg;football
21;2026-10-14;19:30;139937;Kval till SvFF:s P17 Div.1 - Grupp B;2;3;6913664;5;/go-to/?fmid=6913664;Ulricehamns IFK U16;https://staticcdn.svenskfotboll.se/img/teamssm/7738.png;21;Kinna IF U16;https://staticcdn.svenskfotboll.se/img/teamssm/10844.png;21;0-0;Lassalyckan A-plan konstgräs;Lassalyckan;Lassalyckan, Ulricehamns distrikt, Ulricehamn, Ulricehamns kommun, Västra Götalands län, 523 33, Sverige;Y;57.785778;13.436509;Västergötland;football
7;2026-10-14;19:30;133441;Junior Pojkar Div 1;2;3;6538258;5;/go-to/?fmid=6538258;Lindome GIF;https://staticcdn.svenskfotboll.se/img/teamssm/10741.png;7;Mölnlycke IF;https://staticcdn.svenskfotboll.se/img/teamssm/10594.png;7;0-0;Lindevi IP 1 Konstgräs;Lindevi IP;Hällesåkersvägen 5, 437 91 Lindome;Y;57.585286;12.108877;Göteborg;football
7;2026-10-14;19:30;136239;Pojkar 2009-2010(16-17 år) Lätt Grupp B;2;3;6600317;5;/go-to/?fmid=6600317;Azalea BK U17;https://staticcdn.svenskfotboll.se/img/teamssm/7817.png;7;Torslanda IK Svart P17;https://staticcdn.svenskfotboll.se/img/teamssm/10068.png;7;0-0;Majvallen 1 Konstgräs;Majvallen;Ekedalsgatan 20, 414 68 Göteborg;Y;57.689370;11.936171;Göteborg;football
7;2026-10-14;19:30;133583;Pojkar 2012(14 år) Medel Grupp A;2;3;6621211;5;/go-to/?fmid=6621211;Ale United;https://staticcdn.svenskfotboll.se/img/teamssm/10573.png;7;Surte IS FK;https://staticcdn.svenskfotboll.se/img/teamssm/12036.png;7;0-0;Nolängens IP 9M9 Konstgräs;Nolängens IP;Gallåsvägen 4, 449 40 Nol;Y;57.908182;12.066376;Göteborg;football
7;2026-10-14;19:30;133153;Division 6B Herr;2;4;6534266;5;/go-to/?fmid=6534266;Knippla IK;https://staticcdn.svenskfotboll.se/img/teamssm/9592.png;7;Kode IF;https://staticcdn.svenskfotboll.se/img/teamssm/10828.png;7;0-0;Prästängen 1 Konstgräs;Prästängen;PRÄSTÄNGEN 1, 475 31 Öckerö;Y;57.717030;11.641158;Göteborg;football
28;2026-10-14;19:30;136359;BDFF P15-19 Blå Södra;2;3;6638698;5;/go-to/?fmid=6638698;Skärhamns IK P-utveckling Blå;https://staticcdn.svenskfotboll.se/img/teamssm/10285.png;28;Lysekils AIK Herrjuniorer;https://staticcdn.svenskfotboll.se/img/teamssm/10699.png;28;0-0;Tjörns Sparbank Arena;Tjörns Sparbank Arena;Hamngatan, 471 95 Skärhamn;Y;57.971096;11.555368;Bohuslän-Dalsland;football
21;2026-10-14;19:30;139936;Kval till SvFF:s P17 Div.1 - Grupp A;2;3;6913657;5;/go-to/?fmid=6913657;Lidköpings FK U16;https://staticcdn.svenskfotboll.se/img/teamssm/8704.png;21;Skövde AIK P16;https://staticcdn.svenskfotboll.se/img/teamssm/10281.png;21;0-0;Ågårdsvallen B;Ågårdsvallen;Mellbygatan 48, 531 52 Lidköping;Y;58.496528;13.143415;Västergötland;football
7;2026-10-14;19:30;133576;Pojkar 2011(15 år) Medel Grupp B;2;3;6607924;5;/go-to/?fmid=6607924;Örgryte IS Fotboll Blå;https://staticcdn.svenskfotboll.se/img/teamssm/12910.png;7;Hjuviks AIK;https://staticcdn.svenskfotboll.se/img/teamssm/8330.png;7;0-0;ÖIS-gården 2;ÖIS-gården;Korndalsvägen 3, 412 76 Göteborg;Y;57.675233;12.028495;Göteborg;football
7;2026-10-14;19:45;133580;Pojkar 2011(15 år) Lätt Grupp B;2;3;6607631;5;/go-to/?fmid=6607631;Lundby IF p11 Vit;https://staticcdn.svenskfotboll.se/img/teamssm/11776.png;7;Kållered SK;https://staticcdn.svenskfotboll.se/img/teamssm/10787.png;7;0-0;Fjärdingsplan KG;Fjärdingsplan;Lantmätaregatan 21, 417 06 Göteborg;Y;57.724197;11.939560;Göteborg;football
21;2026-10-14;19:45;136550;Herrar, Utveckling A Skövde;2;4;6721468;5;/go-to/?fmid=6721468;Skultorps IF U;https://staticcdn.svenskfotboll.se/img/teamssm/10298.png;21;IFK Hjo U;https://staticcdn.svenskfotboll.se/img/teamssm/11007.png;21;0-0;Södermalms IP A;Södermalms IP;Södermalms idrottsplats, Skaraborgsgatan, Södermalm, Skövde, Skövde kommun, Västra Götalands län, 541 52, Sverige;Y;58.378431;13.840427;Västergötland;football
1;2026-10-14;20:00;138418;P16 Div.1 2026 B-slutspel Norra Götaland;2;3;6911939;5;/go-to/?fmid=6911939;Backatorp IF;https://staticcdn.svenskfotboll.se/img/teamssm/11915.png;7;Gerdskens BK;https://staticcdn.svenskfotboll.se/img/teamssm/8712.png;21;0-0;Backavallen 1 Konstgräs;Backavallen;Wadköpingsgatan 153, 422 51 Hisings Backa;Y;57.745322;11.967003;1;football
7;2026-10-14;20:00;133591;Pojkar 2012(14 år) Lätt Grupp D;2;3;6620927;5;/go-to/?fmid=6620927;Fässbergs IF Lila;https://staticcdn.svenskfotboll.se/img/teamssm/9620.png;7;Kareby IS;https://staticcdn.svenskfotboll.se/img/teamssm/10872.png;7;0-0;Förbovallen 1;Förbovallen;Ålegårdsgatan 297, 431 50 Mölndal;Y;57.625892;12.021226;Göteborg;football
7;2026-10-14;20:00;136239;Pojkar 2009-2010(16-17 år) Lätt Grupp B;2;3;6600331;5;/go-to/?fmid=6600331;Mossens BK U17 Gul;https://staticcdn.svenskfotboll.se/img/teamssm/9571.png;7;Sandarna BK Svart;https://staticcdn.svenskfotboll.se/img/teamssm/10367.png;7;0-0;Guldheden Södra 1 Konstgräs;Guldheden Södra;Gibraltargatan 41, 412 58 Göteborg;Y;57.681136;11.982964;Göteborg;football
7;2026-10-14;20:00;136239;Pojkar 2009-2010(16-17 år) Lätt Grupp B;2;3;6600293;5;/go-to/?fmid=6600293;IK Zenith P17 Grön;https://staticcdn.svenskfotboll.se/img/teamssm/9829.png;7;Kungsladugårds BK;https://staticcdn.svenskfotboll.se/img/teamssm/10799.png;7;0-0;Hovgårdsvallen 2 Konstgräs (Bjurforsplanen);Hovgårdsvallen;Gamla Lillebyvägen 1, 432 00 Torslanda;Y;57.751235;11.827376;Göteborg;football
7;2026-10-14;20:00;133527;Junior Pojkar Div 2A;2;3;6538357;5;/go-to/?fmid=6538357;Qviding FIF;https://staticcdn.svenskfotboll.se/img/teamssm/8089.png;7;Lunden Överås BK;https://staticcdn.svenskfotboll.se/img/teamssm/10705.png;7;0-0;Härlanda Park 1 Konstgräs;Härlanda Park;Härlanda Park 6B, 416 52 Göteborg;Y;57.716492;12.017055;Göteborg;football
7;2026-10-14;20:00;138257;Junior Flickor Div 3 Höst;3;3;6827564;5;/go-to/?fmid=6827564;Älvsborg FF U17F;https://staticcdn.svenskfotboll.se/img/teamssm/9622.png;7;IF Väster Damjunior Svart;https://staticcdn.svenskfotboll.se/img/teamssm/9861.png;7;0-0;Påvelund 1 Konstgräs;Påvelund;Redegatan 18, 426 77 Västra Frölunda;Y;57.668781;11.881476;Göteborg;football
7;2026-10-14;20:00;133578;Pojkar 2011(15 år) Svår Grupp B;2;3;6608511;5;/go-to/?fmid=6608511;Lerums IS P2011;https://staticcdn.svenskfotboll.se/img/teamssm/10756.png;7;Kärra KIF Blå;https://staticcdn.svenskfotboll.se/img/teamssm/10780.png;7;0-0;Stenkullens IP 2 KG;Stenkullens IP;Granitvägen 3, 443 61 Stenkullen;Y;57.795326;12.310226;Göteborg;football
7;2026-10-14;20:00;133579;Pojkar 2011(15 år) Lätt Grupp A;2;3;6607239;5;/go-to/?fmid=6607239;Finlandia Pallo AIF Blå;https://staticcdn.svenskfotboll.se/img/teamssm/7939.png;7;Torslanda IK Svart;https://staticcdn.svenskfotboll.se/img/teamssm/10068.png;7;0-0;Tuvevallen 2 Konstgräs;Tuvevallen;Tuvevallen, 417 45 Göteborg;Y;57.750937;11.915436;Göteborg;football
7;2026-10-14;20:00;133743;Flickor 2010-2011 Medel Grupp A;3;3;6584901;5;/go-to/?fmid=6584901;Lerkils IF;https://staticcdn.svenskfotboll.se/img/teamssm/10757.png;8;Älvsborg FF;https://staticcdn.svenskfotboll.se/img/teamssm/9622.png;7;0-0;Ängås IP D;Ängås IP;Ängåsvägen 39, 434 93 Vallda;Y;57.454340;11.941076;Göteborg;football
7;2026-10-14;20:00;133527;Junior Pojkar Div 2A;2;3;6538450;5;/go-to/?fmid=6538450;Näsets SK U19;https://staticcdn.svenskfotboll.se/img/teamssm/10510.png;7;Askims IK;https://staticcdn.svenskfotboll.se/img/teamssm/11617.png;7;0-0;Näset Yuncture Arena;Åkeredsvallen;Bergsätersgatan 1, 421 66 Västra Frölunda;Y;57.631456;11.900982;Göteborg;football
7;2026-10-14;20:10;133441;Junior Pojkar Div 1;2;3;6538248;5;/go-to/?fmid=6538248;Jonsereds IF 1;https://staticcdn.svenskfotboll.se/img/teamssm/9595.png;7;Lerums IS;https://staticcdn.svenskfotboll.se/img/teamssm/10756.png;7;0-0;Jonsereds IP 1 Konstgräs;Jonsereds IP;Jons väg 23, 433 75 Jonsered;Y;57.746215;12.169063;Göteborg;football
7;2026-10-14;20:15;133570;Pojkar 2009-2010(16-17 år) Svår Grupp A;2;3;6602052;5;/go-to/?fmid=6602052;Önnereds IK P 16/17;https://staticcdn.svenskfotboll.se/img/teamssm/9765.png;7;Öjersjö IF U17;https://staticcdn.svenskfotboll.se/img/teamssm/7552.png;7;0-0;Apelsinplan 2 Konstgräs;Apelsinplan;Apelsingatan 6, 426 54 Västra Frölunda;Y;57.655054;11.882940;Göteborg;football
7;2026-10-14;20:15;133156;Division 7B Herr;2;4;6534430;5;/go-to/?fmid=6534430;Marockanska Göteborg FF;https://staticcdn.svenskfotboll.se/img/teamssm/13675.png;7;Salaam IF;https://staticcdn.svenskfotboll.se/img/teamssm/14734.png;7;0-0;Gamlestadsvallen 2 Konstgräs;Gamlestadsvallen;Lars Kaggsgatan 24, 415 04 Göteborg;Y;57.734308;12.013832;Göteborg;football
7;2026-10-14;20:15;133156;Division 7B Herr;2;4;6534431;5;/go-to/?fmid=6534431;Menisken IF;https://staticcdn.svenskfotboll.se/img/teamssm/9572.png;7;BK S:t Jakob;https://staticcdn.svenskfotboll.se/img/teamssm/7175.png;7;0-0;Heden 1 Konstgräs;Heden;Heden, 411 38 Göteborg;Y;57.702854;11.978368;Göteborg;football
7;2026-10-14;20:15;133156;Division 7B Herr;2;4;6534432;5;/go-to/?fmid=6534432;Lyckans Soldater FF;https://staticcdn.svenskfotboll.se/img/teamssm/14763.png;7;Kairaba IF;https://staticcdn.svenskfotboll.se/img/teamssm/14795.png;7;0-0;Heden 3 Konstgräs;Heden;Heden, 411 38 Göteborg;Y;57.702854;11.978368;Göteborg;football
7;2026-10-14;20:15;133820;Reservklass 3B Höst;2;4;6827184;5;/go-to/?fmid=6827184;SK Argo;https://staticcdn.svenskfotboll.se/img/teamssm/9645.png;7;Askims IK;https://staticcdn.svenskfotboll.se/img/teamssm/11617.png;7;0-0;Kobbegården 1 Konstgräs;Kobbegården;Stora Åvägen 1, 436 34 Askim;Y;57.639723;11.944383;Göteborg;football
7;2026-10-14;20:15;136459;Fotbollsligan 7M7 Herr Höst GrpA;2;5;6829583;5;/go-to/?fmid=6829583;Eriksbergs IF;https://staticcdn.svenskfotboll.se/img/teamssm/9629.png;7;Sandarna BK;https://staticcdn.svenskfotboll.se/img/teamssm/10367.png;7;0-0;Krokängsplan 11 Konstgräs;Krokängsplan;Säterigatan 15, 417 69 Göteborg;Y;57.702920;11.910432;Göteborg;football
7;2026-10-14;20:15;133525;Junior Pojkar Div 2B;2;3;6542957;5;/go-to/?fmid=6542957;Kållered SK;https://staticcdn.svenskfotboll.se/img/teamssm/10787.png;7;Partille IF FK Herrjunior;https://staticcdn.svenskfotboll.se/img/teamssm/12478.png;7;0-0;Kållered Sportcenter 1;Kållered Sportcenter;Tulebovägen 17, 428 34 Kållered;Y;57.611466;12.075548;Göteborg;football
7;2026-10-14;20:15;133746;Flickor 2010-2011 Medel Grupp B;3;3;6585604;5;/go-to/?fmid=6585604;Jitex BK Damjunior;https://staticcdn.svenskfotboll.se/img/teamssm/7516.png;7;Landvetter IF 2003 F11 Svart;https://staticcdn.svenskfotboll.se/img/teamssm/6789.png;7;0-0;Landvetter IP A-plan;Landvetter IP;Tahultsvägen 60, 438 35 Landvetter;Y;57.702382;12.203031;Göteborg;football
7;2026-10-14;20:15;133588;Pojkar 2012(14 år) Medel Grupp C;2;3;6621481;5;/go-to/?fmid=6621481;Landvetter IS P2012 Röd;https://staticcdn.svenskfotboll.se/img/teamssm/10768.png;7;Öckerö IF Vinröd;https://staticcdn.svenskfotboll.se/img/teamssm/9774.png;7;0-0;Landvetter IP B-plan;Landvetter IP;Tahultsvägen 60, 438 35 Landvetter;Y;57.702382;12.203031;Göteborg;football
7;2026-10-14;20:15;133441;Junior Pojkar Div 1;2;3;6538250;5;/go-to/?fmid=6538250;Torslanda IK;https://staticcdn.svenskfotboll.se/img/teamssm/10068.png;7;Sävedalens IF;https://staticcdn.svenskfotboll.se/img/teamssm/9545.png;7;0-0;Torslandavallen 2 Konstgräs;Torslandavallen;Torslanda Idrottsväg 17, 423 32 Torslanda;Y;57.718280;11.757490;Göteborg;football
7;2026-10-14;20:15;136238;Pojkar 2009-2010(16-17 år) Svår Grupp B;2;3;6602081;5;/go-to/?fmid=6602081;Mossens BK Svart;https://staticcdn.svenskfotboll.se/img/teamssm/9571.png;7;Hovås Billdal IF U17-P Blå;https://staticcdn.svenskfotboll.se/img/teamssm/11109.png;7;0-0;Valhalla 1 Konstgräs;Valhalla;Valhallagatan 6, 412 51 Göteborg;Y;57.701605;11.991324;Göteborg;football
7;2026-10-14;20:15;133746;Flickor 2010-2011 Medel Grupp B;3;3;6585600;5;/go-to/?fmid=6585600;Sävedalens IF Röd;https://staticcdn.svenskfotboll.se/img/teamssm/9545.png;7;GAIS F15-16;https://staticcdn.svenskfotboll.se/img/teamssm/9614.png;7;0-0;Vallhamra 2 Konstgräs;Vallhamra IP;Ugglumsleden 48, 433 64 Sävedalen;Y;57.724452;12.079253;Göteborg;football
7;2026-10-14;20:15;133591;Pojkar 2012(14 år) Lätt Grupp D;2;3;6620973;5;/go-to/?fmid=6620973;Lunden Överås BK Svart;https://staticcdn.svenskfotboll.se/img/teamssm/10705.png;7;Nödinge SK Fotboll Vit;https://staticcdn.svenskfotboll.se/img/teamssm/10503.png;7;0-0;Vimmervi 2 Konstgräs;Vimmervi;Gamla Kilandavägen 62, 449 36 Nödinge;Y;57.886226;12.080329;Göteborg;football
1;2026-10-14;20:15;133297;F17 Div.1 2026 - Götaland Norra;3;3;6590935;5;/go-to/?fmid=6590935;Ytterby IS;https://staticcdn.svenskfotboll.se/img/teamssm/9832.png;7;Vallens IF;https://staticcdn.svenskfotboll.se/img/teamssm/8496.png;28;0-0;Ytterns IP 1 Konstgräs;Ytterns IP;Ytterby, 442 40 Kungälv;Y;57.869280;11.935196;1;football
7;2026-10-14;20:15;133154;Division 6C Herr;2;4;6533432;5;/go-to/?fmid=6533432;Fröjdens FK;https://staticcdn.svenskfotboll.se/img/teamssm/12793.png;7;Öjersjö IF;https://staticcdn.svenskfotboll.se/img/teamssm/7552.png;7;0-0;Åkeredsvallen 2 Konstgräs;Åkeredsvallen;Bergsätersgatan 1, 421 66 Västra Frölunda;Y;57.631456;11.900982;Göteborg;football
7;2026-10-14;20:30;133757;Flickor 2012-2013 Stor 9M9 Medel Gr. A Höst;3;3;6827992;5;/go-to/?fmid=6827992;IF Väster Orange;https://staticcdn.svenskfotboll.se/img/teamssm/9861.png;7;Mölnlycke IF Svart (F2012);https://staticcdn.svenskfotboll.se/img/teamssm/10594.png;7;0-0;Djupedalsplan A Konstgräs höger;Djupedals IP;Djupedals Ip, Rullstensvägen 1, 435 41 Mölnlycke;Y;57.652820;12.126316;Göteborg;football
7;2026-10-15;18:00;133810;Flickor 2016(10 år) Grupp A Höst;3;2;6832911;5;/go-to/?fmid=6832911;Lekstorps IF Grön;https://staticcdn.svenskfotboll.se/img/teamssm/10760.png;7;Lundby IF F2016 Grön;https://staticcdn.svenskfotboll.se/img/teamssm/11776.png;7;-1--1;LP Idrottsplats A - plan/ Halva A;LP - Idrottspark;LP Idrottspark, Sportvägen 7, 443 40 Gråbo;Y;57.841028;12.289142;Göteborg;football
7;2026-10-15;18:30;138261;Pojkar 2013(13 år) Höst Medel Grupp F;2;3;6828966;5;/go-to/?fmid=6828966;Landvetter IS Vit P2013;https://staticcdn.svenskfotboll.se/img/teamssm/10768.png;7;Espanyol Göteborg IF;https://staticcdn.svenskfotboll.se/img/teamssm/13418.png;7;0-0;Landvetter IP A-plan 11;Landvetter IP;Tahultsvägen 60, 438 35 Landvetter;Y;57.702382;12.203031;Göteborg;football
7;2026-10-15;18:40;136461;Fotbollsligan 7M7 Herr Höst GrpB;2;5;6829506;5;/go-to/?fmid=6829506;SKIF Semberija;https://staticcdn.svenskfotboll.se/img/teamssm/7595.png;7;Club América FF;https://staticcdn.svenskfotboll.se/img/teamssm/13314.png;7;0-0;Bergsjövallen 21 Konstgräs;Bergsjövallen;Sjustjärnan 20, 415 51 Göteborg;Y;57.750377;12.057010;Göteborg;football
7;2026-10-15;18:45;133795;Flickor 2015(11 år) Grupp B Höst;3;2;6838815;5;/go-to/?fmid=6838815;Azalea BK Orange;https://staticcdn.svenskfotboll.se/img/teamssm/7817.png;7;Kungsladugårds BK Röd;https://staticcdn.svenskfotboll.se/img/teamssm/10799.png;7;-1--1;Karl Johans Torg 12;Karl Johans Torg;Karl Johanstorget 1, 414 61 Göteborg;Y;57.694518;11.929255;Göteborg;football
7;2026-10-15;19:00;133746;Flickor 2010-2011 Medel Grupp B;3;3;6585565;5;/go-to/?fmid=6585565;IFK Hindås F-10/11;https://staticcdn.svenskfotboll.se/img/teamssm/11008.png;7;IK Zenith F16;https://staticcdn.svenskfotboll.se/img/teamssm/9829.png;7;0-0;Fagervallen 2 Konstgräs;Fagervallen;Sportvägen 9, 438 98 Hindås;Y;57.695964;12.435282;Göteborg;football
7;2026-10-15;19:00;133607;Pojkar 2013(13 år) Höst Svår Grupp B;2;3;6829038;5;/go-to/?fmid=6829038;GAIS Akademi;https://staticcdn.svenskfotboll.se/img/teamssm/9614.png;7;Proletären FF;https://staticcdn.svenskfotboll.se/img/teamssm/10466.png;7;0-0;Gaisgården 21;Gaisgården;Gamla Boråsvägen 75, 412 76 Göteborg;Y;57.680427;12.029061;Göteborg;football
8;2026-10-15;19:00;137260;Nivå 3 Mellersta Norra Herrar;2;4;6733973;5;/go-to/?fmid=6733973;Trönninge BK;https://staticcdn.svenskfotboll.se/img/teamssm/9485.png;8;Skrea IF;https://staticcdn.svenskfotboll.se/img/teamssm/9493.png;8;0-0;Håstens IP konstgräs;Håstens IP;Hästens idrottsplats, Ölandsgatan, Nedregården, Varberg, Varbergs kommun, Hallands län, 432 36, Sverige;Y;57.117456;12.285361;Halland;football
8;2026-10-15;19:00;137296;Nivå 2 Norra Herrar;2;4;6736564;5;/go-to/?fmid=6736564;Kungsbacka IF U;https://staticcdn.svenskfotboll.se/img/teamssm/9505.png;8;Särö Kullavik IF;https://staticcdn.svenskfotboll.se/img/teamssm/9496.png;8;0-0;Maleviks IP;Maleviks IP;Maleviksvägen 84, 429 34 Kullavik;Y;57.534555;11.951682;Halland;football
7;2026-10-15;19:30;136238;Pojkar 2009-2010(16-17 år) Svår Grupp B;2;3;6602119;5;/go-to/?fmid=6602119;Mölnlycke IS Ungdom;https://staticcdn.svenskfotboll.se/img/teamssm/13695.png;7;Ale United U17 Lag 2;https://staticcdn.svenskfotboll.se/img/teamssm/11662.png;7;0-0;Djupedalsplan A Konstgräs;Djupedals IP;Djupedals Ip, Rullstensvägen 1, 435 41 Mölnlycke;Y;57.652820;12.126316;Göteborg;football
7;2026-10-15;19:30;133746;Flickor 2010-2011 Medel Grupp B;3;3;6585534;5;/go-to/?fmid=6585534;BK Häcken FF F15 Svart;https://staticcdn.svenskfotboll.se/img/teamssm/9584.png;7;Mossens BK F2010/2011;https://staticcdn.svenskfotboll.se/img/teamssm/9571.png;7;0-0;Gothia Park 4;Gothia Park;Entreprenadvägen 6, 417 05 Göteborg;Y;57.740380;11.947473;Göteborg;football
1;2026-10-15;19:30;129333;P19 Div.1 2026 Västra Götaland;2;3;6585954;5;/go-to/?fmid=6585954;Falkenbergs FF;https://staticcdn.svenskfotboll.se/img/teamssm/9525.png;8;Ljungskile SK Herrfotboll;https://staticcdn.svenskfotboll.se/img/teamssm/13211.png;28;0-0;Kristineslätt IP 5;Kristineslätt IP;Kristineslätt, Skrea Strand, Falkenberg, Falkenbergs kommun, Hallands län, 311 41, Sverige;Y;56.891601;12.514593;1;football
7;2026-10-15;19:30;133157;Division 7C Herr;2;4;6534585;5;/go-to/?fmid=6534585;Hålta IK;https://staticcdn.svenskfotboll.se/img/teamssm/12094.png;7;Marieholm IK;https://staticcdn.svenskfotboll.se/img/teamssm/13640.png;7;0-0;Kärnavallen 2 Konstgräs;Kärnavallen;Lyckevägen 16, 442 70 Kärna;Y;57.848420;11.786315;Göteborg;football
7;2026-10-15;19:30;133592;Pojkar 2012(14 år) Svår Grupp C;2;3;6622290;5;/go-to/?fmid=6622290;Lindome GIF Svart;https://staticcdn.svenskfotboll.se/img/teamssm/10741.png;7;Utsiktens BK 2;https://staticcdn.svenskfotboll.se/img/teamssm/9982.png;7;0-0;Lindevi IP 3 Konstgräs;Lindevi IP;Hällesåkersvägen 5, 437 91 Lindome;Y;57.585286;12.108877;Göteborg;football
7;2026-10-15;19:40;136461;Fotbollsligan 7M7 Herr Höst GrpB;2;5;6829531;5;/go-to/?fmid=6829531;Hermansby IF;https://staticcdn.svenskfotboll.se/img/teamssm/11150.png;7;Lekstorps IF Oldboys;https://staticcdn.svenskfotboll.se/img/teamssm/10760.png;7;0-0;Kode IP 31 Konstgräs;Kode IP;SLÄBO 120, 442 96 Kode;Y;57.946073;11.863428;Göteborg;football
7;2026-10-15;20:00;133744;Flickor 2010-2011 Lätt Grupp A;3;3;6585013;5;/go-to/?fmid=6585013;Utbynäs SK Blå;https://staticcdn.svenskfotboll.se/img/teamssm/9983.png;7;Backatorp IF;https://staticcdn.svenskfotboll.se/img/teamssm/11915.png;7;0-0;Bergsjövallen 2 Konstgräs;Bergsjövallen;Sjustjärnan 20, 415 51 Göteborg;Y;57.750377;12.057010;Göteborg;football
7;2026-10-15;20:00;133584;Pojkar 2012(14 år) Medel Grupp D;2;3;6621604;5;/go-to/?fmid=6621604;Hovås Billdal IF Grön;https://staticcdn.svenskfotboll.se/img/teamssm/11109.png;7;Näsets SK P2012 -1 Näsets SK P2012 - Röd;https://staticcdn.svenskfotboll.se/img/teamssm/10510.png;7;0-0;Hovås Billdal Arena 1;Hovås Billdal Arena;Kruniusvägen, 427 36 Billdal;Y;57.589555;11.946909;Göteborg;football
7;2026-10-15;20:00;133578;Pojkar 2011(15 år) Svår Grupp B;2;3;6608507;5;/go-to/?fmid=6608507;Älvsborg FF Svart;https://staticcdn.svenskfotboll.se/img/teamssm/9622.png;7;GAIS Akademi;https://staticcdn.svenskfotboll.se/img/teamssm/9614.png;7;0-0;Påvelund 1 Konstgräs;Påvelund;Redegatan 18, 426 77 Västra Frölunda;Y;57.668781;11.881476;Göteborg;football
7;2026-10-15;20:00;133579;Pojkar 2011(15 år) Lätt Grupp A;2;3;6607257;5;/go-to/?fmid=6607257;Torslanda IK Svart;https://staticcdn.svenskfotboll.se/img/teamssm/10068.png;7;IF Mölndal Fotboll Röd;https://staticcdn.svenskfotboll.se/img/teamssm/9569.png;7;0-0;Torslandavallen 2 Konstgräs;Torslandavallen;Torslanda Idrottsväg 17, 423 32 Torslanda;Y;57.718280;11.757490;Göteborg;football
7;2026-10-15;20:15;133155;Division 7A Herr;2;4;6533635;5;/go-to/?fmid=6533635;Järnbrotts IF;https://staticcdn.svenskfotboll.se/img/teamssm/9594.png;7;Vrångö IF;https://staticcdn.svenskfotboll.se/img/teamssm/9537.png;7;0-0;Apelsinplan 2 Konstgräs;Apelsinplan;Apelsingatan 6, 426 54 Västra Frölunda;Y;57.655054;11.882940;Göteborg;football
7;2026-10-15;20:15;133156;Division 7B Herr;2;4;6534434;5;/go-to/?fmid=6534434;Högaborg Käringön FC;https://staticcdn.svenskfotboll.se/img/teamssm/7515.png;7;Alealiber IF;https://staticcdn.svenskfotboll.se/img/teamssm/13380.png;7;0-0;Backavallen 1 Konstgräs;Backavallen;Wadköpingsgatan 153, 422 51 Hisings Backa;Y;57.745322;11.967003;Göteborg;football
7;2026-10-15;20:15;138257;Junior Flickor Div 3 Höst;3;3;6827597;5;/go-to/?fmid=6827597;IK Zenith DJ;https://staticcdn.svenskfotboll.se/img/teamssm/9829.png;7;Älvsborg FF U17F;https://staticcdn.svenskfotboll.se/img/teamssm/9622.png;7;0-0;Hovgårdsvallen 2 Konstgräs (Bjurforsplanen);Hovgårdsvallen;Gamla Lillebyvägen 1, 432 00 Torslanda;Y;57.751235;11.827376;Göteborg;football
7;2026-10-15;20:15;138257;Junior Flickor Div 3 Höst;3;3;6827588;5;/go-to/?fmid=6827588;Kareby IS/RUF/KIF;https://staticcdn.svenskfotboll.se/img/teamssm/10872.png;7;IF Väster Damjunior Svart;https://staticcdn.svenskfotboll.se/img/teamssm/9861.png;7;0-0;Kareby Hed;Kareby Hed;442 46 Kareby;Y;57.903192;11.928436;Göteborg;football
7;2026-10-15;20:15;133950;Division 5B Dam;3;4;6534113;5;/go-to/?fmid=6534113;Guldhedens IK;https://staticcdn.svenskfotboll.se/img/teamssm/11249.png;7;Lundby IF;https://staticcdn.svenskfotboll.se/img/teamssm/11776.png;7;0-0;Nordic Wellness Arena;Nordic Wellness Arena;Inlandsgatan 48, 417 15 Göteborg;Y;57.719843;11.932408;Göteborg;football
7;2026-10-15;20:15;133592;Pojkar 2012(14 år) Svår Grupp C;2;3;6622350;5;/go-to/?fmid=6622350;Lerums IS Svart;https://staticcdn.svenskfotboll.se/img/teamssm/10756.png;7;IF Väster Vit;https://staticcdn.svenskfotboll.se/img/teamssm/9861.png;7;0-0;Spinnarvallen / B-plan;Spinnarvallen;Tollereds Ströms väg 4, 448 50 Tollered;Y;57.814494;12.424245;Göteborg;football
7;2026-10-16;18:00;133581;Pojkar 2011(15 år) Medel Grupp C;2;3;6608164;5;/go-to/?fmid=6608164;Sandarna BK Röd;https://staticcdn.svenskfotboll.se/img/teamssm/10367.png;7;IFK Fjärås;https://staticcdn.svenskfotboll.se/img/teamssm/9511.png;8;0-0;Gröna Vallen 1;Gröna Vallen;Gröna Vallen, Svanebäcksgatan 16, 414 71 Göteborg;Y;57.687961;11.917564;Göteborg;football
7;2026-10-16;18:00;133580;Pojkar 2011(15 år) Lätt Grupp B;2;3;6607661;5;/go-to/?fmid=6607661;Masthuggets BK;https://staticcdn.svenskfotboll.se/img/teamssm/10643.png;7;Mossens BK Svart;https://staticcdn.svenskfotboll.se/img/teamssm/9571.png;7;0-0;Heden 4 Konstgräs;Heden;Heden, 411 38 Göteborg;Y;57.702854;11.978368;Göteborg;football
7;2026-10-16;18:00;136239;Pojkar 2009-2010(16-17 år) Lätt Grupp B;2;3;6600269;5;/go-to/?fmid=6600269;Kareby/Kode/RUF;https://staticcdn.svenskfotboll.se/img/teamssm/10872.png;7;Lekstorps IF/ Sjöviks SK;https://staticcdn.svenskfotboll.se/img/teamssm/10760.png;7;0-0;Kareby Hed;Kareby Hed;442 46 Kareby;Y;57.903192;11.928436;Göteborg;football
7;2026-10-16;18:00;133607;Pojkar 2013(13 år) Höst Svår Grupp B;2;3;6829039;5;/go-to/?fmid=6829039;Utsiktens BK;https://staticcdn.svenskfotboll.se/img/teamssm/9982.png;7;Solväders FC;https://staticcdn.svenskfotboll.se/img/teamssm/12147.png;7;0-0;Ruddalen 31;Ruddalen;Anna Östvägen 8, 426 68 Västra Frölunda;Y;57.664609;11.909282;Göteborg;football
7;2026-10-16;18:15;136461;Fotbollsligan 7M7 Herr Höst GrpB;2;5;6829494;5;/go-to/?fmid=6829494;Hermansby IF;https://staticcdn.svenskfotboll.se/img/teamssm/11150.png;7;Framtida IF;https://staticcdn.svenskfotboll.se/img/teamssm/13546.png;7;0-0;Kärnavallen 21 Konstgräs;Kärnavallen;Lyckevägen 16, 442 70 Kärna;Y;57.848420;11.786315;Göteborg;football
7;2026-10-16;18:30;133579;Pojkar 2011(15 år) Lätt Grupp A;2;3;6607223;5;/go-to/?fmid=6607223;IK Zenith Vit;https://staticcdn.svenskfotboll.se/img/teamssm/9829.png;7;Dalen/Krokslätts FF;https://staticcdn.svenskfotboll.se/img/teamssm/9632.png;7;0-0;Hovgårdsvallen 2 Konstgräs (Bjurforsplanen);Hovgårdsvallen;Gamla Lillebyvägen 1, 432 00 Torslanda;Y;57.751235;11.827376;Göteborg;football
7;2026-10-16;18:30;133575;Pojkar 2011(15 år) Medel Grupp A;2;3;6607791;5;/go-to/?fmid=6607791;Askims IK;https://staticcdn.svenskfotboll.se/img/teamssm/11617.png;7;Västra Frölunda IF Vit;https://staticcdn.svenskfotboll.se/img/teamssm/9853.png;7;0-0;Kobbegården Övre;Kobbegården;Stora Åvägen 1, 436 34 Askim;Y;57.639723;11.944383;Göteborg;football
7;2026-10-16;18:30;133525;Junior Pojkar Div 2B;2;3;6543008;5;/go-to/?fmid=6543008;Dalen/Krokslätts FF;https://staticcdn.svenskfotboll.se/img/teamssm/9632.png;7;Älvsborg FF 2;https://staticcdn.svenskfotboll.se/img/teamssm/9622.png;7;0-0;Krokslättsvallen konstgräs;Krokslättsvallen;Krokslätts Storgata 44, 431 38 Mölndal;Y;57.671326;11.997967;Göteborg;football
7;2026-10-16;18:30;133580;Pojkar 2011(15 år) Lätt Grupp B;2;3;6607658;5;/go-to/?fmid=6607658;Kållered SK;https://staticcdn.svenskfotboll.se/img/teamssm/10787.png;7;Särö Kullavik IF;https://staticcdn.svenskfotboll.se/img/teamssm/9496.png;8;0-0;Kållered Sportcenter 1;Kållered Sportcenter;Tulebovägen 17, 428 34 Kållered;Y;57.611466;12.075548;Göteborg;football
7;2026-10-16;18:30;136238;Pojkar 2009-2010(16-17 år) Svår Grupp B;2;3;6602095;5;/go-to/?fmid=6602095;SG Ruddalen IF U17;https://staticcdn.svenskfotboll.se/img/teamssm/11284.png;7;Surte IS FK;https://staticcdn.svenskfotboll.se/img/teamssm/12036.png;7;0-0;Ruddalen Konstgräs 2;Ruddalen;Anna Östvägen 8, 426 68 Västra Frölunda;Y;57.664609;11.909282;Göteborg;football
7;2026-10-16;18:30;133571;Pojkar 2009-2010(16-17 år) Medel Grupp A;2;3;6601654;5;/go-to/?fmid=6601654;Torslanda IK Röd P17;https://staticcdn.svenskfotboll.se/img/teamssm/10068.png;7;Utbynäs SK Gul;https://staticcdn.svenskfotboll.se/img/teamssm/9983.png;7;0-0;Torslandavallen 2 Konstgräs;Torslandavallen;Torslanda Idrottsväg 17, 423 32 Torslanda;Y;57.718280;11.757490;Göteborg;football
7;2026-10-16;18:30;133616;Pojkar 2013(13 år) Höst Lätt Grupp C;2;3;6828555;5;/go-to/?fmid=6828555;Azalea BK P2013 Orange;https://staticcdn.svenskfotboll.se/img/teamssm/7817.png;7;Ytterby IS Vit;https://staticcdn.svenskfotboll.se/img/teamssm/9832.png;7;0-0;Ytterns IP 31;Ytterns IP;Ytterby, 442 40 Kungälv;Y;57.869280;11.935196;Göteborg;football
7;2026-10-16;18:30;133591;Pojkar 2012(14 år) Lätt Grupp D;2;3;6621002;5;/go-to/?fmid=6621002;Torslanda IK Lag 3;https://staticcdn.svenskfotboll.se/img/teamssm/10068.png;7;Fässbergs IF Lila;https://staticcdn.svenskfotboll.se/img/teamssm/9620.png;7;0-0;Åbyvallen 2 Konstgräs;Åbyvallen;Idrottsvägen 5, 431 62 Mölndal;Y;57.645363;12.002082;Göteborg;football
7;2026-10-16;18:30;133761;Flickor 2012-2013 Stor 9M9 Svår Höst;3;3;6827824;5;/go-to/?fmid=6827824;Qviding FIF;https://staticcdn.svenskfotboll.se/img/teamssm/8089.png;7;IF Mölndal Fotboll F12 Röd;https://staticcdn.svenskfotboll.se/img/teamssm/9569.png;7;0-0;Åbyvallen 1 Konstgräs;Åbyvallen;Idrottsvägen 5, 431 62 Mölndal;Y;57.645363;12.002082;Göteborg;football
7;2026-10-16;18:30;133575;Pojkar 2011(15 år) Medel Grupp A;2;3;6607793;5;/go-to/?fmid=6607793;Näsets SK 2;https://staticcdn.svenskfotboll.se/img/teamssm/10510.png;7;Öjersjö IF Blå;https://staticcdn.svenskfotboll.se/img/teamssm/7552.png;7;0-0;Näset Yuncture Arena;Åkeredsvallen;Bergsätersgatan 1, 421 66 Västra Frölunda;Y;57.631456;11.900982;Göteborg;football
7;2026-10-16;18:45;133614;Pojkar 2013(13 år) Höst Svår Grupp A;2;3;6828818;5;/go-to/?fmid=6828818;Kungsladugårds BK Blå;https://staticcdn.svenskfotboll.se/img/teamssm/10799.png;7;IFK Göteborg;https://staticcdn.svenskfotboll.se/img/teamssm/11012.png;7;0-0;Apelsinplan 22 Konstgräs;Apelsinplan;Apelsingatan 6, 426 54 Västra Frölunda;Y;57.655054;11.882940;Göteborg;football
7;2026-10-16;18:45;133759;Flickor 2012-2013 Stor 9M9 Medel Gr. C Höst;3;3;6827832;5;/go-to/?fmid=6827832;Älvsborg FF F2013 Vit;https://staticcdn.svenskfotboll.se/img/teamssm/9622.png;7;Öjersjö IF F12/13 Blå;https://staticcdn.svenskfotboll.se/img/teamssm/7552.png;7;0-0;Hagenplan;Hagenplan;Hagens Prästväg 4, 426 74 Västra Frölunda;Y;57.674967;11.882285;Göteborg;football
7;2026-10-16;18:45;136238;Pojkar 2009-2010(16-17 år) Svår Grupp B;2;3;6602203;5;/go-to/?fmid=6602203;Hovås Billdal IF U17-P Blå;https://staticcdn.svenskfotboll.se/img/teamssm/11109.png;7;Finlandia Pallo AIF;https://staticcdn.svenskfotboll.se/img/teamssm/7939.png;7;0-0;Hovås Billdal Arena 1;Hovås Billdal Arena;Kruniusvägen, 427 36 Billdal;Y;57.589555;11.946909;Göteborg;football
7;2026-10-16;18:45;133767;Flickor 2012-2013 Stor 9M9 Lätt Gr. C Höst;3;3;6828054;5;/go-to/?fmid=6828054;Surte/Ahlafors;https://staticcdn.svenskfotboll.se/img/teamssm/12036.png;7;IK Zenith Vit;https://staticcdn.svenskfotboll.se/img/teamssm/9829.png;7;0-0;Surte 1 Gräs;Surte IP;Idrottsvägen 4, 445 55 Surte;Y;57.836279;12.017412;Göteborg;football
7;2026-10-16;19:00;133525;Junior Pojkar Div 2B;2;3;6548707;5;/go-to/?fmid=6548707;Mölnlycke IS Ungdom;https://staticcdn.svenskfotboll.se/img/teamssm/13695.png;7;Torslanda IK HJ 2;https://staticcdn.svenskfotboll.se/img/teamssm/10068.png;7;0-0;Djupedalsplan A Konstgräs;Djupedals IP;Djupedals Ip, Rullstensvägen 1, 435 41 Mölnlycke;Y;57.652820;12.126316;Göteborg;football
7;2026-10-16;19:00;133658;Pojkar 2015(11 år) Grupp D Höst;2;2;6845672;5;/go-to/?fmid=6845672;Mölnlycke IF 1;https://staticcdn.svenskfotboll.se/img/teamssm/10594.png;7;IFK Hindås P-15;https://staticcdn.svenskfotboll.se/img/teamssm/11008.png;7;-1--1;Djupedalsplan B Konstgräs vänster;Djupedals IP;Djupedals Ip, Rullstensvägen 1, 435 41 Mölnlycke;Y;57.652820;12.126316;Göteborg;football
7;2026-10-16;19:00;133658;Pojkar 2015(11 år) Grupp D Höst;2;2;6845673;5;/go-to/?fmid=6845673;Mölnlycke IF 2;https://staticcdn.svenskfotboll.se/img/teamssm/10594.png;7;IFK Hindås;https://staticcdn.svenskfotboll.se/img/teamssm/11008.png;7;-1--1;Djupedalsplan B Konstgräs höger;Djupedals IP;Djupedals Ip, Rullstensvägen 1, 435 41 Mölnlycke;Y;57.652820;12.126316;Göteborg;football
7;2026-10-16;19:00;133745;Flickor 2010-2011 Lätt Grupp B;3;3;6585140;5;/go-to/?fmid=6585140;IFK Hindås F-11/12;https://staticcdn.svenskfotboll.se/img/teamssm/11008.png;7;Bergums IF U-trupp flickor 2011-2012;https://staticcdn.svenskfotboll.se/img/teamssm/11584.png;7;0-0;Fagervallen 2 Konstgräs;Fagervallen;Sportvägen 9, 438 98 Hindås;Y;57.695964;12.435282;Göteborg;football
1;2026-10-16;19:00;138411;P17 Div.1 2026 B-slutspel Nordvästra Götaland;2;3;6912033;5;/go-to/?fmid=6912033;Gunnilse IS;https://staticcdn.svenskfotboll.se/img/teamssm/11237.png;7;Backatorp IF;https://staticcdn.svenskfotboll.se/img/teamssm/11915.png;7;0-0;Hjällbovallen 2 Konstgräs;Hjällbovallen;Knattens väg 12, 424 32 Angered;Y;57.777950;12.017062;1;football
21;2026-10-16;19:00;136510;Pojkar Div 4 Borås;2;3;6710990;5;/go-to/?fmid=6710990;Kronängs IF;https://staticcdn.svenskfotboll.se/img/teamssm/8688.png;21;Hestrafors IF;https://staticcdn.svenskfotboll.se/img/teamssm/11145.png;21;0-0;Kronäng Arena konstgräs 1;Kronäng Arena;Schaktgatan 1, 504 41 Borås;Y;57.696516;12.931606;Västergötland;football
7;2026-10-16;19:00;133198;Division 5A Dam;3;4;6534029;5;/go-to/?fmid=6534029;Hälsö BK;https://staticcdn.svenskfotboll.se/img/teamssm/11065.png;7;Hisingsbacka FC;https://staticcdn.svenskfotboll.se/img/teamssm/11138.png;7;0-0;Prästängen 1 Konstgräs;Prästängen;PRÄSTÄNGEN 1, 475 31 Öckerö;Y;57.717030;11.641158;Göteborg;football
7;2026-10-16;19:00;133742;Flickor 2011 Regional;3;3;6597808;5;/go-to/?fmid=6597808;Älvsborg FF F2011;https://staticcdn.svenskfotboll.se/img/teamssm/9622.png;7;IFK Göteborg F15;https://staticcdn.svenskfotboll.se/img/teamssm/11012.png;7;0-0;Påvelund 1 Konstgräs;Påvelund;Redegatan 18, 426 77 Västra Frölunda;Y;57.668781;11.881476;Göteborg;football
7;2026-10-16;19:00;133525;Junior Pojkar Div 2B;2;3;6542979;5;/go-to/?fmid=6542979;IF Väster;https://staticcdn.svenskfotboll.se/img/teamssm/9861.png;7;Lindome GIF;https://staticcdn.svenskfotboll.se/img/teamssm/10741.png;7;0-0;Önneredsplan 1 Konstgräs;Önneredsplan;Ersåsgatan 2, 421 59 Västra Frölunda;Y;57.637219;11.884878;Göteborg;football
7;2026-10-16;19:15;133573;Pojkar 2009-2010(16-17 år) Lätt Grupp A;2;3;6600254;5;/go-to/?fmid=6600254;Donsö IS;https://staticcdn.svenskfotboll.se/img/teamssm/9631.png;7;Nödinge SK Fotboll Vit;https://staticcdn.svenskfotboll.se/img/teamssm/10503.png;7;0-0;Donsövallen;Donsövallen;Donsövallen, Lurkenvägen 2, 430 82 Donsö;Y;57.605163;11.805907;Göteborg;football
7;2026-10-16;19:15;133576;Pojkar 2011(15 år) Medel Grupp B;2;3;6607921;5;/go-to/?fmid=6607921;Lundby IF p11 Grön;https://staticcdn.svenskfotboll.se/img/teamssm/11776.png;7;Lindome GIF Vit;https://staticcdn.svenskfotboll.se/img/teamssm/10741.png;7;0-0;Fjärdingsplan KG;Fjärdingsplan;Lantmätaregatan 21, 417 06 Göteborg;Y;57.724197;11.939560;Göteborg;football
7;2026-10-16;19:15;133744;Flickor 2010-2011 Lätt Grupp A;3;3;6585034;5;/go-to/?fmid=6585034;HBH F10/11;https://staticcdn.svenskfotboll.se/img/teamssm/11038.png;7;Qviding FIF F10/11;https://staticcdn.svenskfotboll.se/img/teamssm/8089.png;7;0-0;Hönö Arena 1;Hönö Arena;Lindblomsvägen 30, 475 42 Hönö;Y;57.687870;11.652948;Göteborg;football
7;2026-10-16;19:30;133570;Pojkar 2009-2010(16-17 år) Svår Grupp A;2;3;6602013;5;/go-to/?fmid=6602013;Sandarna BK Röd;https://staticcdn.svenskfotboll.se/img/teamssm/10367.png;7;KF Velebit;https://staticcdn.svenskfotboll.se/img/teamssm/9949.png;7;0-0;Gröna Vallen 1;Gröna Vallen;Gröna Vallen, Svanebäcksgatan 16, 414 71 Göteborg;Y;57.687961;11.917564;Göteborg;football
1;2026-10-16;19:30;138409;P17 Div.1 2026 A-slutspel Norra Götaland;2;3;6911844;5;/go-to/?fmid=6911844;Jonsereds IF;https://staticcdn.svenskfotboll.se/img/teamssm/9595.png;7;GAIS;https://staticcdn.svenskfotboll.se/img/teamssm/9614.png;7;0-0;Jonsereds IP 1 Konstgräs;Jonsereds IP;Jons väg 23, 433 75 Jonsered;Y;57.746215;12.169063;1;football
21;2026-10-16;19:30;139937;Kval till SvFF:s P17 Div.1 - Grupp B;2;3;6913665;5;/go-to/?fmid=6913665;Gerdskens BK U16;https://staticcdn.svenskfotboll.se/img/teamssm/8712.png;21;Bergdalens IK U16;https://staticcdn.svenskfotboll.se/img/teamssm/11592.png;21;0-0;Noltorpsvallen B Konstgräs;Noltorpsvallen;Noltorpsvallen, Mjörnstigen, Noltorp, Alingsås distrikt, Alingsås, Alingsås kommun, Västra Götalands län, 441 56, Sverige;Y;57.936860;12.515810;Västergötland;football
7;2026-10-16;19:30;133198;Division 5A Dam;3;4;6534026;5;/go-to/?fmid=6534026;Älvängens IK (B);https://staticcdn.svenskfotboll.se/img/teamssm/9783.png;7;Romelanda UF/KIS/KIF;https://staticcdn.svenskfotboll.se/img/teamssm/10427.png;7;0-0;Älvevi 2 Konstgräs;Älvevi;Hövägen 23, 446 32 Älvängen;Y;57.954092;12.123567;Göteborg;football
28;2026-10-16;19:45;136359;BDFF P15-19 Blå Södra;2;3;6638714;5;/go-to/?fmid=6638714;IK Oddevold P15;https://staticcdn.svenskfotboll.se/img/teamssm/10500.png;28;Herrestads AIF P15-16 år;https://staticcdn.svenskfotboll.se/img/teamssm/11149.png;28;0-0;Arwidsroplanen;Arwidsroplanen;Fossums Kvarnväg 4, 451 34 Uddevalla;Y;58.348766;11.975349;Bohuslän-Dalsland;football
7;2026-10-16;20:00;133570;Pojkar 2009-2010(16-17 år) Svår Grupp A;2;3;6601925;5;/go-to/?fmid=6601925;Qviding FIF P17;https://staticcdn.svenskfotboll.se/img/teamssm/8089.png;7;Lerums IS;https://staticcdn.svenskfotboll.se/img/teamssm/10756.png;7;0-0;Härlanda Park 1 Konstgräs;Härlanda Park;Härlanda Park 6B, 416 52 Göteborg;Y;57.716492;12.017055;Göteborg;football
7;2026-10-16;20:15;133157;Division 7C Herr;2;4;6534588;5;/go-to/?fmid=6534588;Goldcoast FC;https://staticcdn.svenskfotboll.se/img/teamssm/13374.png;7;KIF Bosna Ljiljan;https://staticcdn.svenskfotboll.se/img/teamssm/7663.png;7;0-0;Bergsjövallen 2 Konstgräs;Bergsjövallen;Sjustjärnan 20, 415 51 Göteborg;Y;57.750377;12.057010;Göteborg;football
7;2026-10-17;10:00;133658;Pojkar 2015(11 år) Grupp D Höst;2;2;6845614;5;/go-to/?fmid=6845614;IF Mölndal Fotboll Vit;https://staticcdn.svenskfotboll.se/img/teamssm/9569.png;7;IF Väster Svart;https://staticcdn.svenskfotboll.se/img/teamssm/9861.png;7;-1--1;Frejaplan 12 K.Gräs;Frejaplan;Fiskargatan, 431 43 Mölndal;Y;57.656471;12.005152;Göteborg;football
7;2026-10-17;10:00;133658;Pojkar 2015(11 år) Grupp D Höst;2;2;6845615;5;/go-to/?fmid=6845615;IF Mölndal Fotboll Röd;https://staticcdn.svenskfotboll.se/img/teamssm/9569.png;7;IF Väster Orange;https://staticcdn.svenskfotboll.se/img/teamssm/9861.png;7;-1--1;Frejaplan 11 K.Gräs;Frejaplan;Fiskargatan, 431 43 Mölndal;Y;57.656471;12.005152;Göteborg;football
7;2026-10-17;10:00;133592;Pojkar 2012(14 år) Svår Grupp C;2;3;6622347;5;/go-to/?fmid=6622347;Stenkullen GoIK Röd;https://staticcdn.svenskfotboll.se/img/teamssm/10243.png;7;Utsiktens BK 2;https://staticcdn.svenskfotboll.se/img/teamssm/9982.png;7;0-0;Stenkullens IP 2 KG;Stenkullens IP;Granitvägen 3, 443 61 Stenkullen;Y;57.795326;12.310226;Göteborg;football
7;2026-10-17;10:15;133706;Pojkar 2017(9 år) Hisingen+Öckerö Grupp B Höst;2;2;6848423;5;/go-to/?fmid=6848423;Lundby IF P2017 Vit;https://staticcdn.svenskfotboll.se/img/teamssm/11776.png;7;Eriksbergs IF 3;https://staticcdn.svenskfotboll.se/img/teamssm/9629.png;7;-1--1;Fjärdingsplan 11 KG;Fjärdingsplan;Lantmätaregatan 21, 417 06 Göteborg;Y;57.724197;11.939560;Göteborg;football
7;2026-10-17;10:15;133706;Pojkar 2017(9 år) Hisingen+Öckerö Grupp B Höst;2;2;6848424;5;/go-to/?fmid=6848424;Lundby IF P2017 Röd;https://staticcdn.svenskfotboll.se/img/teamssm/11776.png;7;Eriksbergs IF 4;https://staticcdn.svenskfotboll.se/img/teamssm/9629.png;7;-1--1;Fjärdingsplan 12 KG;Fjärdingsplan;Lantmätaregatan 21, 417 06 Göteborg;Y;57.724197;11.939560;Göteborg;football
7;2026-10-17;10:15;133609;Pojkar 2013(13 år) Höst Medel Grupp C;2;3;6828774;5;/go-to/?fmid=6828774;Nödinge SK Fotboll Blå;https://staticcdn.svenskfotboll.se/img/teamssm/10503.png;7;Nol IK;https://staticcdn.svenskfotboll.se/img/teamssm/10573.png;7;0-0;Vimmervi 21 Konstgräs;Vimmervi;Gamla Kilandavägen 62, 449 36 Nödinge;Y;57.886226;12.080329;Göteborg;football
7;2026-10-17;10:30;133760;Flickor 2012-2013 Liten 9M9 Medel Gr. A Höst;3;3;6828212;5;/go-to/?fmid=6828212;Solängens BK F-13 2;https://staticcdn.svenskfotboll.se/img/teamssm/9548.png;7;Ytterby IS Vit 2013;https://staticcdn.svenskfotboll.se/img/teamssm/9832.png;7;0-0;Eklandavallen 12;Eklandavallen;Bäckstensgatan 15, 431 49 Mölndal;Y;57.654780;11.959687;Göteborg;football
7;2026-10-17;10:30;133758;Flickor 2012-2013 Stor 9M9 Medel Gr. B Höst;3;3;6827889;5;/go-to/?fmid=6827889;GAIS F14;https://staticcdn.svenskfotboll.se/img/teamssm/9614.png;7;Sävedalens IF Blå 2;https://staticcdn.svenskfotboll.se/img/teamssm/9545.png;7;0-0;Heden 2 Konstgräs;Heden;Heden, 411 38 Göteborg;Y;57.702854;11.978368;Göteborg;football
7;2026-10-17;11:00;133586;Pojkar 2012(14 år) Svår Grupp A;2;3;6622089;5;/go-to/?fmid=6622089;Mölnlycke IS Ungdom 1;https://staticcdn.svenskfotboll.se/img/teamssm/13695.png;7;Västra Frölunda IF Grön;https://staticcdn.svenskfotboll.se/img/teamssm/9853.png;7;0-0;Djupedalsplan B Konstgräs;Djupedals IP;Djupedals Ip, Rullstensvägen 1, 435 41 Mölnlycke;Y;57.652820;12.126316;Göteborg;football
8;2026-10-17;11:00;137618;F14år Röd;3;3;6778835;5;/go-to/?fmid=6778835;SRG Himledalen;https://staticcdn.svenskfotboll.se/img/teamssm/10288.png;8;IF Centern;https://staticcdn.svenskfotboll.se/img/teamssm/9527.png;8;0-0;Grimtunet B;Grimtunet;Grimtunet, N 764, Grimeton, Himle, Varbergs kommun, Hallands län, 432 77, Sverige;Y;57.109083;12.412005;Halland;football
7;2026-10-17;11:00;133616;Pojkar 2013(13 år) Höst Lätt Grupp C;2;3;6828549;5;/go-to/?fmid=6828549;Fässbergs IF Vit;https://staticcdn.svenskfotboll.se/img/teamssm/9620.png;7;Lunden Överås BK Grön;https://staticcdn.svenskfotboll.se/img/teamssm/10705.png;7;0-0;Rävekärrsplan;Rävekärrsplan;Fågelbergsgatan 6, 431 33 Mölndal;Y;57.643218;12.034367;Göteborg;football
28;2026-10-17;11:00;133347;Träningsmatch Flick 2026;3;3;6922322;5;/go-to/?fmid=6922322;Kroppefjälls IF F11/12;https://staticcdn.svenskfotboll.se/img/teamssm/10811.png;28;Laxarby IF F 13-14;https://staticcdn.svenskfotboll.se/img/teamssm/8493.png;28;0-0;Dalslands Sparbanks Arena;Rådavallen;ÄNGGATAN 2, 464 30 Mellerud;Y;58.704288;12.457587;Bohuslän-Dalsland;football
28;2026-10-17;11:00;139706;BDFF F15-19 Grön Höst;3;3;6906051;5;/go-to/?fmid=6906051;Vallens IF;https://staticcdn.svenskfotboll.se/img/teamssm/8496.png;28;Skärhamns IK Utv.;https://staticcdn.svenskfotboll.se/img/teamssm/10285.png;28;0-0;Stora Höga IP 2 Konstgräs;Stora Höga IP;Stora Höga, Stenungsunds kommun, Västra Götalands län, 444 60, Sverige;Y;58.014336;11.828450;Bohuslän-Dalsland;football
7;2026-10-17;11:30;133678;Pojkar 2016(10 år) Grupp B Höst;2;2;6842021;5;/go-to/?fmid=6842021;Donsö IS SSIK/Styrsö BK SBK/SSIK P 2016;https://staticcdn.svenskfotboll.se/img/teamssm/9631.png;7;Hjuviks AIK P2016 Blå;https://staticcdn.svenskfotboll.se/img/teamssm/8330.png;7;-1--1;Donsövallen 11;Donsövallen;Donsövallen, Lurkenvägen 2, 430 82 Donsö;Y;57.605163;11.805907;Göteborg;football
7;2026-10-17;12:00;133795;Flickor 2015(11 år) Grupp B Höst;3;2;6838802;5;/go-to/?fmid=6838802;Kungsladugårds BK Vit;https://staticcdn.svenskfotboll.se/img/teamssm/10799.png;7;Älvsborg FF Röd;https://staticcdn.svenskfotboll.se/img/teamssm/9622.png;7;-1--1;Sjöbaren Arena;Apelsinplan;Apelsingatan 6, 426 54 Västra Frölunda;Y;57.655054;11.882940;Göteborg;football
7;2026-10-17;12:00;133577;Pojkar 2011(15 år) Svår Grupp A;2;3;6608223;5;/go-to/?fmid=6608223;Croatia Göteborg;https://staticcdn.svenskfotboll.se/img/teamssm/9633.png;7;Surte IS FK;https://staticcdn.svenskfotboll.se/img/teamssm/12036.png;7;0-0;Bergsjövallen 2 Konstgräs;Bergsjövallen;Sjustjärnan 20, 415 51 Göteborg;Y;57.750377;12.057010;Göteborg;football
8;2026-10-17;12:00;137261;Nivå 3 Mellersta Södra Herrar;2;4;6733894;5;/go-to/?fmid=6733894;Andersbergs IK;https://staticcdn.svenskfotboll.se/img/teamssm/6845.png;8;Oskarströms IS U;https://staticcdn.svenskfotboll.se/img/teamssm/10488.png;8;0-0;Esperedsvallen konstgräs;Esperedsvallen;Esperedsvallen, Sennanvägen, Oskarström, Halmstads kommun, Hallands län, 313 31, Sverige;Y;56.796444;12.976225;Halland;football
7;2026-10-17;12:00;133613;Pojkar 2013(13 år) Höst Medel Grupp B;2;3;6828727;5;/go-to/?fmid=6828727;Lundby IF Vit;https://staticcdn.svenskfotboll.se/img/teamssm/11776.png;7;SG Ruddalen IF Röd;https://staticcdn.svenskfotboll.se/img/teamssm/11284.png;7;0-0;Fjärdingsplan 11 KG;Fjärdingsplan;Lantmätaregatan 21, 417 06 Göteborg;Y;57.724197;11.939560;Göteborg;football
7;2026-10-17;12:00;133615;Pojkar 2013(13 år) Höst Lätt Grupp B;2;3;6828503;5;/go-to/?fmid=6828503;Götaholms BK Vit;https://staticcdn.svenskfotboll.se/img/teamssm/9615.png;7;Lundby IF Svart;https://staticcdn.svenskfotboll.se/img/teamssm/11776.png;7;0-0;Gamlestadsvallen 22 Konstgräs;Gamlestadsvallen;Lars Kaggsgatan 24, 415 04 Göteborg;Y;57.734308;12.013832;Göteborg;football
1;2026-10-17;12:00;129334;P19 Allsvenskan 2026;2;3;6563869;5;/go-to/?fmid=6563869;Halmstads BK;https://staticcdn.svenskfotboll.se/img/teamssm/9517.png;8;AIK FF;https://staticcdn.svenskfotboll.se/img/teamssm/6864.png;16;0-0;Halmstad Arena P2;Halmstad Arena;Kristinehedsvägen 4B, 302 44 Halmstad;Y;56.675943;12.888513;1;football
7;2026-10-17;12:00;138261;Pojkar 2013(13 år) Höst Medel Grupp F;2;3;6828968;5;/go-to/?fmid=6828968;Qviding FIF 1;https://staticcdn.svenskfotboll.se/img/teamssm/8089.png;7;Jonsereds IF;https://staticcdn.svenskfotboll.se/img/teamssm/9595.png;7;0-0;Härlanda 12;Härlanda Park;Härlanda Park 6B, 416 52 Göteborg;Y;57.716492;12.017055;Göteborg;football
7;2026-10-17;12:00;133765;Flickor 2012-2013 Liten 9M9 Lätt Gr. C Höst;3;3;6829101;5;/go-to/?fmid=6829101;Qviding FIF 1;https://staticcdn.svenskfotboll.se/img/teamssm/8089.png;7;Kärra KIF Gul;https://staticcdn.svenskfotboll.se/img/teamssm/10780.png;7;0-0;Härlanda 11;Härlanda Park;Härlanda Park 6B, 416 52 Göteborg;Y;57.716492;12.017055;Göteborg;football
7;2026-10-17;12:00;133800;Flickor 2015(11 år) Grupp E Höst;3;2;6839789;5;/go-to/?fmid=6839789;Qviding FIF 2;https://staticcdn.svenskfotboll.se/img/teamssm/8089.png;7;Lerums IS F15 1;https://staticcdn.svenskfotboll.se/img/teamssm/10756.png;7;-1--1;Härlanda 21;Härlanda Park;Härlanda Park 6B, 416 52 Göteborg;Y;57.716492;12.017055;Göteborg;football
7;2026-10-17;12:00;133584;Pojkar 2012(14 år) Medel Grupp D;2;3;6621615;5;/go-to/?fmid=6621615;Hjuviks AIK P2012 vit;https://staticcdn.svenskfotboll.se/img/teamssm/8330.png;7;Sandarna BK Svart;https://staticcdn.svenskfotboll.se/img/teamssm/10367.png;7;0-0;21:47 Arena 1;Hästevik;Torslanda Hästeviks väg, 423 41 Torslanda;Y;57.718779;11.721591;Göteborg;football
7;2026-10-17;12:00;133766;Flickor 2012-2013 Stor 9M9 Lätt Gr. A Höst;3;3;6828124;5;/go-to/?fmid=6828124;Hönö IS , Flickor 2012(12 år) Vår 2024;https://staticcdn.svenskfotboll.se/img/teamssm/11038.png;7;Utbynäs SK F12 Blå;https://staticcdn.svenskfotboll.se/img/teamssm/9983.png;7;0-0;Hönö Arena 2;Hönö Arena;Lindblomsvägen 30, 475 42 Hönö;Y;57.687870;11.652948;Göteborg;football
7;2026-10-17;12:00;133117;Träningsmatcher Ungdomar Göteborg Pojk;2;3;6921981;5;/go-to/?fmid=6921981;Masthuggets BK Rödsvart;https://staticcdn.svenskfotboll.se/img/teamssm/10643.png;7;Fässbergs IF Vit P2014;https://staticcdn.svenskfotboll.se/img/teamssm/9620.png;7;0-0;Karl Johans Torg Konstgräs 9M9;Karl Johans Torg;Karl Johanstorget 1, 414 61 Göteborg;Y;57.694518;11.929255;Göteborg;football
7;2026-10-17;12:00;133615;Pojkar 2013(13 år) Höst Lätt Grupp B;2;3;6828504;5;/go-to/?fmid=6828504;Askims IK P2013 U13 Svart;https://staticcdn.svenskfotboll.se/img/teamssm/11617.png;7;Hovås Billdal IF Vit;https://staticcdn.svenskfotboll.se/img/teamssm/11109.png;7;0-0;Kobbegården 12 konstgräs;Kobbegården;Stora Åvägen 1, 436 34 Askim;Y;57.639723;11.944383;Göteborg;football
7;2026-10-17;12:00;133638;Pojkar 2014(12 år) Grupp J Höst;2;2;6837994;5;/go-to/?fmid=6837994;Askims IK P2014 U12 Röd;https://staticcdn.svenskfotboll.se/img/teamssm/11617.png;7;IK Kongahälla Grön;https://staticcdn.svenskfotboll.se/img/teamssm/9590.png;7;-1--1;Kobbegården 11 konstgräs;Kobbegården;Stora Åvägen 1, 436 34 Askim;Y;57.639723;11.944383;Göteborg;football
7;2026-10-17;12:00;133609;Pojkar 2013(13 år) Höst Medel Grupp C;2;3;6828773;5;/go-to/?fmid=6828773;IK Kongahälla Grön;https://staticcdn.svenskfotboll.se/img/teamssm/9590.png;7;Backatorp IF Svart;https://staticcdn.svenskfotboll.se/img/teamssm/11915.png;7;0-0;Kongevi 12;Kongevi;Karebyvägen 4, 442 34 Kungälv;Y;57.878855;11.973468;Göteborg;football
7;2026-10-17;12:00;133783;Flickor 2014(12 år) Grupp F Höst;3;2;6836263;5;/go-to/?fmid=6836263;Lekstorps IF F14;https://staticcdn.svenskfotboll.se/img/teamssm/10760.png;7;Örgryte IS Fotboll Blå;https://staticcdn.svenskfotboll.se/img/teamssm/12910.png;7;-1--1;LP Idrottsplats A - plan/ Halva B;LP - Idrottspark;LP Idrottspark, Sportvägen 7, 443 40 Gråbo;Y;57.841028;12.289142;Göteborg;football
1;2026-10-17;12:00;131965;Div 1 Mellersta, dam 2026;3;4;6545700;5;/go-to/?fmid=6545700;Ulricehamns IFK;https://staticcdn.svenskfotboll.se/img/teamssm/7738.png;21;P18 IK;https://staticcdn.svenskfotboll.se/img/teamssm/10483.png;5;0-0;Lassalyckan A-plan konstgräs;Lassalyckan;Lassalyckan, Ulricehamns distrikt, Ulricehamn, Ulricehamns kommun, Västra Götalands län, 523 33, Sverige;Y;57.785778;13.436509;1;football
7;2026-10-17;12:00;133760;Flickor 2012-2013 Liten 9M9 Medel Gr. A Höst;3;3;6828211;5;/go-to/?fmid=6828211;Utbynäs SK F13 Blå;https://staticcdn.svenskfotboll.se/img/teamssm/9983.png;7;Qviding FIF 2;https://staticcdn.svenskfotboll.se/img/teamssm/8089.png;7;0-0;Lemmingvallen 21 Konstgräs;Lemmingvallen;Lemmingsgatan 5, 415 07 Göteborg;Y;57.734850;12.052148;Göteborg;football
7;2026-10-17;12:00;133608;Pojkar 2013(13 år) Höst Medel Grupp A;2;3;6828684;5;/go-to/?fmid=6828684;Partille IF FK Röd;https://staticcdn.svenskfotboll.se/img/teamssm/12478.png;7;Marieholm IK Röd;https://staticcdn.svenskfotboll.se/img/teamssm/13640.png;7;0-0;Lexby 22 Konstgräs;Lexby;Lexbyvägen 4, 433 31 Partille;Y;57.745219;12.123472;Göteborg;football
7;2026-10-17;12:00;133607;Pojkar 2013(13 år) Höst Svår Grupp B;2;3;6829034;5;/go-to/?fmid=6829034;Lindome GIF Svart;https://staticcdn.svenskfotboll.se/img/teamssm/10741.png;7;Youth FC;https://staticcdn.svenskfotboll.se/img/teamssm/13668.png;7;0-0;Lindevi 31 Konstgräs;Lindevi IP;Hällesåkersvägen 5, 437 91 Lindome;Y;57.585286;12.108877;Göteborg;football
7;2026-10-17;12:00;133611;Pojkar 2013(13 år) Höst Medel Grupp E;2;3;6828907;5;/go-to/?fmid=6828907;Älvsborg FF Vit;https://staticcdn.svenskfotboll.se/img/teamssm/9622.png;7;Mölnlycke IF Gul;https://staticcdn.svenskfotboll.se/img/teamssm/10594.png;7;0-0;Påvelund 11 Konstgräs;Påvelund;Redegatan 18, 426 77 Västra Frölunda;Y;57.668781;11.881476;Göteborg;football
7;2026-10-17;12:00;133708;Pojkar 2017(9 år) Centrum+Härryda+Mölndal+Väster Grupp B Höst;2;2;6847187;5;/go-to/?fmid=6847187;SG Ruddalen IF 4;https://staticcdn.svenskfotboll.se/img/teamssm/11284.png;7;Balltorps FF P2017;https://staticcdn.svenskfotboll.se/img/teamssm/8047.png;7;-1--1;Ruddalen 7M7 nr 4 Konstgräs;Ruddalen;Anna Östvägen 8, 426 68 Västra Frölunda;Y;57.664609;11.909282;Göteborg;football
7;2026-10-17;12:00;140199;Kval till div. 2 damer Grupp 2;3;4;6922043;5;/go-to/?fmid=6922043;Stafsinge IF;https://staticcdn.svenskfotboll.se/img/teamssm/9488.png;8;Mossens BK;https://staticcdn.svenskfotboll.se/img/teamssm/9571.png;7;0-0;Stafsinge IP 1;Stafsinge IP;Stafsinge idrottsplats, Stafsinge kyrkväg, Bjärnhult, Skogstorp, Falkenbergs kommun, Hallands län, 311 33, Sverige;Y;56.916655;12.441902;Göteborg;football
7;2026-10-17;12:00;133609;Pojkar 2013(13 år) Höst Medel Grupp C;2;3;6828775;5;/go-to/?fmid=6828775;Surte IS FK 1;https://staticcdn.svenskfotboll.se/img/teamssm/12036.png;7;Solängens BK Grön;https://staticcdn.svenskfotboll.se/img/teamssm/9548.png;7;0-0;Surte IP 22;Surte IP;Idrottsvägen 4, 445 55 Surte;Y;57.836279;12.017412;Göteborg;football
7;2026-10-17;12:00;133762;Flickor 2012-2013 Stor 9M9 Lätt Gr. B Höst;3;3;6828079;5;/go-to/?fmid=6828079;Torslanda IK Grön;https://staticcdn.svenskfotboll.se/img/teamssm/10068.png;7;Hjuviks AIK F12;https://staticcdn.svenskfotboll.se/img/teamssm/8330.png;7;0-0;Torslandavallen 2 Konstgräs;Torslandavallen;Torslanda Idrottsväg 17, 423 32 Torslanda;Y;57.718280;11.757490;Göteborg;football
7;2026-10-17;12:00;133609;Pojkar 2013(13 år) Höst Medel Grupp C;2;3;6828771;5;/go-to/?fmid=6828771;Sävedalens IF P2013 Röd;https://staticcdn.svenskfotboll.se/img/teamssm/9545.png;7;Gunnilse IS Vit;https://staticcdn.svenskfotboll.se/img/teamssm/11237.png;7;0-0;Vallhamra 22 Konstgräs;Vallhamra IP;Ugglumsleden 48, 433 64 Sävedalen;Y;57.724452;12.079253;Göteborg;football
7;2026-10-17;12:00;133591;Pojkar 2012(14 år) Lätt Grupp D;2;3;6620993;5;/go-to/?fmid=6620993;Nödinge SK Fotboll Vit;https://staticcdn.svenskfotboll.se/img/teamssm/10503.png;7;Qviding FIF 3;https://staticcdn.svenskfotboll.se/img/teamssm/8089.png;7;0-0;Vimmervi 2 Konstgräs;Vimmervi;Gamla Kilandavägen 62, 449 36 Nödinge;Y;57.886226;12.080329;Göteborg;football
7;2026-10-17;12:00;133610;Pojkar 2013(13 år) Höst Medel Grupp D;2;3;6828869;5;/go-to/?fmid=6828869;Ytterby IS Blå;https://staticcdn.svenskfotboll.se/img/teamssm/9832.png;7;Torslanda IK Vit;https://staticcdn.svenskfotboll.se/img/teamssm/10068.png;7;0-0;Ytterns IP 32;Ytterns IP;Ytterby, 442 40 Kungälv;Y;57.869280;11.935196;Göteborg;football
7;2026-10-17;12:00;133587;Pojkar 2012(14 år) Medel Grupp B;2;3;6621354;5;/go-to/?fmid=6621354;Älvängens IK Blå;https://staticcdn.svenskfotboll.se/img/teamssm/9783.png;7;Proletären FF;https://staticcdn.svenskfotboll.se/img/teamssm/10466.png;7;0-0;Älvevi 2 Konstgräs;Älvevi;Hövägen 23, 446 32 Älvängen;Y;57.954092;12.123567;Göteborg;football
7;2026-10-17;12:00;133658;Pojkar 2015(11 år) Grupp D Höst;2;2;6845578;5;/go-to/?fmid=6845578;Fässbergs IF 1;https://staticcdn.svenskfotboll.se/img/teamssm/9620.png;7;Älvsborg FF Svart;https://staticcdn.svenskfotboll.se/img/teamssm/9622.png;7;-1--1;Åbyvallen 9 Konstgräs 7M7;Åbyvallen;Idrottsvägen 5, 431 62 Mölndal;Y;57.645363;12.002082;Göteborg;football
7;2026-10-17;12:00;133767;Flickor 2012-2013 Stor 9M9 Lätt Gr. C Höst;3;3;6828036;5;/go-to/?fmid=6828036;Näsets SK Röd;https://staticcdn.svenskfotboll.se/img/teamssm/10510.png;7;Mossens BK/Dalen KFF;https://staticcdn.svenskfotboll.se/img/teamssm/9571.png;7;0-0;Näset Yuncture Arena;Åkeredsvallen;Bergsätersgatan 1, 421 66 Västra Frölunda;Y;57.631456;11.900982;Göteborg;football
7;2026-10-17;12:00;133762;Flickor 2012-2013 Stor 9M9 Lätt Gr. B Höst;3;3;6828080;5;/go-to/?fmid=6828080;IF Väster;https://staticcdn.svenskfotboll.se/img/teamssm/9861.png;7;Sävedalens IF Röd;https://staticcdn.svenskfotboll.se/img/teamssm/9545.png;7;0-0;Önneredsplan 1 Konstgräs;Önneredsplan;Ersåsgatan 2, 421 59 Västra Frölunda;Y;57.637219;11.884878;Göteborg;football
7;2026-10-17;12:30;138261;Pojkar 2013(13 år) Höst Medel Grupp F;2;3;6828965;5;/go-to/?fmid=6828965;Sandarna BK Röd;https://staticcdn.svenskfotboll.se/img/teamssm/10367.png;7;Örgryte IS Fotboll Röd;https://staticcdn.svenskfotboll.se/img/teamssm/12910.png;7;0-0;Gröna Vallen 11;Gröna Vallen;Gröna Vallen, Svanebäcksgatan 16, 414 71 Göteborg;Y;57.687961;11.917564;Göteborg;football
7;2026-10-17;12:30;133525;Junior Pojkar Div 2B;2;3;6543009;5;/go-to/?fmid=6543009;Kållered SK;https://staticcdn.svenskfotboll.se/img/teamssm/10787.png;7;Gårdsten FC;https://staticcdn.svenskfotboll.se/img/teamssm/13638.png;7;0-0;Kållered Sportcenter 1;Kållered Sportcenter;Tulebovägen 17, 428 34 Kållered;Y;57.611466;12.075548;Göteborg;football
7;2026-10-17;12:30;133763;Flickor 2012-2013 Liten 9M9 Lätt Gr. A Höst;3;3;6828283;5;/go-to/?fmid=6828283;Finlandia Pallo AIF F 13 Blå;https://staticcdn.svenskfotboll.se/img/teamssm/7939.png;7;Lindome GIF Vit;https://staticcdn.svenskfotboll.se/img/teamssm/10741.png;7;0-0;Tuvevallen 21 Konstgräs;Tuvevallen;Tuvevallen, 417 45 Göteborg;Y;57.750937;11.915436;Göteborg;football
1;2026-10-17;13:00;129333;P19 Div.1 2026 Västra Götaland;2;3;6585829;5;/go-to/?fmid=6585829;Kungsladugårds BK;https://staticcdn.svenskfotboll.se/img/teamssm/10799.png;7;BK Astrio;https://staticcdn.svenskfotboll.se/img/teamssm/9529.png;8;0-0;Apelsinplan 2 Konstgräs;Apelsinplan;Apelsingatan 6, 426 54 Västra Frölunda;Y;57.655054;11.882940;1;football
1;2026-10-17;13:00;129333;P19 Div.1 2026 Västra Götaland;2;3;6585921;5;/go-to/?fmid=6585921;IK Oddevold;https://staticcdn.svenskfotboll.se/img/teamssm/10500.png;28;Sävedalens IF;https://staticcdn.svenskfotboll.se/img/teamssm/9545.png;7;0-0;Arwidsroplanen;Arwidsroplanen;Fossums Kvarnväg 4, 451 34 Uddevalla;Y;58.348766;11.975349;1;football
21;2026-10-17;13:00;140203;Damer, Kval till Div 4;3;4;6922249;5;/go-to/?fmid=6922249;Axvalls IF;https://staticcdn.svenskfotboll.se/img/teamssm/8732.png;21;Edet/Lödöse Nygård;https://staticcdn.svenskfotboll.se/img/teamssm/8683.png;21;0-0;Axevalla IP, A-plan;Axevalla IP;Axevallavägen, Varnhems distrikt, Varnhem, Skara kommun, Västra Götalands län, 532 73, Sverige;Y;58.386770;13.636696;Västergötland;football
1;2026-10-17;13:00;139863;Kval till div 3 herrar, Grupp 9;2;4;6921961;5;/go-to/?fmid=6921961;Bergdalens IK;https://staticcdn.svenskfotboll.se/img/teamssm/11592.png;21;Skene IF;https://staticcdn.svenskfotboll.se/img/teamssm/8655.png;21;0-0;Björkängsvallen, Borås, Konstgräs;Björkängsvallen;Backersgatan 10, 504 57 Borås;Y;57.727601;12.958736;1;football
1;2026-10-17;13:00;133439;Elitettan 2026;3;4;6536481;5;/go-to/?fmid=6536481;IF Elfsborg;https://staticcdn.svenskfotboll.se/img/teamssm/11429.png;21;Gamla Upsala SK;https://staticcdn.svenskfotboll.se/img/teamssm/11312.png;18;0-0;Borås Arena;Borås Arena;Borås Arena, Ålgårdsvägen 16, 506 30 Borås;Y;57.734400;12.934766;1;football
1;2026-10-17;13:00;138409;P17 Div.1 2026 A-slutspel Norra Götaland;2;3;6911845;5;/go-to/?fmid=6911845;Norra Härene BK;https://staticcdn.svenskfotboll.se/img/teamssm/8673.png;21;Norrby IF;https://staticcdn.svenskfotboll.se/img/teamssm/10554.png;21;0-0;Bronäsvallen A;Bronäsvallen;Norra Härene 3, 531 92 Lidköping;Y;58.429713;13.136506;1;football
7;2026-10-17;13:00;133589;Pojkar 2012(14 år) Lätt Grupp B;2;3;6621989;5;/go-to/?fmid=6621989;Mölnlycke IF P12 Gul;https://staticcdn.svenskfotboll.se/img/teamssm/10594.png;7;Azalea BK Svart;https://staticcdn.svenskfotboll.se/img/teamssm/7817.png;7;0-0;Djupedalsplan B Konstgräs;Djupedals IP;Djupedals Ip, Rullstensvägen 1, 435 41 Mölnlycke;Y;57.652820;12.126316;Göteborg;football
1;2026-10-17;13:00;131957;Div 2 Norra Götaland, herr 2026;2;4;6547426;5;/go-to/?fmid=6547426;Lidköpings FK;https://staticcdn.svenskfotboll.se/img/teamssm/8704.png;21;IK Tord;https://staticcdn.svenskfotboll.se/img/teamssm/9064.png;15;0-0;Framnäs IP A-plan;Framnäs IP;Framnäsvägen 2, 531 60 Lidköping;Y;58.510161;13.145975;1;football
7;2026-10-17;13:00;133611;Pojkar 2013(13 år) Höst Medel Grupp E;2;3;6828906;5;/go-to/?fmid=6828906;IF Mölndal Fotboll Röd;https://staticcdn.svenskfotboll.se/img/teamssm/9569.png;7;Södra Skärgårdens IK(SSIK)/Donsö I.S/Styrsö BK/Vrångö IF;https://staticcdn.svenskfotboll.se/img/teamssm/9631.png;7;0-0;Frejaplan 12 K.Gräs;Frejaplan;Fiskargatan, 431 43 Mölndal;Y;57.656471;12.005152;Göteborg;football
7;2026-10-17;13:00;133782;Flickor 2014(12 år) Grupp E Höst;3;2;6836081;5;/go-to/?fmid=6836081;IF Mölndal Fotboll Vit;https://staticcdn.svenskfotboll.se/img/teamssm/9569.png;7;Azalea BK Orange;https://staticcdn.svenskfotboll.se/img/teamssm/7817.png;7;-1--1;Frejaplan 11 K.Gräs;Frejaplan;Fiskargatan, 431 43 Mölndal;Y;57.656471;12.005152;Göteborg;football
1;2026-10-17;13:00;138418;P16 Div.1 2026 B-slutspel Norra Götaland;2;3;6911940;5;/go-to/?fmid=6911940;IFK Uddevalla;https://staticcdn.svenskfotboll.se/img/teamssm/8505.png;28;Skara FC;https://staticcdn.svenskfotboll.se/img/teamssm/7451.png;21;0-0;Fridhemsvallen;Fridhemsvallen;Fridhemsvallen, Fridhemsvägen, 451 93 Uddevalla;Y;58.381083;11.937419;1;football
7;2026-10-17;13:00;133617;Pojkar 2013(13 år) Höst Lätt Grupp D;2;3;6828591;5;/go-to/?fmid=6828591;Björndammens BK Blå;https://staticcdn.svenskfotboll.se/img/teamssm/9638.png;7;Guldhedens IK PF 13;https://staticcdn.svenskfotboll.se/img/teamssm/11249.png;7;0-0;Furulundsplan 12 Konstgräs;Furulundsplan;Furulundsplan, Timmervägen, 433 47 Partille;Y;57.727253;12.129716;Göteborg;football
1;2026-10-17;13:00;129334;P19 Allsvenskan 2026;2;3;6563958;5;/go-to/?fmid=6563958;GAIS;https://staticcdn.svenskfotboll.se/img/teamssm/9614.png;7;Helsingborgs IF;https://staticcdn.svenskfotboll.se/img/teamssm/9332.png;14;0-0;Gaisgården 2 Konstgräs;Gaisgården;Gamla Boråsvägen 75, 412 76 Göteborg;Y;57.680427;12.029061;1;football
8;2026-10-17;13:00;136282;Division 4 Dam Halland;3;4;6612745;5;/go-to/?fmid=6612745;Getinge IF;https://staticcdn.svenskfotboll.se/img/teamssm/11297.png;8;IS Örnia;https://staticcdn.svenskfotboll.se/img/teamssm/9753.png;8;0-0;Getinge IP A;Getinge IP;Getinge idrottsplats, N 625, Eskilstorp, Getinge, Halmstads kommun, Hallands län, 310 44, Sverige;Y;56.809430;12.736674;Halland;football
7;2026-10-17;13:00;133610;Pojkar 2013(13 år) Höst Medel Grupp D;2;3;6828870;5;/go-to/?fmid=6828870;Mossens BK Gul;https://staticcdn.svenskfotboll.se/img/teamssm/9571.png;7;Qviding FIF 2;https://staticcdn.svenskfotboll.se/img/teamssm/8089.png;7;0-0;Guldheden Södra 12 Konstgräs;Guldheden Södra;Gibraltargatan 41, 412 58 Göteborg;Y;57.681136;11.982964;Göteborg;football
8;2026-10-17;13:00;136282;Division 4 Dam Halland;3;4;6612700;5;/go-to/?fmid=6612700;Kornhult/Hishult FF;https://staticcdn.svenskfotboll.se/img/teamssm/7413.png;8;Tvååkers IF;https://staticcdn.svenskfotboll.se/img/teamssm/9483.png;8;0-0;Hishults IP A;Hishults IP;Västergårdsvägen 6, 312 53 Hishult;Y;56.426584;13.299915;Halland;football
1;2026-10-17;13:00;129333;P19 Div.1 2026 Västra Götaland;2;3;6585936;5;/go-to/?fmid=6585936;Onsala BK;https://staticcdn.svenskfotboll.se/img/teamssm/10495.png;8;Herrestads AIF;https://staticcdn.svenskfotboll.se/img/teamssm/11149.png;28;0-0;Kaparevallen;Kaparevallen;Håkullavägen 43, 439 91 Onsala;Y;57.414147;12.014084;1;football
21;2026-10-17;13:00;140203;Damer, Kval till Div 4;3;4;6922248;5;/go-to/?fmid=6922248;Skene IF;https://staticcdn.svenskfotboll.se/img/teamssm/8655.png;21;Hajom/Björketorp;https://staticcdn.svenskfotboll.se/img/teamssm/8731.png;21;0-0;Kunskapens Hus, konstgräs;Kunskapens Hus;Kunskapens hus, Varbergsvägen, Skene, Kinna, Marks kommun, Västra Götalands län, 511 56, Sverige;Y;57.497192;12.667653;Västergötland;football
1;2026-10-17;13:00;131957;Div 2 Norra Götaland, herr 2026;2;4;6547428;5;/go-to/?fmid=6547428;Stenungsunds IF;https://staticcdn.svenskfotboll.se/img/teamssm/10236.png;28;Husqvarna FF;https://staticcdn.svenskfotboll.se/img/teamssm/11098.png;15;0-0;Olssons Trävaror Arena;Olssons Trävaror Arena;Yttre Ringleden 6, 444 32 Stenungsund;Y;58.067866;11.858581;1;football
7;2026-10-17;13:00;133523;Junior Pojkar Div 3;2;3;6543066;5;/go-to/?fmid=6543066;Öckerö IF;https://staticcdn.svenskfotboll.se/img/teamssm/9774.png;7;Romelanda UF;https://staticcdn.svenskfotboll.se/img/teamssm/10427.png;7;0-0;Prästängen 1 Konstgräs;Prästängen;PRÄSTÄNGEN 1, 475 31 Öckerö;Y;57.717030;11.641158;Göteborg;football
1;2026-10-17;13:00;138420;P16 Div.1 2026 A-slutspel Södra Götaland;2;3;6911804;5;/go-to/?fmid=6911804;Varbergs BoIS FC;https://staticcdn.svenskfotboll.se/img/teamssm/7701.png;8;IFK Fjärås;https://staticcdn.svenskfotboll.se/img/teamssm/9511.png;8;0-0;Påskbergsvallen konstgräs;Påskbergsvallen;Påskbergsvallen, Kattegattsvägen, Mariedal, Sörse, Varberg, Varbergs kommun, Hallands län, 432 43, Sverige;Y;57.097747;12.265223;1;football
7;2026-10-17;13:00;133708;Pojkar 2017(9 år) Centrum+Härryda+Mölndal+Väster Grupp B Höst;2;2;6847186;5;/go-to/?fmid=6847186;SG Ruddalen IF 3;https://staticcdn.svenskfotboll.se/img/teamssm/11284.png;7;Balltorps FF P2017 2;https://staticcdn.svenskfotboll.se/img/teamssm/8047.png;7;-1--1;Ruddalen 7M7 nr 4 Konstgräs;Ruddalen;Anna Östvägen 8, 426 68 Västra Frölunda;Y;57.664609;11.909282;Göteborg;football
1;2026-10-17;13:00;131957;Div 2 Norra Götaland, herr 2026;2;4;6547424;5;/go-to/?fmid=6547424;Grebbestads IF;https://staticcdn.svenskfotboll.se/img/teamssm/11276.png;28;Vänersborgs FK;https://staticcdn.svenskfotboll.se/img/teamssm/8626.png;21;0-0;Siljevi;Siljevi;Siljevi idrottplats, Bryggerigatan, Grebbestad, Tanums kommun, Västra Götalands län, 457 72, Sverige;Y;58.692887;11.267267;1;football
1;2026-10-17;13:00;133340;Superettan 2026;2;4;6536162;5;/go-to/?fmid=6536162;Ljungskile SK Herrfotboll;https://staticcdn.svenskfotboll.se/img/teamssm/13211.png;28;IK Brage;https://staticcdn.svenskfotboll.se/img/teamssm/9680.png;4;0-0;Skarsjövallen;Skarsjövallen;Skarsjövallen, Skarsjövägen, Ljungskile, Ljungs distrikt, Uddevalla kommun, Västra Götalands län, 459 30, Sverige;Y;58.216505;11.945076;1;football
8;2026-10-17;13:00;136282;Division 4 Dam Halland;3;4;6612703;5;/go-to/?fmid=6612703;Slöinge GOIF;https://staticcdn.svenskfotboll.se/img/teamssm/9491.png;8;Lilla Träslövs FF;https://staticcdn.svenskfotboll.se/img/teamssm/9502.png;8;0-0;Slöinge IP A;Slöinge IP;Slöinge idrottsplats, Idrottsvägen, Slöinge, Falkenbergs kommun, Hallands län, 311 68, Sverige;Y;56.855624;12.703541;Halland;football
1;2026-10-17;13:00;131957;Div 2 Norra Götaland, herr 2026;2;4;6547427;5;/go-to/?fmid=6547427;Skara FC;https://staticcdn.svenskfotboll.se/img/teamssm/7451.png;21;Motala AIF FK;https://staticcdn.svenskfotboll.se/img/teamssm/7557.png;24;0-0;Sparbanken Arena A;Sparbanken Arena;Sparbanken Arena, E 20, Vilans fritidsområde, Skara domkyrkodistrikt, Skara, Skara kommun, Västra Götalands län, 532 37, Sverige;Y;58.388258;13.461198;1;football
7;2026-10-17;13:00;133157;Division 7C Herr;2;4;6534592;5;/go-to/?fmid=6534592;Säve SK;https://staticcdn.svenskfotboll.se/img/teamssm/10135.png;7;IK Zenith FF;https://staticcdn.svenskfotboll.se/img/teamssm/13708.png;7;0-0;Säve 1 Gräs;Säve;Tåfjällsvägen 15, 423 71 Säve;Y;57.809537;11.921547;Göteborg;football
8;2026-10-17;13:00;136282;Division 4 Dam Halland;3;4;6612741;5;/go-to/?fmid=6612741;Tölö IF;https://staticcdn.svenskfotboll.se/img/teamssm/10015.png;8;Tofta GIF;https://staticcdn.svenskfotboll.se/img/teamssm/10084.png;8;0-0;Tingbergsvallen B;Tingbergsvallen;Borgmästaregatan 12, 434 32 Kungsbacka;Y;57.491213;12.068723;Halland;football
8;2026-10-17;13:00;136282;Division 4 Dam Halland;3;4;6612680;5;/go-to/?fmid=6612680;Torup/Rydö FF;https://staticcdn.svenskfotboll.se/img/teamssm/7097.png;8;Särö Kullavik IF;https://staticcdn.svenskfotboll.se/img/teamssm/9496.png;8;0-0;Torulund A;Torulund;Jesperslundsvägen 1, 314 41 Torup;Y;56.963831;13.077385;Halland;football
1;2026-10-17;13:00;131957;Div 2 Norra Götaland, herr 2026;2;4;6547430;5;/go-to/?fmid=6547430;Herrestads AIF;https://staticcdn.svenskfotboll.se/img/teamssm/11149.png;28;Ahlafors IF;https://staticcdn.svenskfotboll.se/img/teamssm/11662.png;7;0-0;Undavallen Konstgräs;Undavallen;Stan 101, 451 94 Uddevalla;Y;58.336300;11.826976;1;football
7;2026-10-17;13:00;135288;DM Slutspel - Flickjunior;3;3;6823963;5;/go-to/?fmid=6823963;Lerums IS F17U;https://staticcdn.svenskfotboll.se/img/teamssm/10756.png;7;Landvetter IF 2003;https://staticcdn.svenskfotboll.se/img/teamssm/6789.png;7;0-0;Valhalla 1 Konstgräs;Valhalla;Valhallagatan 6, 412 51 Göteborg;Y;57.701605;11.991324;Göteborg;football
1;2026-10-17;13:00;131957;Div 2 Norra Götaland, herr 2026;2;4;6547429;5;/go-to/?fmid=6547429;Vänersborgs IF;https://staticcdn.svenskfotboll.se/img/teamssm/8627.png;21;IFK Skövde FK;https://staticcdn.svenskfotboll.se/img/teamssm/7848.png;21;0-0;Vänersvallen Nord;Vänersvallen;Gropbrovägen 4, 462 56 Vänersborg;Y;58.367442;12.323966;1;football
21;2026-10-17;13:00;140173;Damer, Kval till Div 2 - Grupp 3;3;4;6922103;5;/go-to/?fmid=6922103;Ulvåkers IF;https://staticcdn.svenskfotboll.se/img/teamssm/10002.png;21;Ödsmåls IK;https://staticcdn.svenskfotboll.se/img/teamssm/9771.png;28;0-0;Åbrovallen A;Åbrovallen;Åbrovallen, 549 94 Skövde;Y;58.470763;13.909592;Västergötland;football
8;2026-10-17;13:00;136282;Division 4 Dam Halland;3;4;6612718;5;/go-to/?fmid=6612718;Hyltebruks IF;https://staticcdn.svenskfotboll.se/img/teamssm/11090.png;8;FC Lagan;https://staticcdn.svenskfotboll.se/img/teamssm/9475.png;8;0-0;Örnvallen A;Örnvallen;Gamla Nissastigen 77, 314 32 Hyltebruk;Y;57.004760;13.250475;Halland;football
1;2026-10-17;13:00;133339;Ettan Södra, herr 2026;2;4;6538154;5;/go-to/?fmid=6538154;Tvååkers IF;https://staticcdn.svenskfotboll.se/img/teamssm/9483.png;8;Rosengård 1917;https://staticcdn.svenskfotboll.se/img/teamssm/14808.png;14;0-0;Övrevi A;Övrevi;Övrevi idrottsplats, N 760, Stenen, Övreby, Tvååker, Varbergs kommun, Hallands län, 432 78, Sverige;Y;57.046115;12.379083;1;football
7;2026-10-17;13:15;133795;Flickor 2015(11 år) Grupp B Höst;3;2;6838803;5;/go-to/?fmid=6838803;Kungsladugårds BK Röd;https://staticcdn.svenskfotboll.se/img/teamssm/10799.png;7;Älvsborg FF Svart;https://staticcdn.svenskfotboll.se/img/teamssm/9622.png;7;-1--1;Sjöbaren Arena;Apelsinplan;Apelsingatan 6, 426 54 Västra Frölunda;Y;57.655054;11.882940;Göteborg;football
7;2026-10-17;13:15;133800;Flickor 2015(11 år) Grupp E Höst;3;2;6839790;5;/go-to/?fmid=6839790;Qviding FIF 1;https://staticcdn.svenskfotboll.se/img/teamssm/8089.png;7;Lerums IS F15 2;https://staticcdn.svenskfotboll.se/img/teamssm/10756.png;7;-1--1;Härlanda 21;Härlanda Park;Härlanda Park 6B, 416 52 Göteborg;Y;57.716492;12.017055;Göteborg;football
7;2026-10-17;13:15;133780;Flickor 2014(12 år) Grupp A Höst;3;2;6834779;5;/go-to/?fmid=6834779;Landvetter IF 2003 2014 Röd;https://staticcdn.svenskfotboll.se/img/teamssm/6789.png;7;IF Mölndal Fotboll Blå;https://staticcdn.svenskfotboll.se/img/teamssm/9569.png;7;-1--1;Landvetter IP B-plan 21;Landvetter IP;Tahultsvägen 60, 438 35 Landvetter;Y;57.702382;12.203031;Göteborg;football
7;2026-10-17;13:15;133155;Division 7A Herr;2;4;6533631;5;/go-to/?fmid=6533631;Johannebergs IF;https://staticcdn.svenskfotboll.se/img/teamssm/8144.png;7;Markplan FC;https://staticcdn.svenskfotboll.se/img/teamssm/14771.png;7;0-0;Mossens IP 1 Gräs;Mossens IP;Ljungbackegatan 1, 412 59 Göteborg;Y;57.684676;11.979998;Göteborg;football
7;2026-10-17;13:15;133658;Pojkar 2015(11 år) Grupp D Höst;2;2;6845579;5;/go-to/?fmid=6845579;Fässbergs IF 2;https://staticcdn.svenskfotboll.se/img/teamssm/9620.png;7;Älvsborg FF Röd;https://staticcdn.svenskfotboll.se/img/teamssm/9622.png;7;-1--1;Åbyvallen 9 Konstgräs 7M7;Åbyvallen;Idrottsvägen 5, 431 62 Mölndal;Y;57.645363;12.002082;Göteborg;football
7;2026-10-17;13:30;133608;Pojkar 2013(13 år) Höst Medel Grupp A;2;3;6828681;5;/go-to/?fmid=6828681;Askims IK P2013 U13 Vit;https://staticcdn.svenskfotboll.se/img/teamssm/11617.png;7;IK Zenith Svart;https://staticcdn.svenskfotboll.se/img/teamssm/9829.png;7;0-0;Kobbegården 12 konstgräs;Kobbegården;Stora Åvägen 1, 436 34 Askim;Y;57.639723;11.944383;Göteborg;football
7;2026-10-17;13:30;133615;Pojkar 2013(13 år) Höst Lätt Grupp B;2;3;6828502;5;/go-to/?fmid=6828502;IK Kongahälla Röd;https://staticcdn.svenskfotboll.se/img/teamssm/9590.png;7;Hermansby IF;https://staticcdn.svenskfotboll.se/img/teamssm/11150.png;7;0-0;Kongevi 11;Kongevi;Karebyvägen 4, 442 34 Kungälv;Y;57.878855;11.973468;Göteborg;football
7;2026-10-17;13:30;133762;Flickor 2012-2013 Stor 9M9 Lätt Gr. B Höst;3;3;6828078;5;/go-to/?fmid=6828078;Nol/Ahlafors;https://staticcdn.svenskfotboll.se/img/teamssm/10573.png;7;Öjersjö IF F12/13 Vit;https://staticcdn.svenskfotboll.se/img/teamssm/7552.png;7;0-0;Nolängens IP 9M9 Konstgräs;Nolängens IP;Gallåsvägen 4, 449 40 Nol;Y;57.908182;12.066376;Göteborg;football
7;2026-10-17;13:30;133763;Flickor 2012-2013 Liten 9M9 Lätt Gr. A Höst;3;3;6828281;5;/go-to/?fmid=6828281;Öckerö IF Öckerö IF F2013;https://staticcdn.svenskfotboll.se/img/teamssm/9774.png;7;Galacticos FC F2013;https://staticcdn.svenskfotboll.se/img/teamssm/13691.png;7;0-0;Prästängen 3 9M9 Konstgräs;Prästängen;PRÄSTÄNGEN 1, 475 31 Öckerö;Y;57.717030;11.641158;Göteborg;football
7;2026-10-17;13:30;133758;Flickor 2012-2013 Stor 9M9 Medel Gr. B Höst;3;3;6827913;5;/go-to/?fmid=6827913;Älvsborg FF F2012 Blå;https://staticcdn.svenskfotboll.se/img/teamssm/9622.png;7;Landvetter IF 2003 F2012 Röd;https://staticcdn.svenskfotboll.se/img/teamssm/6789.png;7;0-0;Påvelund 1 Konstgräs;Påvelund;Redegatan 18, 426 77 Västra Frölunda;Y;57.668781;11.881476;Göteborg;football
7;2026-10-17;13:30;133760;Flickor 2012-2013 Liten 9M9 Medel Gr. A Höst;3;3;6828213;5;/go-to/?fmid=6828213;Torslanda IK Svart;https://staticcdn.svenskfotboll.se/img/teamssm/10068.png;7;Kungsladugårds BK Röd;https://staticcdn.svenskfotboll.se/img/teamssm/10799.png;7;0-0;Torslandavallen 21 Konstgräs;Torslandavallen;Torslanda Idrottsväg 17, 423 32 Torslanda;Y;57.718280;11.757490;Göteborg;football
7;2026-10-17;13:30;133617;Pojkar 2013(13 år) Höst Lätt Grupp D;2;3;6828592;5;/go-to/?fmid=6828592;Torslanda IK Röd;https://staticcdn.svenskfotboll.se/img/teamssm/10068.png;7;Mossens BK Vit;https://staticcdn.svenskfotboll.se/img/teamssm/9571.png;7;0-0;Torslandavallen 22 Konstgräs;Torslandavallen;Torslanda Idrottsväg 17, 423 32 Torslanda;Y;57.718280;11.757490;Göteborg;football
7;2026-10-17;13:30;133760;Flickor 2012-2013 Liten 9M9 Medel Gr. A Höst;3;3;6828214;5;/go-to/?fmid=6828214;Nödinge SK Fotboll Blå;https://staticcdn.svenskfotboll.se/img/teamssm/10503.png;7;SG Ruddalen IF;https://staticcdn.svenskfotboll.se/img/teamssm/11284.png;7;0-0;Vimmervi 21 Konstgräs;Vimmervi;Gamla Kilandavägen 62, 449 36 Nödinge;Y;57.886226;12.080329;Göteborg;football
7;2026-10-17;13:45;133782;Flickor 2014(12 år) Grupp E Höst;3;2;6836079;5;/go-to/?fmid=6836079;IF Väster Orange;https://staticcdn.svenskfotboll.se/img/teamssm/9861.png;7;Näsets SK F14 Vit;https://staticcdn.svenskfotboll.se/img/teamssm/10510.png;7;-1--1;Önneredsplan 2;Önneredsplan;Ersåsgatan 2, 421 59 Västra Frölunda;Y;57.637219;11.884878;Göteborg;football
1;2026-10-17;14:00;139862;Kval till div 3 herrar, Grupp 8;2;4;6922051;5;/go-to/?fmid=6922051;Skepplanda BTK;https://staticcdn.svenskfotboll.se/img/teamssm/10314.png;21;Ödsmåls IK;https://staticcdn.svenskfotboll.se/img/teamssm/9771.png;28;0-0;Forsvallen Konstgräs;Forsvallen IP;Vadbacka 125, 446 94 Skepplanda;Y;57.977314;12.195539;1;football
7;2026-10-17;14:00;133746;Flickor 2010-2011 Medel Grupp B;3;3;6585504;5;/go-to/?fmid=6585504;BK Häcken FF F15 Svart;https://staticcdn.svenskfotboll.se/img/teamssm/9584.png;7;GAIS F15-16;https://staticcdn.svenskfotboll.se/img/teamssm/9614.png;7;0-0;Gothia Park 4;Gothia Park;Entreprenadvägen 6, 417 05 Göteborg;Y;57.740380;11.947473;Göteborg;football
8;2026-10-17;14:00;137649;P14år Vit;2;3;6781246;5;/go-to/?fmid=6781246;HÅ FF Vit;https://staticcdn.svenskfotboll.se/img/teamssm/7883.png;8;BK Astrio 3;https://staticcdn.svenskfotboll.se/img/teamssm/9529.png;8;0-0;Hebergs IP A;Hebergs IP;Hebergs idrottsplats, Idrottsvägen, Heberg, Falkenbergs kommun, Hallands län, 311 96, Sverige;Y;56.885380;12.631484;Halland;football
7;2026-10-17;14:00;133641;Pojkar 2014(12 år) Grupp K Höst;2;2;6837940;5;/go-to/?fmid=6837940;Gunnilse IS P2014 Blå;https://staticcdn.svenskfotboll.se/img/teamssm/11237.png;7;Solängens BK P2014 Grön;https://staticcdn.svenskfotboll.se/img/teamssm/9548.png;7;-1--1;Hjällbovallen 21 konstgräs;Hjällbovallen;Knattens väg 12, 424 32 Angered;Y;57.777950;12.017062;Göteborg;football
7;2026-10-17;14:00;133608;Pojkar 2013(13 år) Höst Medel Grupp A;2;3;6828682;5;/go-to/?fmid=6828682;Hovås Billdal IF Röd;https://staticcdn.svenskfotboll.se/img/teamssm/11109.png;7;Lunden Överås BK Vit;https://staticcdn.svenskfotboll.se/img/teamssm/10705.png;7;0-0;Hovås Billdal Arena 12 Konstgräs;Hovås Billdal Arena;Kruniusvägen, 427 36 Billdal;Y;57.589555;11.946909;Göteborg;football
7;2026-10-17;14:00;133583;Pojkar 2012(14 år) Medel Grupp A;2;3;6621228;5;/go-to/?fmid=6621228;Askims IK P2012 U14 Svart;https://staticcdn.svenskfotboll.se/img/teamssm/11617.png;7;Mossens BK Svart;https://staticcdn.svenskfotboll.se/img/teamssm/9571.png;7;0-0;Kobbegården Övre;Kobbegården;Stora Åvägen 1, 436 34 Askim;Y;57.639723;11.944383;Göteborg;football
7;2026-10-17;14:00;133573;Pojkar 2009-2010(16-17 år) Lätt Grupp A;2;3;6600197;5;/go-to/?fmid=6600197;Kungsbacka IF Junior Pojk;https://staticcdn.svenskfotboll.se/img/teamssm/9505.png;8;Sävedalens IF Röd;https://staticcdn.svenskfotboll.se/img/teamssm/9545.png;7;0-0;Kungsbacka sportcenter 10;Kungsbacka sportcenter;Kungsbacka Sportcenter, Södra Infarten 11, 434 50 Kungsbacka;Y;57.479212;12.076907;Göteborg;football
1;2026-10-17;14:00;129334;P19 Allsvenskan 2026;2;3;6564084;5;/go-to/?fmid=6564084;IFK Göteborg;https://staticcdn.svenskfotboll.se/img/teamssm/11012.png;7;Västerås SK FK;https://staticcdn.svenskfotboll.se/img/teamssm/7998.png;22;0-0;Kviberg 6 KG;Kviberg;Luftvärnsvägen, 415 06 Göteborg;Y;57.737550;12.038540;1;football
7;2026-10-17;14:00;133117;Träningsmatcher Ungdomar Göteborg Pojk;2;3;6904993;5;/go-to/?fmid=6904993;IFK Göteborg (P15);https://staticcdn.svenskfotboll.se/img/teamssm/11012.png;7;Västerås SK FK P15;https://staticcdn.svenskfotboll.se/img/teamssm/7998.png;22;0-0;Kviberg 5 konstgräs;Kviberg;Luftvärnsvägen, 415 06 Göteborg;Y;57.737550;12.038540;Göteborg;football
8;2026-10-17;14:00;140199;Kval till div. 2 damer Grupp 2;3;4;6922044;5;/go-to/?fmid=6922044;IF Centern;https://staticcdn.svenskfotboll.se/img/teamssm/9527.png;8;Kullabygdens DFF;https://staticcdn.svenskfotboll.se/img/teamssm/6601.png;14;0-0;Kärlekens IP;Kärlekens IP;Kärlekens IP, Stenstorpsvägen, 302 30 Halmstad;Y;56.704171;12.857281;Halland;football
21;2026-10-17;14:00;140194;Herrar, Kval till Div 4 - Grupp 2;2;4;6921996;5;/go-to/?fmid=6921996;Torsö BIF;https://staticcdn.svenskfotboll.se/img/teamssm/8644.png;21;Mariedals IK;https://staticcdn.svenskfotboll.se/img/teamssm/10652.png;21;0-0;Strandvallen A-plan;Strandvallen;Fågelö Stranden 1, 542 91 Torsö;Y;58.800961;13.787441;Västergötland;football
1;2026-10-17;14:00;139863;Kval till div 3 herrar, Grupp 9;2;4;6921962;5;/go-to/?fmid=6921962;Götene IF;https://staticcdn.svenskfotboll.se/img/teamssm/8707.png;21;Gunnilse IS;https://staticcdn.svenskfotboll.se/img/teamssm/11237.png;7;0-0;Västerby IP B-plan;Västerby IP;Västerby idrottsplats, Hökgatan, Götene distrikt, Götene, Götene kommun, Västra Götalands län, 533 33, Sverige;Y;58.525750;13.479589;1;football
7;2026-10-17;14:00;133441;Junior Pojkar Div 1;2;3;6538260;5;/go-to/?fmid=6538260;Ytterby IS;https://staticcdn.svenskfotboll.se/img/teamssm/9832.png;7;Västra Frölunda IF;https://staticcdn.svenskfotboll.se/img/teamssm/9853.png;7;0-0;Ytterns IP 1 Konstgräs;Ytterns IP;Ytterby, 442 40 Kungälv;Y;57.869280;11.935196;Göteborg;football
7;2026-10-17;14:15;133153;Division 6B Herr;2;4;6534297;5;/go-to/?fmid=6534297;Backatorp IF;https://staticcdn.svenskfotboll.se/img/teamssm/11915.png;7;Fotö GoIF;https://staticcdn.svenskfotboll.se/img/teamssm/9625.png;7;0-0;Backavallen 1 Konstgräs;Backavallen;Wadköpingsgatan 153, 422 51 Hisings Backa;Y;57.745322;11.967003;Göteborg;football
7;2026-10-17;14:15;133153;Division 6B Herr;2;4;6534296;5;/go-to/?fmid=6534296;Ösets BK;https://staticcdn.svenskfotboll.se/img/teamssm/9533.png;7;BK Skottfint;https://staticcdn.svenskfotboll.se/img/teamssm/7100.png;7;0-0;Gröna Vallen 1;Gröna Vallen;Gröna Vallen, Svanebäcksgatan 16, 414 71 Göteborg;Y;57.687961;11.917564;Göteborg;football
7;2026-10-17;14:15;133765;Flickor 2012-2013 Liten 9M9 Lätt Gr. C Höst;3;3;6829056;5;/go-to/?fmid=6829056;Askims IK Svart;https://staticcdn.svenskfotboll.se/img/teamssm/11617.png;7;IK Zenith F2013 Grön;https://staticcdn.svenskfotboll.se/img/teamssm/9829.png;7;0-0;Hovgårdsvallen 3 Konstgräs (Masterservice planen);Hovgårdsvallen;Gamla Lillebyvägen 1, 432 00 Torslanda;Y;57.751235;11.827376;Göteborg;football
7;2026-10-17;14:15;133573;Pojkar 2009-2010(16-17 år) Lätt Grupp A;2;3;6600126;5;/go-to/?fmid=6600126;Qviding FIF;https://staticcdn.svenskfotboll.se/img/teamssm/8089.png;7;Lerums IS P17;https://staticcdn.svenskfotboll.se/img/teamssm/10756.png;7;0-0;Härlanda Park 1 Konstgräs;Härlanda Park;Härlanda Park 6B, 416 52 Göteborg;Y;57.716492;12.017055;Göteborg;football
7;2026-10-17;14:15;133153;Division 6B Herr;2;4;6534293;5;/go-to/?fmid=6534293;FC Härlanda;https://staticcdn.svenskfotboll.se/img/teamssm/12452.png;7;Hälsö BK;https://staticcdn.svenskfotboll.se/img/teamssm/11065.png;7;0-0;Kviberg 9 KG;Kviberg;Luftvärnsvägen, 415 06 Göteborg;Y;57.737550;12.038540;Göteborg;football
7;2026-10-17;14:15;133153;Division 6B Herr;2;4;6534292;5;/go-to/?fmid=6534292;Gambian Mix IF Göteborg;https://staticcdn.svenskfotboll.se/img/teamssm/13251.png;7;Lindholmens BK;https://staticcdn.svenskfotboll.se/img/teamssm/9581.png;7;0-0;Nordic Wellness Arena;Nordic Wellness Arena;Inlandsgatan 48, 417 15 Göteborg;Y;57.719843;11.932408;Göteborg;football
7;2026-10-17;14:15;133155;Division 7A Herr;2;4;6533634;5;/go-to/?fmid=6533634;Skogens IF;https://staticcdn.svenskfotboll.se/img/teamssm/10309.png;7;BK Bifrost;https://staticcdn.svenskfotboll.se/img/teamssm/9641.png;7;0-0;Sikvallen 1 Gräs;Sikvallen;Olof Asklunds g 20, 421 30 Västra Frölunda;Y;57.661764;11.939991;Göteborg;football
7;2026-10-17;14:15;133610;Pojkar 2013(13 år) Höst Medel Grupp D;2;3;6828872;5;/go-to/?fmid=6828872;BK Häcken Vit;https://staticcdn.svenskfotboll.se/img/teamssm/11080.png;7;Hisingsbacka FC;https://staticcdn.svenskfotboll.se/img/teamssm/11138.png;7;0-0;Slättadamm 21 konstgräs;Slättadamm;Slättadammsgatan 6, 417 25 Göteborg;Y;57.730565;11.927705;Göteborg;football
7;2026-10-17;14:15;133153;Division 6B Herr;2;4;6534295;5;/go-to/?fmid=6534295;Finlandia Pallo AIF;https://staticcdn.svenskfotboll.se/img/teamssm/7939.png;7;Knippla IK;https://staticcdn.svenskfotboll.se/img/teamssm/9592.png;7;0-0;Tuvevallen 2 Konstgräs;Tuvevallen;Tuvevallen, 417 45 Göteborg;Y;57.750937;11.915436;Göteborg;football
7;2026-10-17;14:30;133762;Flickor 2012-2013 Stor 9M9 Lätt Gr. B Höst;3;3;6828082;5;/go-to/?fmid=6828082;Mölnlycke IF Gul 2013;https://staticcdn.svenskfotboll.se/img/teamssm/10594.png;7;BK Häcken Gul;https://staticcdn.svenskfotboll.se/img/teamssm/11080.png;7;0-0;Djupedalsplan B Konstgräs;Djupedals IP;Djupedals Ip, Rullstensvägen 1, 435 41 Mölnlycke;Y;57.652820;12.126316;Göteborg;football
7;2026-10-17;14:30;133613;Pojkar 2013(13 år) Höst Medel Grupp B;2;3;6828726;5;/go-to/?fmid=6828726;IF Mölndal Fotboll Blå;https://staticcdn.svenskfotboll.se/img/teamssm/9569.png;7;Lekstorps IF;https://staticcdn.svenskfotboll.se/img/teamssm/10760.png;7;0-0;Frejaplan 12 K.Gräs;Frejaplan;Fiskargatan, 431 43 Mölndal;Y;57.656471;12.005152;Göteborg;football
7;2026-10-17;14:30;133613;Pojkar 2013(13 år) Höst Medel Grupp B;2;3;6828728;5;/go-to/?fmid=6828728;Angereds IS;https://staticcdn.svenskfotboll.se/img/teamssm/12744.png;7;Lerums IS P13V/M;https://staticcdn.svenskfotboll.se/img/teamssm/10756.png;7;0-0;Gunnaredsplan 12 Konstgräs;Gunnaredsplan;Gunnaredsvallen 4, 413 22 Göteborg;Y;57.800277;12.065439;Göteborg;football
1;2026-10-17;14:30;133302;F17 Allsvenskan Södra 2026;3;3;6577389;5;/go-to/?fmid=6577389;Halmstads BK;https://staticcdn.svenskfotboll.se/img/teamssm/9517.png;8;IFK Göteborg;https://staticcdn.svenskfotboll.se/img/teamssm/11012.png;7;0-0;Halmstad Arena P7;Halmstad Arena;Kristinehedsvägen 4B, 302 44 Halmstad;Y;56.675943;12.888513;1;football
1;2026-10-17;14:30;129353;P17 Allsvenskan B-slutspel Södra;2;3;6887149;5;/go-to/?fmid=6887149;Halmstads BK;https://staticcdn.svenskfotboll.se/img/teamssm/9517.png;8;IFK Göteborg;https://staticcdn.svenskfotboll.se/img/teamssm/11012.png;7;0-0;Halmstad Arena P6;Halmstad Arena;Kristinehedsvägen 4B, 302 44 Halmstad;Y;56.675943;12.888513;1;football
1;2026-10-17;14:30;139874;Kval till div 2 herrar, omg. 1;2;4;6921954;5;/go-to/?fmid=6921954;IS Halmia;https://staticcdn.svenskfotboll.se/img/teamssm/9519.png;8;Assyriska BK;https://staticcdn.svenskfotboll.se/img/teamssm/9608.png;7;0-0;Skedalaheds IP 3;Skedalaheds IP;Skedalahed 114, 305 93 Halmstad;Y;56.686715;12.945246;1;football
21;2026-10-17;15:00;140194;Herrar, Kval till Div 4 - Grupp 2;2;4;6921997;5;/go-to/?fmid=6921997;Emtunga/Tråvad/Larv;https://staticcdn.svenskfotboll.se/img/teamssm/8698.png;21;Hyssna/Kinnahult;https://staticcdn.svenskfotboll.se/img/teamssm/11089.png;21;0-0;Bendersvallen Konstgräs;Bendersvallen;Gradgatan 3, 534 50 Vara;Y;58.264542;12.975519;Västergötland;football
7;2026-10-17;15:00;133613;Pojkar 2013(13 år) Höst Medel Grupp B;2;3;6828730;5;/go-to/?fmid=6828730;GoldCoast FC Svart;https://staticcdn.svenskfotboll.se/img/teamssm/13374.png;7;Solängens BK Vit;https://staticcdn.svenskfotboll.se/img/teamssm/9548.png;7;0-0;Bergsjövallen 21 Konstgräs;Bergsjövallen;Sjustjärnan 20, 415 51 Göteborg;Y;57.750377;12.057010;Göteborg;football
7;2026-10-17;15:00;138261;Pojkar 2013(13 år) Höst Medel Grupp F;2;3;6828967;5;/go-to/?fmid=6828967;Serbiska KIF Semberija Göteborg;https://staticcdn.svenskfotboll.se/img/teamssm/7595.png;7;Finlandia Pallo AIF Vit;https://staticcdn.svenskfotboll.se/img/teamssm/7939.png;7;0-0;Bergsjövallen 22 Konstgräs;Bergsjövallen;Sjustjärnan 20, 415 51 Göteborg;Y;57.750377;12.057010;Göteborg;football
7;2026-10-17;15:00;133591;Pojkar 2012(14 år) Lätt Grupp D;2;3;6620931;5;/go-to/?fmid=6620931;Södra Skärgårdens IK(SSIK)/Donsö I.S/Styrsö BK/Vrångö IF;https://staticcdn.svenskfotboll.se/img/teamssm/9631.png;7;BK Häcken Gul;https://staticcdn.svenskfotboll.se/img/teamssm/11080.png;7;0-0;Donsövallen;Donsövallen;Donsövallen, Lurkenvägen 2, 430 82 Donsö;Y;57.605163;11.805907;Göteborg;football
1;2026-10-17;15:00;131965;Div 1 Mellersta, dam 2026;3;4;6545667;5;/go-to/?fmid=6545667;FC Trollhättan;https://staticcdn.svenskfotboll.se/img/teamssm/6983.png;21;IK Viljan Strängnäs;https://staticcdn.svenskfotboll.se/img/teamssm/9917.png;17;0-0;Edsborgs IP A-plan;Edsborgs IP;Edsborgs idrottsplats, Solrosvägen, Stavre, Trollhättan, Trollhättans kommun, Västra Götalands län, 461 43, Sverige;Y;58.290180;12.312179;1;football
1;2026-10-17;15:00;133340;Superettan 2026;2;4;6536166;5;/go-to/?fmid=6536166;Falkenbergs FF;https://staticcdn.svenskfotboll.se/img/teamssm/9525.png;8;Landskrona BoIS;https://staticcdn.svenskfotboll.se/img/teamssm/9287.png;14;0-0;Falcon Alkoholfri Arena;Falcon Alkoholfri Arena;Falcon alkoholfri Arena, 1, Kristineslättsallén, Kristineslätt, Skrea Strand, Falkenberg, Falkenbergs kommun, Hallands län, 311 46, Sverige;Y;56.893512;12.511116;1;football
21;2026-10-17;15:00;140193;Herrar, Kval till Div 4 - Grupp 1;2;4;6921989;5;/go-to/?fmid=6921989;IFK Trollhättan;https://staticcdn.svenskfotboll.se/img/teamssm/8696.png;21;BK Spark;https://staticcdn.svenskfotboll.se/img/teamssm/8649.png;21;0-0;Kamratgårdens IP A-plan;Kamratgårdens IP;Torparegatan 52, 461 62 Trollhättan;Y;58.264365;12.312669;Västergötland;football
8;2026-10-17;15:00;136159;P16-17år;2;3;6596861;5;/go-to/?fmid=6596861;Derome-Åskloster FF;https://staticcdn.svenskfotboll.se/img/teamssm/13260.png;8;Frillesås FF;https://staticcdn.svenskfotboll.se/img/teamssm/9524.png;8;0-0;Klostervallen A;Klostervallen;Klostervallen, Klostervägen, Gudhem, Gudhems distrikt, Falköpings kommun, Västra Götalands län, 521 74, Sverige;Y;58.231995;13.564086;Halland;football
1;2026-10-17;15:00;133439;Elitettan 2026;3;4;6536479;5;/go-to/?fmid=6536479;Alingsås IF FF;https://staticcdn.svenskfotboll.se/img/teamssm/12595.png;21;BK Häcken;https://staticcdn.svenskfotboll.se/img/teamssm/11080.png;7;0-0;Mjörnvallen, A-plan;Mjörnvallen;Mjörnvallen, Mjörnstrandsvägen, Stadsskogen, Alingsås distrikt, Alingsås, Alingsås kommun, Västra Götalands län, 441 44, Sverige;Y;57.930328;12.504176;1;football
7;2026-10-17;15:00;133763;Flickor 2012-2013 Liten 9M9 Lätt Gr. A Höst;3;3;6828280;5;/go-to/?fmid=6828280;Älvängens IK F13;https://staticcdn.svenskfotboll.se/img/teamssm/9783.png;7;IK Kongahälla F12/13;https://staticcdn.svenskfotboll.se/img/teamssm/9590.png;7;0-0;Älvevi 21 Konstgräs;Älvevi;Hövägen 23, 446 32 Älvängen;Y;57.954092;12.123567;Göteborg;football
1;2026-10-17;15:00;139914;P16 Allsvenskan B-slutspel Mellersta 2026;2;3;6911922;5;/go-to/?fmid=6911922;Örgryte IS Fotboll;https://staticcdn.svenskfotboll.se/img/teamssm/12910.png;7;Boo FF;https://staticcdn.svenskfotboll.se/img/teamssm/9030.png;16;0-0;Hammarviken Arena;ÖIS-gården;Korndalsvägen 3, 412 76 Göteborg;Y;57.675233;12.028495;1;football
8;2026-10-17;15:15;137649;P14år Vit;2;3;6781244;5;/go-to/?fmid=6781244;Onsala BK Blå;https://staticcdn.svenskfotboll.se/img/teamssm/10495.png;8;Laholms FK vit;https://staticcdn.svenskfotboll.se/img/teamssm/9504.png;8;0-0;Kaparevallen;Kaparevallen;Håkullavägen 43, 439 91 Onsala;Y;57.414147;12.014084;Halland;football
7;2026-10-17;15:30;133613;Pojkar 2013(13 år) Höst Medel Grupp B;2;3;6828729;5;/go-to/?fmid=6828729;Mölnlycke IF Röd;https://staticcdn.svenskfotboll.se/img/teamssm/10594.png;7;Proletären FF 1;https://staticcdn.svenskfotboll.se/img/teamssm/10466.png;7;0-0;Djupedalsplan A Konstgräs vänster;Djupedals IP;Djupedals Ip, Rullstensvägen 1, 435 41 Mölnlycke;Y;57.652820;12.126316;Göteborg;football
7;2026-10-17;15:30;133615;Pojkar 2013(13 år) Höst Lätt Grupp B;2;3;6828501;5;/go-to/?fmid=6828501;Gunnilse IS Röd;https://staticcdn.svenskfotboll.se/img/teamssm/11237.png;7;Hisingsbacka FC Svart;https://staticcdn.svenskfotboll.se/img/teamssm/11138.png;7;0-0;Hjällbovallen 22 konstgräs;Hjällbovallen;Knattens väg 12, 424 32 Angered;Y;57.777950;12.017062;Göteborg;football
7;2026-10-17;15:30;133584;Pojkar 2012(14 år) Medel Grupp D;2;3;6621616;5;/go-to/?fmid=6621616;Hovås Billdal IF Grön;https://staticcdn.svenskfotboll.se/img/teamssm/11109.png;7;Partille IF FK P2012 Röd;https://staticcdn.svenskfotboll.se/img/teamssm/12478.png;7;0-0;Hovås Billdal Arena 1;Hovås Billdal Arena;Kruniusvägen, 427 36 Billdal;Y;57.589555;11.946909;Göteborg;football
7;2026-10-17;15:30;133783;Flickor 2014(12 år) Grupp F Höst;3;2;6836264;5;/go-to/?fmid=6836264;Öjersjö IF Vit;https://staticcdn.svenskfotboll.se/img/teamssm/7552.png;7;Qviding FIF 1;https://staticcdn.svenskfotboll.se/img/teamssm/8089.png;7;-1--1;Storegård;Storegård;Ekeblads väg, 433 51 Öjersjö;Y;57.702225;12.142051;Göteborg;football
7;2026-10-17;15:30;137231;Träningsmatcher Seniorer Göteborg Dam;3;4;6926098;5;/go-to/?fmid=6926098;Torslanda IK (D3D);https://staticcdn.svenskfotboll.se/img/teamssm/10068.png;7;Hovås Billdal IF;https://staticcdn.svenskfotboll.se/img/teamssm/11109.png;7;0-0;Torslandavallen 2 Konstgräs;Torslandavallen;Torslanda Idrottsväg 17, 423 32 Torslanda;Y;57.718280;11.757490;Göteborg;football
8;2026-10-17;15:30;137618;F14år Röd;3;3;6778838;5;/go-to/?fmid=6778838;Åsa IF svart;https://staticcdn.svenskfotboll.se/img/teamssm/9807.png;8;Kungsbacka IF;https://staticcdn.svenskfotboll.se/img/teamssm/9505.png;8;0-0;Åsa C;Åsa Centrum;Bollvägen 107-113, 439 54 Åsa;Y;57.353889;12.115352;Halland;football
7;2026-10-17;16:00;133617;Pojkar 2013(13 år) Höst Lätt Grupp D;2;3;6828595;5;/go-to/?fmid=6828595;Bergums IF;https://staticcdn.svenskfotboll.se/img/teamssm/11584.png;7;Surte IS FK 2;https://staticcdn.svenskfotboll.se/img/teamssm/12036.png;7;0-0;Bergumsvallen 22;Bergumsvallen;Grönkullavägen 21, 424 70 Olofstorp;Y;57.801061;12.166928;Göteborg;football
21;2026-10-17;16:00;140287;Damer Träningsmatcher Futsal;3;4;6925437;5;/go-to/?fmid=6925437;Södra Härene IF U;https://staticcdn.svenskfotboll.se/img/teamssm/10122.png;21;Skoftebyns IF U;https://staticcdn.svenskfotboll.se/img/teamssm/8653.png;21;0-0;Lenahallen;Björkvallen;Parkgatan 26, 447 31 Vårgårda;N;58.035259;12.822093;Västergötland;football
21;2026-10-17;16:00;140287;Damer Träningsmatcher Futsal;3;4;6925440;5;/go-to/?fmid=6925440;Södra Härene IF;https://staticcdn.svenskfotboll.se/img/teamssm/10122.png;21;Skoftebyns IF;https://staticcdn.svenskfotboll.se/img/teamssm/8653.png;21;0-0;Lenahallen;Björkvallen;Parkgatan 26, 447 31 Vårgårda;N;58.035259;12.822093;Västergötland;football
1;2026-10-17;16:00;129327;P19 Superettan Södra 2026;2;3;6561509;5;/go-to/?fmid=6561509;IF Elfsborg;https://staticcdn.svenskfotboll.se/img/teamssm/11429.png;21;Degerfors IF;https://staticcdn.svenskfotboll.se/img/teamssm/11463.png;19;0-0;Borås Arena;Borås Arena;Borås Arena, Ålgårdsvägen 16, 506 30 Borås;Y;57.734400;12.934766;1;football
7;2026-10-17;16:00;133575;Pojkar 2011(15 år) Medel Grupp A;2;3;6607792;5;/go-to/?fmid=6607792;Azalea BK Svart;https://staticcdn.svenskfotboll.se/img/teamssm/7817.png;7;Öckerö IF P-11;https://staticcdn.svenskfotboll.se/img/teamssm/9774.png;7;0-0;Gröna Vallen 1;Gröna Vallen;Gröna Vallen, Svanebäcksgatan 16, 414 71 Göteborg;Y;57.687961;11.917564;Göteborg;football
7;2026-10-17;16:00;133757;Flickor 2012-2013 Stor 9M9 Medel Gr. A Höst;3;3;6827995;5;/go-to/?fmid=6827995;Hjuviks AIK Blå F13;https://staticcdn.svenskfotboll.se/img/teamssm/8330.png;7;Näsets SK Gul;https://staticcdn.svenskfotboll.se/img/teamssm/10510.png;7;0-0;21:47 Arena 1;Hästevik;Torslanda Hästeviks väg, 423 41 Torslanda;Y;57.718779;11.721591;Göteborg;football
7;2026-10-17;16:00;133570;Pojkar 2009-2010(16-17 år) Svår Grupp A;2;3;6601969;5;/go-to/?fmid=6601969;Kungsbacka IF P09;https://staticcdn.svenskfotboll.se/img/teamssm/9505.png;8;Kärra KIF Blå;https://staticcdn.svenskfotboll.se/img/teamssm/10780.png;7;0-0;Kungsbacka sportcenter 10;Kungsbacka sportcenter;Kungsbacka Sportcenter, Södra Infarten 11, 434 50 Kungsbacka;Y;57.479212;12.076907;Göteborg;football
7;2026-10-17;16:00;133607;Pojkar 2013(13 år) Höst Svår Grupp B;2;3;6829030;5;/go-to/?fmid=6829030;BK Häcken Svart;https://staticcdn.svenskfotboll.se/img/teamssm/11080.png;7;Näsets SK Röd;https://staticcdn.svenskfotboll.se/img/teamssm/10510.png;7;0-0;Slättadamm 21 konstgräs;Slättadamm;Slättadammsgatan 6, 417 25 Göteborg;Y;57.730565;11.927705;Göteborg;football
1;2026-10-17;16:00;133339;Ettan Södra, herr 2026;2;4;6538153;5;/go-to/?fmid=6538153;Skövde AIK;https://staticcdn.svenskfotboll.se/img/teamssm/10281.png;21;Eskilsminne IF;https://staticcdn.svenskfotboll.se/img/teamssm/9350.png;14;0-0;Södermalms IP A;Södermalms IP;Södermalms idrottsplats, Skaraborgsgatan, Södermalm, Skövde, Skövde kommun, Västra Götalands län, 541 52, Sverige;Y;58.378431;13.840427;1;football
7;2026-10-17;16:15;133156;Division 7B Herr;2;4;6534332;5;/go-to/?fmid=6534332;Kairaba IF;https://staticcdn.svenskfotboll.se/img/teamssm/14795.png;7;Chalmers Studentkårs IS;https://staticcdn.svenskfotboll.se/img/teamssm/12988.png;7;0-0;Heden 3 Konstgräs;Heden;Heden, 411 38 Göteborg;Y;57.702854;11.978368;Göteborg;football
7;2026-10-17;16:15;133527;Junior Pojkar Div 2A;2;3;6538386;5;/go-to/?fmid=6538386;Qviding FIF;https://staticcdn.svenskfotboll.se/img/teamssm/8089.png;7;Åsa IF;https://staticcdn.svenskfotboll.se/img/teamssm/9807.png;8;0-0;Härlanda Park 1 Konstgräs;Härlanda Park;Härlanda Park 6B, 416 52 Göteborg;Y;57.716492;12.017055;Göteborg;football
8;2026-10-17;16:30;140286;Herrar, Träningsmatcher Futsal;2;4;6925408;5;/go-to/?fmid=6925408;Hässleholmen BK;https://staticcdn.svenskfotboll.se/img/teamssm/13472.png;21;Futsal Club Kungsbacka;https://staticcdn.svenskfotboll.se/img/teamssm/14729.png;8;0-0;Myråshallen;Bodavallen;Sjumilagatan 10, 507 42 Borås;N;57.729911;12.992380;Halland;football
1;2026-10-17;16:30;138419;P16 Div.1 2026 A-slutspel Norra Götaland;2;3;6911874;5;/go-to/?fmid=6911874;Ytterby IS;https://staticcdn.svenskfotboll.se/img/teamssm/9832.png;7;Norrby IF;https://staticcdn.svenskfotboll.se/img/teamssm/10554.png;21;0-0;Ytterns IP 1 Konstgräs;Ytterns IP;Ytterby, 442 40 Kungälv;Y;57.869280;11.935196;1;football
1;2026-10-17;17:00;133302;F17 Allsvenskan Södra 2026;3;3;6577327;5;/go-to/?fmid=6577327;BK Häcken FF;https://staticcdn.svenskfotboll.se/img/teamssm/9584.png;7;Enskede IK;https://staticcdn.svenskfotboll.se/img/teamssm/11417.png;16;0-0;Gothia Park 4;Gothia Park;Entreprenadvägen 6, 417 05 Göteborg;Y;57.740380;11.947473;1;football
7;2026-10-17;17:00;135972;Flickor 2010-2011 9M9;3;3;6598618;5;/go-to/?fmid=6598618;Gårdsten FC 1;https://staticcdn.svenskfotboll.se/img/teamssm/13638.png;7;Gunnilse IS F2010-2011;https://staticcdn.svenskfotboll.se/img/teamssm/11237.png;7;0-0;Gunnaredsplan 1 Konstgräs;Gunnaredsplan;Gunnaredsvallen 4, 413 22 Göteborg;Y;57.800277;12.065439;Göteborg;football
7;2026-10-17;17:30;133587;Pojkar 2012(14 år) Medel Grupp B;2;3;6621353;5;/go-to/?fmid=6621353;Qviding FIF 1;https://staticcdn.svenskfotboll.se/img/teamssm/8089.png;7;Masthuggets BK Blå;https://staticcdn.svenskfotboll.se/img/teamssm/10643.png;7;0-0;Heden 4 Konstgräs;Heden;Heden, 411 38 Göteborg;Y;57.702854;11.978368;Göteborg;football
7;2026-10-17;18:00;133758;Flickor 2012-2013 Stor 9M9 Medel Gr. B Höst;3;3;6827908;5;/go-to/?fmid=6827908;BK Häcken Svart;https://staticcdn.svenskfotboll.se/img/teamssm/11080.png;7;IK Zenith Grön;https://staticcdn.svenskfotboll.se/img/teamssm/9829.png;7;0-0;Slättadamm 2 konstgräs;Slättadamm;Slättadammsgatan 6, 417 25 Göteborg;Y;57.730565;11.927705;Göteborg;football
